#-----------------------------------------------------------
# Vivado v2017.4 (64-bit)
# SW Build 2086221 on Fri Dec 15 20:55:39 MST 2017
# IP Build 2085800 on Fri Dec 15 22:25:07 MST 2017
# Start of session at: Sat Jan  3 20:31:08 2026
# Process ID: 3296
# Current directory: D:/Vivado/code/SME309-RISCV-tmpl/vivado
# Command line: vivado.exe -gui_launcher_event rodinguilauncherevent19964 D:\Vivado\code\SME309-RISCV-tmpl\vivado\vivado_proj.xpr
# Log file: D:/Vivado/code/SME309-RISCV-tmpl/vivado/vivado.log
# Journal file: D:/Vivado/code/SME309-RISCV-tmpl/vivado\vivado.jou
#-----------------------------------------------------------
start_gui
open_project D:/Vivado/code/SME309-RISCV-tmpl/vivado/vivado_proj.xpr
Scanning sources...
Finished scanning sources
IINFO: [IP_Flow 19-234] Refreshing IP repositories
INFO: [IP_Flow 19-1704] No user IP repositories specifiedINFO: [IP_Flow 19-2313] Loaded Vivado IP repository 'D:/Vivado/Vivado/2017.4/data/ip'.
open_project: Time (s): cpu = 00:00:10 ; elapsed = 00:00:07 . Memory (MB): peak = 784.586 ; gain = 41.844
updateINFO: [Common 17-206] Exiting Vivalaunch_simulation
INFO: [Vivado 12-5698] Checking validity of IPs in the design for the 'XSim' simulator...
INFO: [Vivado 12-5682] Launching behavioral simulation in 'D:/Vivado/code/SME309-RISCV-tmpl/vivado/vivado_proj.sim/sim_1/behav/xsim'
INFO: [Vivado 12-4795] Using compiled simulation libraries for IPs
INFO: [SIM-utils-51] Simulation object is 'sim_1'
INFO: [USF-XSim-7] Finding pre-compiled libraries...
INFO: [USF-XSim-11] File 'D:/Vivado/Vivado/2017.4/data/xsim/ip/xsim_ip.ini' copied to run dir:'D:/Vivado/code/SME309-RISCV-tmpl/vivado/vivado_proj.sim/sim_1/behav/xsim'
INFO: [SIM-utils-54] Inspecting design source files for 'tb_Top' in fileset 'sim_1'...
INFO: [SIM-utils-43] Exported 'D:/Vivado/code/SME309-RISCV-tmpl/vivado/vivado_proj.sim/sim_1/behav/xsim/DRAM.mif'
INFO: [SIM-utils-43] Exported 'D:/Vivado/code/SME309-RISCV-tmpl/vivado/vivado_proj.sim/sim_1/behav/xsim/all_test_case.coe'
INFO: [SIM-utils-43] Exported 'D:/Vivado/code/SME309-RISCV-tmpl/vivado/vivado_proj.sim/sim_1/behav/xsim/IROM.mif'
INFO: [SIM-utils-43] Exported 'D:/Vivado/code/SME309-RISCV-tmpl/vivado/vivado_proj.sim/sim_1/behav/xsim/all_test.coe'
INFO: [SIM-utils-43] Exported 'D:/Vivado/code/SME309-RISCV-tmpl/vivado/vivado_proj.sim/sim_1/behav/xsim/add_loop.coe'
INFO: [USF-XSim-97] Finding global include files...
INFO: [USF-XSim-98] Fetching design files from 'sim_1'...
INFO: [USF-XSim-2] XSim::Compile design
INFO: [USF-XSim-61] Executing 'COMPILE and ANALYZE' step in 'D:/Vivado/code/SME309-RISCV-tmpl/vivado/vivado_proj.sim/sim_1/behav/xsim'
"xvlog --incr --relax -prj tb_Top_vlog.prj"
INFO: [USF-XSim-69] 'compile' step finished in '2' seconds
INFO: [USF-XSim-3] XSim::Elaborate design
INFO: [USF-XSim-61] Executing 'ELABORATE' step in 'D:/Vivado/code/SME309-RISCV-tmpl/vivado/vivado_proj.sim/sim_1/behav/xsim'
Vivado Simulator 2017.4
Copyright 1986-1999, 2001-2016 Xilinx, Inc. All Rights Reserved.
Running: D:/Vivado/Vivado/2017.4/bin/unwrapped/win64.o/xelab.exe -wto 3e6eff3e2d4a4c50a15ac3f36e4eed88 --incr --debug typical --relax --mt 2 -L blk_mem_gen_v8_4_1 -L xil_defaultlib -L dist_mem_gen_v8_0_12 -L unisims_ver -L unimacro_ver -L secureip -L xpm --snapshot tb_Top_behav xil_defaultlib.tb_Top xil_defaultlib.glbl -log elaborate.log 
Using 2 slave threads.
Starting static elaboration
WARNING: [VRFC 10-278] actual bit length 32 differs from formal bit length 10 for port a [D:/Vivado/code/SME309-RISCV-tmpl/rtl/benchmark.v:47]
WARNING: [VRFC 10-1783] select index 62 into current_contents is out of bounds [/wrk/2017.4/nightly/2017_12_15_2086221/packages/customer/vivado/data/ip/xilinx/blk_mem_gen_v8_4/simulation/blk_mem_gen_v8_4.v:2420]
Completed static elaboration
INFO: [XSIM 43-4323] No Change in HDL. Linking previously generated obj files to create kernel
INFO: [USF-XSim-69] 'elaborate' step finished in '3' seconds
INFO: [USF-XSim-4] XSim::Simulate design
INFO: [USF-XSim-61] Executing 'SIMULATE' step in 'D:/Vivado/code/SME309-RISCV-tmpl/vivado/vivado_proj.sim/sim_1/behav/xsim'
INFO: [USF-XSim-98] *** Running xsim
   with args "tb_Top_behav -key {Behavioral:sim_1:Functional:tb_Top} -tclbatch {tb_Top.tcl} -log {simulate.log}"
INFO: [USF-XSim-8] Loading simulator feature
Vivado Simulator 2017.4
Time resolution is 1 ps
source tb_Top.tcl
# set curr_wave [current_wave_config]
# if { [string length $curr_wave] == 0 } {
#   if { [llength [get_objects]] > 0} {
#     add_wave /
#     set_property needs_save false [current_wave_config]
#   } else {
#      send_msg_id Add_Wave-1 WARNING "No top level signals found. Simulator will start without a wave window. If you want to open a wave window go to 'File->New Waveform Configuration' or type 'create_wave_config' in the TCL console."
#   }
# }
# run 1000ns
WARNING: This core is supplied with a behavioral model. To model cycle-accurate behavior you must run timing simulation.
 Block Memory Generator module loading initial data...
 Block Memory Generator data initialization complete.
Block Memory Generator module tb_Top.dut.u_benchmark.dram_driver_inst.Mem_DRAM.inst.native_mem_module.blk_mem_gen_v8_4_1_inst is using a behavioral model for simulation which will not precisely model memory collision behavior.
save to testbench.wave
Warning : input CLKIN1 period and attribute CLKIN1_PERIOD on PLLE2_ADV instance tb_Top.dut.pll_inst.inst.plle2_adv_inst are not same.
INFO: [USF-XSim-96] XSim completed. Design snapshot 'tb_Top_behav' loaded.
INFO: [USF-XSim-97] XSim simulation ran for 1000ns
launch_simulation: Time (s): cpu = 00:00:07 ; elapsed = 00:00:10 . Memory (MB): peak = 839.832 ; gain = 21.324
relaunch_sim
INFO: [Vivado 12-5698] Checking validity of IPs in the design for the 'XSim' simulator...
INFO: [Vivado 12-5682] Launching behavioral simulation in 'D:/Vivado/code/SME309-RISCV-tmpl/vivado/vivado_proj.sim/sim_1/behav/xsim'
INFO: [Vivado 12-4795] Using compiled simulation libraries for IPs
INFO: [SIM-utils-51] Simulation object is 'sim_1'
INFO: [USF-XSim-7] Finding pre-compiled libraries...
INFO: [USF-XSim-11] File 'D:/Vivado/Vivado/2017.4/data/xsim/ip/xsim_ip.ini' copied to run dir:'D:/Vivado/code/SME309-RISCV-tmpl/vivado/vivado_proj.sim/sim_1/behav/xsim'
INFO: [SIM-utils-54] Inspecting design source files for 'tb_Top' in fileset 'sim_1'...
INFO: [SIM-utils-43] Exported 'D:/Vivado/code/SME309-RISCV-tmpl/vivado/vivado_proj.sim/sim_1/behav/xsim/DRAM.mif'
INFO: [SIM-utils-43] Exported 'D:/Vivado/code/SME309-RISCV-tmpl/vivado/vivado_proj.sim/sim_1/behav/xsim/all_test_case.coe'
INFO: [SIM-utils-43] Exported 'D:/Vivado/code/SME309-RISCV-tmpl/vivado/vivado_proj.sim/sim_1/behav/xsim/IROM.mif'
INFO: [SIM-utils-43] Exported 'D:/Vivado/code/SME309-RISCV-tmpl/vivado/vivado_proj.sim/sim_1/behav/xsim/all_test.coe'
INFO: [SIM-utils-43] Exported 'D:/Vivado/code/SME309-RISCV-tmpl/vivado/vivado_proj.sim/sim_1/behav/xsim/add_loop.coe'
INFO: [USF-XSim-97] Finding global include files...
INFO: [USF-XSim-98] Fetching design files from 'sim_1'...
INFO: [USF-XSim-2] XSim::Compile design
INFO: [USF-XSim-61] Executing 'COMPILE and ANALYZE' step in 'D:/Vivado/code/SME309-RISCV-tmpl/vivado/vivado_proj.sim/sim_1/behav/xsim'
"xvlog --incr --relax -prj tb_Top_vlog.prj"
INFO: [USF-XSim-69] 'compile' step finished in '1' seconds
INFO: [Vivado 12-5698] Checking validity of IPs in the design for the 'XSim' simulator...
INFO: [Vivado 12-5682] Launching behavioral simulation in 'D:/Vivado/code/SME309-RISCV-tmpl/vivado/vivado_proj.sim/sim_1/behav/xsim'
INFO: [Vivado 12-4795] Using compiled simulation libraries for IPs
INFO: [USF-XSim-3] XSim::Elaborate design
INFO: [USF-XSim-61] Executing 'ELABORATE' step in 'D:/Vivado/code/SME309-RISCV-tmpl/vivado/vivado_proj.sim/sim_1/behav/xsim'
Vivado Simulator 2017.4
Copyright 1986-1999, 2001-2016 Xilinx, Inc. All Rights Reserved.
Running: D:/Vivado/Vivado/2017.4/bin/unwrapped/win64.o/xelab.exe -wto 3e6eff3e2d4a4c50a15ac3f36e4eed88 --incr --debug typical --relax --mt 2 -L blk_mem_gen_v8_4_1 -L xil_defaultlib -L dist_mem_gen_v8_0_12 -L unisims_ver -L unimacro_ver -L secureip -L xpm --snapshot tb_Top_behav xil_defaultlib.tb_Top xil_defaultlib.glbl -log elaborate.log 
Using 2 slave threads.
Starting static elaboration
WARNING: [VRFC 10-278] actual bit length 32 differs from formal bit length 10 for port a [D:/Vivado/code/SME309-RISCV-tmpl/rtl/benchmark.v:47]
WARNING: [VRFC 10-1783] select index 62 into current_contents is out of bounds [/wrk/2017.4/nightly/2017_12_15_2086221/packages/customer/vivado/data/ip/xilinx/blk_mem_gen_v8_4/simulation/blk_mem_gen_v8_4.v:2420]
Completed static elaboration
INFO: [XSIM 43-4323] No Change in HDL. Linking previously generated obj files to create kernel
INFO: [USF-XSim-69] 'elaborate' step finished in '1' seconds
Vivado Simulator 2017.4
Time resolution is 1 ps
WARNING: This core is supplied with a behavioral model. To model cycle-accurate behavior you must run timing simulation.
 Block Memory Generator module loading initial data...
 Block Memory Generator data initialization complete.
Block Memory Generator module tb_Top.dut.u_benchmark.dram_driver_inst.Mem_DRAM.inst.native_mem_module.blk_mem_gen_v8_4_1_inst is using a behavioral model for simulation which will not precisely model memory collision behavior.
save to testbench.wave
Warning : input CLKIN1 period and attribute CLKIN1_PERIOD on PLLE2_ADV instance tb_Top.dut.pll_inst.inst.plle2_adv_inst are not same.
relaunch_sim: Time (s): cpu = 00:00:02 ; elapsed = 00:00:09 . Memory (MB): peak = 846.488 ; gain = 4.684
run 100 ms
$finish called at time : 100010 ns : File "D:/Vivado/code/SME309-RISCV-tmpl/sim/tb_top.v" Line 32
run: Time (s): cpu = 00:00:04 ; elapsed = 00:00:13 . Memory (MB): peak = 847.691 ; gain = 1.082
run 100 ms
$finish called at time : 100511 ns : File "D:/Vivado/code/SME309-RISCV-tmpl/sim/tb_top.v" Line 51
run all
run: Time (s): cpu = 00:04:51 ; elapsed = 00:25:21 . Memory (MB): peak = 868.652 ; gain = 5.090
relaunch_sim
INFO: [Vivado 12-5698] Checking validity of IPs in the design for the 'XSim' simulator...
INFO: [Vivado 12-5682] Launching behavioral simulation in 'D:/Vivado/code/SME309-RISCV-tmpl/vivado/vivado_proj.sim/sim_1/behav/xsim'
INFO: [Vivado 12-4795] Using compiled simulation libraries for IPs
INFO: [SIM-utils-51] Simulation object is 'sim_1'
INFO: [USF-XSim-7] Finding pre-compiled libraries...
INFO: [USF-XSim-11] File 'D:/Vivado/Vivado/2017.4/data/xsim/ip/xsim_ip.ini' copied to run dir:'D:/Vivado/code/SME309-RISCV-tmpl/vivado/vivado_proj.sim/sim_1/behav/xsim'
INFO: [SIM-utils-54] Inspecting design source files for 'tb_Top' in fileset 'sim_1'...
INFO: [SIM-utils-43] Exported 'D:/Vivado/code/SME309-RISCV-tmpl/vivado/vivado_proj.sim/sim_1/behav/xsim/DRAM.mif'
INFO: [SIM-utils-43] Exported 'D:/Vivado/code/SME309-RISCV-tmpl/vivado/vivado_proj.sim/sim_1/behav/xsim/all_test_case.coe'
INFO: [SIM-utils-43] Exported 'D:/Vivado/code/SME309-RISCV-tmpl/vivado/vivado_proj.sim/sim_1/behav/xsim/IROM.mif'
INFO: [SIM-utils-43] Exported 'D:/Vivado/code/SME309-RISCV-tmpl/vivado/vivado_proj.sim/sim_1/behav/xsim/all_test.coe'
INFO: [SIM-utils-43] Exported 'D:/Vivado/code/SME309-RISCV-tmpl/vivado/vivado_proj.sim/sim_1/behav/xsim/add_loop.coe'
INFO: [USF-XSim-97] Finding global include files...
INFO: [USF-XSim-98] Fetching design files from 'sim_1'...
INFO: [USF-XSim-2] XSim::Compile design
INFO: [USF-XSim-61] Executing 'COMPILE and ANALYZE' step in 'D:/Vivado/code/SME309-RISCV-tmpl/vivado/vivado_proj.sim/sim_1/behav/xsim'
"xvlog --incr --relax -prj tb_Top_vlog.prj"
INFO: [VRFC 10-2263] Analyzing Verilog file "D:/Vivado/code/SME309-RISCV-tmpl/vivado/vivado_proj.srcs/sources_1/ip/DRAM/sim/DRAM.v" into library xil_defaultlib
INFO: [VRFC 10-311] analyzing module DRAM
INFO: [VRFC 10-2263] Analyzing Verilog file "D:/Vivado/code/SME309-RISCV-tmpl/vivado/vivado_proj.srcs/sources_1/ip/IROM/sim/IROM.v" into library xil_defaultlib
INFO: [VRFC 10-311] analyzing module IROM
INFO: [VRFC 10-2263] Analyzing Verilog file "D:/Vivado/code/SME309-RISCV-tmpl/vivado/vivado_proj.srcs/sources_1/ip/pll/pll_clk_wiz.v" into library xil_defaultlib
INFO: [VRFC 10-311] analyzing module pll_clk_wiz
INFO: [VRFC 10-2263] Analyzing Verilog file "D:/Vivado/code/SME309-RISCV-tmpl/vivado/vivado_proj.srcs/sources_1/ip/pll/pll.v" into library xil_defaultlib
INFO: [VRFC 10-311] analyzing module pll
INFO: [VRFC 10-2263] Analyzing Verilog file "D:/Vivado/code/SME309-RISCV-tmpl/vivado/vivado_proj.srcs/sources_1/new/Alu.v" into library xil_defaultlib
INFO: [VRFC 10-311] analyzing module Alu
INFO: [VRFC 10-2263] Analyzing Verilog file "D:/Vivado/code/SME309-RISCV-tmpl/rtl/cpu/CPU_TOP.v" into library xil_defaultlib
INFO: [VRFC 10-311] analyzing module CPU
INFO: [VRFC 10-2263] Analyzing Verilog file "D:/Vivado/code/SME309-RISCV-tmpl/vivado/vivado_proj.srcs/sources_1/new/Control.v" into library xil_defaultlib
INFO: [VRFC 10-311] analyzing module Control
WARNING: [VRFC 10-2502] extra semicolon in $unit (global) scope [D:/Vivado/code/SME309-RISCV-tmpl/vivado/vivado_proj.srcs/sources_1/new/Control.v:279]
INFO: [VRFC 10-2263] Analyzing Verilog file "D:/Vivado/code/SME309-RISCV-tmpl/vivado/vivado_proj.srcs/sources_1/new/Decoder.v" into library xil_defaultlib
INFO: [VRFC 10-311] analyzing module Decoder
WARNING: [VRFC 10-2502] extra semicolon in $unit (global) scope [D:/Vivado/code/SME309-RISCV-tmpl/vivado/vivado_proj.srcs/sources_1/new/Decoder.v:19]
INFO: [VRFC 10-2263] Analyzing Verilog file "D:/Vivado/code/SME309-RISCV-tmpl/vivado/vivado_proj.srcs/sources_1/new/Extend.v" into library xil_defaultlib
INFO: [VRFC 10-311] analyzing module Extend
WARNING: [VRFC 10-2502] extra semicolon in $unit (global) scope [D:/Vivado/code/SME309-RISCV-tmpl/vivado/vivado_proj.srcs/sources_1/new/Extend.v:37]
INFO: [VRFC 10-2263] Analyzing Verilog file "D:/Vivado/code/SME309-RISCV-tmpl/vivado/vivado_proj.srcs/sources_1/new/Memdata.v" into library xil_defaultlib
INFO: [VRFC 10-311] analyzing module Memdata
INFO: [VRFC 10-2263] Analyzing Verilog file "D:/Vivado/code/SME309-RISCV-tmpl/vivado/vivado_proj.srcs/sources_1/new/ProgramCounter.v" into library xil_defaultlib
INFO: [VRFC 10-311] analyzing module ProgramCounter
INFO: [VRFC 10-2263] Analyzing Verilog file "D:/Vivado/code/SME309-RISCV-tmpl/vivado/vivado_proj.srcs/sources_1/new/RegisterFile.v" into library xil_defaultlib
INFO: [VRFC 10-311] analyzing module RegisterFile
INFO: [VRFC 10-2263] Analyzing Verilog file "D:/Vivado/code/SME309-RISCV-tmpl/rtl/benchmark.v" into library xil_defaultlib
WARNING: [VRFC 10-998] macro MEM_ADDR_START redefined [../../../../../rtl/define.v:6]
WARNING: [VRFC 10-998] macro MEM_ADDR_END redefined [../../../../../rtl/define.v:7]
INFO: [VRFC 10-311] analyzing module benchmark
INFO: [VRFC 10-2263] Analyzing Verilog file "D:/Vivado/code/SME309-RISCV-tmpl/rtl/dram_driver.v" into library xil_defaultlib
INFO: [VRFC 10-311] analyzing module dram_driver
INFO: [VRFC 10-2263] Analyzing Verilog file "D:/Vivado/code/SME309-RISCV-tmpl/rtl/seven_seg.v" into library xil_defaultlib
INFO: [VRFC 10-311] analyzing module seven_seg
INFO: [VRFC 10-2263] Analyzing Verilog file "D:/Vivado/code/SME309-RISCV-tmpl/vivado/top.v" into library xil_defaultlib
INFO: [VRFC 10-311] analyzing module top
INFO: [VRFC 10-2263] Analyzing Verilog file "D:/Vivado/code/SME309-RISCV-tmpl/sim/tb_top.v" into library xil_defaultlib
INFO: [VRFC 10-311] analyzing module tb_Top
INFO: [USF-XSim-69] 'compile' step finished in '1' seconds
INFO: [Vivado 12-5698] Checking validity of IPs in the design for the 'XSim' simulator...
INFO: [Vivado 12-5682] Launching behavioral simulation in 'D:/Vivado/code/SME309-RISCV-tmpl/vivado/vivado_proj.sim/sim_1/behav/xsim'
INFO: [Vivado 12-4795] Using compiled simulation libraries for IPs
INFO: [USF-XSim-3] XSim::Elaborate design
INFO: [USF-XSim-61] Executing 'ELABORATE' step in 'D:/Vivado/code/SME309-RISCV-tmpl/vivado/vivado_proj.sim/sim_1/behav/xsim'
Vivado Simulator 2017.4
Copyright 1986-1999, 2001-2016 Xilinx, Inc. All Rights Reserved.
Running: D:/Vivado/Vivado/2017.4/bin/unwrapped/win64.o/xelab.exe -wto 3e6eff3e2d4a4c50a15ac3f36e4eed88 --incr --debug typical --relax --mt 2 -L blk_mem_gen_v8_4_1 -L xil_defaultlib -L dist_mem_gen_v8_0_12 -L unisims_ver -L unimacro_ver -L secureip -L xpm --snapshot tb_Top_behav xil_defaultlib.tb_Top xil_defaultlib.glbl -log elaborate.log 
Using 2 slave threads.
Starting static elaboration
WARNING: [VRFC 10-278] actual bit length 32 differs from formal bit length 10 for port a [D:/Vivado/code/SME309-RISCV-tmpl/rtl/benchmark.v:47]
WARNING: [VRFC 10-1783] select index 62 into current_contents is out of bounds [/wrk/2017.4/nightly/2017_12_15_2086221/packages/customer/vivado/data/ip/xilinx/blk_mem_gen_v8_4/simulation/blk_mem_gen_v8_4.v:2420]
Completed static elaboration
Starting simulation data flow analysis
Completed simulation data flow analysis
Time Resolution for simulation is 1ps
Compiling module unisims_ver.IBUF
Compiling module unisims_ver.PLLE2_ADV(CLKFBOUT_MULT=17,CLKIN...
Compiling module unisims_ver.BUFG
Compiling module xil_defaultlib.pll_clk_wiz
Compiling module xil_defaultlib.pll
Compiling module xil_defaultlib.Decoder
Compiling module xil_defaultlib.Control
Compiling module xil_defaultlib.Extend
Compiling module xil_defaultlib.RegisterFile
Compiling module xil_defaultlib.Alu
Compiling module xil_defaultlib.ProgramCounter
Compiling module xil_defaultlib.Memdata
Compiling module xil_defaultlib.CPU
Compiling module dist_mem_gen_v8_0_12.dist_mem_gen_v8_0_12(C_FAMILY="a...
Compiling module xil_defaultlib.IROM
Compiling module blk_mem_gen_v8_4_1.blk_mem_gen_v8_4_1_output_stage(...
Compiling module blk_mem_gen_v8_4_1.blk_mem_gen_v8_4_1_output_stage(...
Compiling module blk_mem_gen_v8_4_1.blk_mem_gen_v8_4_1_softecc_outpu...
Compiling module blk_mem_gen_v8_4_1.blk_mem_gen_v8_4_1_mem_module(C_...
Compiling module blk_mem_gen_v8_4_1.blk_mem_gen_v8_4_1(C_FAMILY="art...
Compiling module xil_defaultlib.DRAM
Compiling module xil_defaultlib.dram_driver
Compiling module xil_defaultlib.seven_seg
Compiling module xil_defaultlib.benchmark
Compiling module xil_defaultlib.top
Compiling module xil_defaultlib.tb_Top
Compiling module xil_defaultlib.glbl
Built simulation snapshot tb_Top_behav

****** Webtalk v2017.4 (64-bit)
  **** SW Build 2086221 on Fri Dec 15 20:55:39 MST 2017
  **** IP Build 2085800 on Fri Dec 15 22:25:07 MST 2017
    ** Copyright 1986-2017 Xilinx, Inc. All Rights Reserved.

source D:/Vivado/code/SME309-RISCV-tmpl/vivado/vivado_proj.sim/sim_1/behav/xsim/xsim.dir/tb_Top_behav/webtalk/xsim_webtalk.tcl -notrace
INFO: [Common 17-206] Exiting Webtalk at Sat Jan  3 23:49:44 2026...
run_program: Time (s): cpu = 00:00:00 ; elapsed = 00:00:09 . Memory (MB): peak = 868.652 ; gain = 0.000
INFO: [USF-XSim-69] 'elaborate' step finished in '9' seconds
launch_simulation: Time (s): cpu = 00:00:00 ; elapsed = 00:00:09 . Memory (MB): peak = 868.652 ; gain = 0.000
Vivado Simulator 2017.4
Time resolution is 1 ps
WARNING: This core is supplied with a behavioral model. To model cycle-accurate behavior you must run timing simulation.
 Block Memory Generator module loading initial data...
 Block Memory Generator data initialization complete.
Block Memory Generator module tb_Top.dut.u_benchmark.dram_driver_inst.Mem_DRAM.inst.native_mem_module.blk_mem_gen_v8_4_1_inst is using a behavioral model for simulation which will not precisely model memory collision behavior.
save to testbench.wave
Warning : input CLKIN1 period and attribute CLKIN1_PERIOD on PLLE2_ADV instance tb_Top.dut.pll_inst.inst.plle2_adv_inst are not same.
relaunch_sim: Time (s): cpu = 00:00:01 ; elapsed = 00:00:15 . Memory (MB): peak = 868.652 ; gain = 0.000
run 100 ms
$finish called at time : 100010 ns : File "D:/Vivado/code/SME309-RISCV-tmpl/sim/tb_top.v" Line 32
run: Time (s): cpu = 00:00:03 ; elapsed = 00:00:12 . Memory (MB): peak = 868.652 ; gain = 0.000
run all
$finish called at time : 100511 ns : File "D:/Vivado/code/SME309-RISCV-tmpl/sim/tb_top.v" Line 51
run all
run: Time (s): cpu = 00:00:34 ; elapsed = 00:03:05 . Memory (MB): peak = 870.863 ; gain = 2.211
relaunch_sim
INFO: [Vivado 12-5698] Checking validity of IPs in the design for the 'XSim' simulator...
INFO: [Vivado 12-5682] Launching behavioral simulation in 'D:/Vivado/code/SME309-RISCV-tmpl/vivado/vivado_proj.sim/sim_1/behav/xsim'
INFO: [Vivado 12-4795] Using compiled simulation libraries for IPs
INFO: [SIM-utils-51] Simulation object is 'sim_1'
INFO: [USF-XSim-7] Finding pre-compiled libraries...
INFO: [USF-XSim-11] File 'D:/Vivado/Vivado/2017.4/data/xsim/ip/xsim_ip.ini' copied to run dir:'D:/Vivado/code/SME309-RISCV-tmpl/vivado/vivado_proj.sim/sim_1/behav/xsim'
INFO: [SIM-utils-54] Inspecting design source files for 'tb_Top' in fileset 'sim_1'...
INFO: [SIM-utils-43] Exported 'D:/Vivado/code/SME309-RISCV-tmpl/vivado/vivado_proj.sim/sim_1/behav/xsim/DRAM.mif'
INFO: [SIM-utils-43] Exported 'D:/Vivado/code/SME309-RISCV-tmpl/vivado/vivado_proj.sim/sim_1/behav/xsim/all_test_case.coe'
INFO: [SIM-utils-43] Exported 'D:/Vivado/code/SME309-RISCV-tmpl/vivado/vivado_proj.sim/sim_1/behav/xsim/IROM.mif'
INFO: [SIM-utils-43] Exported 'D:/Vivado/code/SME309-RISCV-tmpl/vivado/vivado_proj.sim/sim_1/behav/xsim/all_test.coe'
INFO: [SIM-utils-43] Exported 'D:/Vivado/code/SME309-RISCV-tmpl/vivado/vivado_proj.sim/sim_1/behav/xsim/add_loop.coe'
INFO: [USF-XSim-97] Finding global include files...
INFO: [USF-XSim-98] Fetching design files from 'sim_1'...
INFO: [USF-XSim-2] XSim::Compile design
INFO: [USF-XSim-61] Executing 'COMPILE and ANALYZE' step in 'D:/Vivado/code/SME309-RISCV-tmpl/vivado/vivado_proj.sim/sim_1/behav/xsim'
"xvlog --incr --relax -prj tb_Top_vlog.prj"
INFO: [VRFC 10-2263] Analyzing Verilog file "D:/Vivado/code/SME309-RISCV-tmpl/vivado/vivado_proj.srcs/sources_1/ip/DRAM/sim/DRAM.v" into library xil_defaultlib
INFO: [VRFC 10-311] analyzing module DRAM
INFO: [VRFC 10-2263] Analyzing Verilog file "D:/Vivado/code/SME309-RISCV-tmpl/vivado/vivado_proj.srcs/sources_1/ip/IROM/sim/IROM.v" into library xil_defaultlib
INFO: [VRFC 10-311] analyzing module IROM
INFO: [VRFC 10-2263] Analyzing Verilog file "D:/Vivado/code/SME309-RISCV-tmpl/vivado/vivado_proj.srcs/sources_1/ip/pll/pll_clk_wiz.v" into library xil_defaultlib
INFO: [VRFC 10-311] analyzing module pll_clk_wiz
INFO: [VRFC 10-2263] Analyzing Verilog file "D:/Vivado/code/SME309-RISCV-tmpl/vivado/vivado_proj.srcs/sources_1/ip/pll/pll.v" into library xil_defaultlib
INFO: [VRFC 10-311] analyzing module pll
INFO: [VRFC 10-2263] Analyzing Verilog file "D:/Vivado/code/SME309-RISCV-tmpl/vivado/vivado_proj.srcs/sources_1/new/Alu.v" into library xil_defaultlib
INFO: [VRFC 10-311] analyzing module Alu
INFO: [VRFC 10-2263] Analyzing Verilog file "D:/Vivado/code/SME309-RISCV-tmpl/rtl/cpu/CPU_TOP.v" into library xil_defaultlib
INFO: [VRFC 10-311] analyzing module CPU
INFO: [VRFC 10-2263] Analyzing Verilog file "D:/Vivado/code/SME309-RISCV-tmpl/vivado/vivado_proj.srcs/sources_1/new/Control.v" into library xil_defaultlib
INFO: [VRFC 10-311] analyzing module Control
WARNING: [VRFC 10-2502] extra semicolon in $unit (global) scope [D:/Vivado/code/SME309-RISCV-tmpl/vivado/vivado_proj.srcs/sources_1/new/Control.v:279]
INFO: [VRFC 10-2263] Analyzing Verilog file "D:/Vivado/code/SME309-RISCV-tmpl/vivado/vivado_proj.srcs/sources_1/new/Decoder.v" into library xil_defaultlib
INFO: [VRFC 10-311] analyzing module Decoder
WARNING: [VRFC 10-2502] extra semicolon in $unit (global) scope [D:/Vivado/code/SME309-RISCV-tmpl/vivado/vivado_proj.srcs/sources_1/new/Decoder.v:19]
INFO: [VRFC 10-2263] Analyzing Verilog file "D:/Vivado/code/SME309-RISCV-tmpl/vivado/vivado_proj.srcs/sources_1/new/Extend.v" into library xil_defaultlib
INFO: [VRFC 10-311] analyzing module Extend
WARNING: [VRFC 10-2502] extra semicolon in $unit (global) scope [D:/Vivado/code/SME309-RISCV-tmpl/vivado/vivado_proj.srcs/sources_1/new/Extend.v:37]
INFO: [VRFC 10-2263] Analyzing Verilog file "D:/Vivado/code/SME309-RISCV-tmpl/vivado/vivado_proj.srcs/sources_1/new/Memdata.v" into library xil_defaultlib
INFO: [VRFC 10-311] analyzing module Memdata
INFO: [VRFC 10-2263] Analyzing Verilog file "D:/Vivado/code/SME309-RISCV-tmpl/vivado/vivado_proj.srcs/sources_1/new/ProgramCounter.v" into library xil_defaultlib
INFO: [VRFC 10-311] analyzing module ProgramCounter
INFO: [VRFC 10-2263] Analyzing Verilog file "D:/Vivado/code/SME309-RISCV-tmpl/vivado/vivado_proj.srcs/sources_1/new/RegisterFile.v" into library xil_defaultlib
INFO: [VRFC 10-311] analyzing module RegisterFile
INFO: [VRFC 10-2263] Analyzing Verilog file "D:/Vivado/code/SME309-RISCV-tmpl/rtl/benchmark.v" into library xil_defaultlib
WARNING: [VRFC 10-998] macro MEM_ADDR_START redefined [../../../../../rtl/define.v:6]
WARNING: [VRFC 10-998] macro MEM_ADDR_END redefined [../../../../../rtl/define.v:7]
INFO: [VRFC 10-311] analyzing module benchmark
INFO: [VRFC 10-2263] Analyzing Verilog file "D:/Vivado/code/SME309-RISCV-tmpl/rtl/dram_driver.v" into library xil_defaultlib
INFO: [VRFC 10-311] analyzing module dram_driver
INFO: [VRFC 10-2263] Analyzing Verilog file "D:/Vivado/code/SME309-RISCV-tmpl/rtl/seven_seg.v" into library xil_defaultlib
INFO: [VRFC 10-311] analyzing module seven_seg
INFO: [VRFC 10-2263] Analyzing Verilog file "D:/Vivado/code/SME309-RISCV-tmpl/vivado/top.v" into library xil_defaultlib
INFO: [VRFC 10-311] analyzing module top
INFO: [VRFC 10-2263] Analyzing Verilog file "D:/Vivado/code/SME309-RISCV-tmpl/sim/tb_top.v" into library xil_defaultlib
INFO: [VRFC 10-311] analyzing module tb_Top
INFO: [USF-XSim-69] 'compile' step finished in '1' seconds
INFO: [Vivado 12-5698] Checking validity of IPs in the design for the 'XSim' simulator...
INFO: [Vivado 12-5682] Launching behavioral simulation in 'D:/Vivado/code/SME309-RISCV-tmpl/vivado/vivado_proj.sim/sim_1/behav/xsim'
INFO: [Vivado 12-4795] Using compiled simulation libraries for IPs
INFO: [USF-XSim-3] XSim::Elaborate design
INFO: [USF-XSim-61] Executing 'ELABORATE' step in 'D:/Vivado/code/SME309-RISCV-tmpl/vivado/vivado_proj.sim/sim_1/behav/xsim'
Vivado Simulator 2017.4
Copyright 1986-1999, 2001-2016 Xilinx, Inc. All Rights Reserved.
Running: D:/Vivado/Vivado/2017.4/bin/unwrapped/win64.o/xelab.exe -wto 3e6eff3e2d4a4c50a15ac3f36e4eed88 --incr --debug typical --relax --mt 2 -L blk_mem_gen_v8_4_1 -L xil_defaultlib -L dist_mem_gen_v8_0_12 -L unisims_ver -L unimacro_ver -L secureip -L xpm --snapshot tb_Top_behav xil_defaultlib.tb_Top xil_defaultlib.glbl -log elaborate.log 
Using 2 slave threads.
Starting static elaboration
WARNING: [VRFC 10-278] actual bit length 32 differs from formal bit length 10 for port a [D:/Vivado/code/SME309-RISCV-tmpl/rtl/benchmark.v:47]
WARNING: [VRFC 10-1783] select index 62 into current_contents is out of bounds [/wrk/2017.4/nightly/2017_12_15_2086221/packages/customer/vivado/data/ip/xilinx/blk_mem_gen_v8_4/simulation/blk_mem_gen_v8_4.v:2420]
Completed static elaboration
Starting simulation data flow analysis
Completed simulation data flow analysis
Time Resolution for simulation is 1ps
Compiling module unisims_ver.IBUF
Compiling module unisims_ver.PLLE2_ADV(CLKFBOUT_MULT=17,CLKIN...
Compiling module unisims_ver.BUFG
Compiling module xil_defaultlib.pll_clk_wiz
Compiling module xil_defaultlib.pll
Compiling module xil_defaultlib.Decoder
Compiling module xil_defaultlib.Control
Compiling module xil_defaultlib.Extend
Compiling module xil_defaultlib.RegisterFile
Compiling module xil_defaultlib.Alu
Compiling module xil_defaultlib.ProgramCounter
Compiling module xil_defaultlib.Memdata
Compiling module xil_defaultlib.CPU
Compiling module dist_mem_gen_v8_0_12.dist_mem_gen_v8_0_12(C_FAMILY="a...
Compiling module xil_defaultlib.IROM
Compiling module blk_mem_gen_v8_4_1.blk_mem_gen_v8_4_1_output_stage(...
Compiling module blk_mem_gen_v8_4_1.blk_mem_gen_v8_4_1_output_stage(...
Compiling module blk_mem_gen_v8_4_1.blk_mem_gen_v8_4_1_softecc_outpu...
Compiling module blk_mem_gen_v8_4_1.blk_mem_gen_v8_4_1_mem_module(C_...
Compiling module blk_mem_gen_v8_4_1.blk_mem_gen_v8_4_1(C_FAMILY="art...
Compiling module xil_defaultlib.DRAM
Compiling module xil_defaultlib.dram_driver
Compiling module xil_defaultlib.seven_seg
Compiling module xil_defaultlib.benchmark
Compiling module xil_defaultlib.top
Compiling module xil_defaultlib.tb_Top
Compiling module xil_defaultlib.glbl
Built simulation snapshot tb_Top_behav
INFO: [USF-XSim-69] 'elaborate' step finished in '3' seconds
Vivado Simulator 2017.4
Time resolution is 1 ps
WARNING: This core is supplied with a behavioral model. To model cycle-accurate behavior you must run timing simulation.
 Block Memory Generator module loading initial data...
 Block Memory Generator data initialization complete.
Block Memory Generator module tb_Top.dut.u_benchmark.dram_driver_inst.Mem_DRAM.inst.native_mem_module.blk_mem_gen_v8_4_1_inst is using a behavioral model for simulation which will not precisely model memory collision behavior.
save to testbench.wave
relaunch_sim: Time (s): cpu = 00:00:01 ; elapsed = 00:00:08 . Memory (MB): peak = 870.863 ; gain = 0.000
run all
Warning : input CLKIN1 period and attribute CLKIN1_PERIOD on PLLE2_ADV instance tb_Top.dut.pll_inst.inst.plle2_adv_inst are not same.
$finish called at time : 100010 ns : File "D:/Vivado/code/SME309-RISCV-tmpl/sim/tb_top.v" Line 32
run all
$finish called at time : 100510 ns : File "D:/Vivado/code/SME309-RISCV-tmpl/sim/tb_top.v" Line 51
run all
run: Time (s): cpu = 00:00:49 ; elapsed = 00:04:28 . Memory (MB): peak = 872.133 ; gain = 1.250
relaunch_sim
INFO: [Vivado 12-5698] Checking validity of IPs in the design for the 'XSim' simulator...
INFO: [Vivado 12-5682] Launching behavioral simulation in 'D:/Vivado/code/SME309-RISCV-tmpl/vivado/vivado_proj.sim/sim_1/behav/xsim'
INFO: [Vivado 12-4795] Using compiled simulation libraries for IPs
INFO: [SIM-utils-51] Simulation object is 'sim_1'
INFO: [USF-XSim-7] Finding pre-compiled libraries...
INFO: [USF-XSim-11] File 'D:/Vivado/Vivado/2017.4/data/xsim/ip/xsim_ip.ini' copied to run dir:'D:/Vivado/code/SME309-RISCV-tmpl/vivado/vivado_proj.sim/sim_1/behav/xsim'
INFO: [SIM-utils-54] Inspecting design source files for 'tb_Top' in fileset 'sim_1'...
INFO: [SIM-utils-43] Exported 'D:/Vivado/code/SME309-RISCV-tmpl/vivado/vivado_proj.sim/sim_1/behav/xsim/DRAM.mif'
INFO: [SIM-utils-43] Exported 'D:/Vivado/code/SME309-RISCV-tmpl/vivado/vivado_proj.sim/sim_1/behav/xsim/all_test_case.coe'
INFO: [SIM-utils-43] Exported 'D:/Vivado/code/SME309-RISCV-tmpl/vivado/vivado_proj.sim/sim_1/behav/xsim/IROM.mif'
INFO: [SIM-utils-43] Exported 'D:/Vivado/code/SME309-RISCV-tmpl/vivado/vivado_proj.sim/sim_1/behav/xsim/all_test.coe'
INFO: [SIM-utils-43] Exported 'D:/Vivado/code/SME309-RISCV-tmpl/vivado/vivado_proj.sim/sim_1/behav/xsim/add_loop.coe'
INFO: [USF-XSim-97] Finding global include files...
INFO: [USF-XSim-98] Fetching design files from 'sim_1'...
INFO: [USF-XSim-2] XSim::Compile design
INFO: [USF-XSim-61] Executing 'COMPILE and ANALYZE' step in 'D:/Vivado/code/SME309-RISCV-tmpl/vivado/vivado_proj.sim/sim_1/behav/xsim'
"xvlog --incr --relax -prj tb_Top_vlog.prj"
INFO: [VRFC 10-2263] Analyzing Verilog file "D:/Vivado/code/SME309-RISCV-tmpl/vivado/vivado_proj.srcs/sources_1/ip/DRAM/sim/DRAM.v" into library xil_defaultlib
INFO: [VRFC 10-311] analyzing module DRAM
INFO: [VRFC 10-2263] Analyzing Verilog file "D:/Vivado/code/SME309-RISCV-tmpl/vivado/vivado_proj.srcs/sources_1/ip/IROM/sim/IROM.v" into library xil_defaultlib
INFO: [VRFC 10-311] analyzing module IROM
INFO: [VRFC 10-2263] Analyzing Verilog file "D:/Vivado/code/SME309-RISCV-tmpl/vivado/vivado_proj.srcs/sources_1/ip/pll/pll_clk_wiz.v" into library xil_defaultlib
INFO: [VRFC 10-311] analyzing module pll_clk_wiz
INFO: [VRFC 10-2263] Analyzing Verilog file "D:/Vivado/code/SME309-RISCV-tmpl/vivado/vivado_proj.srcs/sources_1/ip/pll/pll.v" into library xil_defaultlib
INFO: [VRFC 10-311] analyzing module pll
INFO: [VRFC 10-2263] Analyzing Verilog file "D:/Vivado/code/SME309-RISCV-tmpl/vivado/vivado_proj.srcs/sources_1/new/Alu.v" into library xil_defaultlib
INFO: [VRFC 10-311] analyzing module Alu
INFO: [VRFC 10-2263] Analyzing Verilog file "D:/Vivado/code/SME309-RISCV-tmpl/rtl/cpu/CPU_TOP.v" into library xil_defaultlib
INFO: [VRFC 10-311] analyzing module CPU
INFO: [VRFC 10-2263] Analyzing Verilog file "D:/Vivado/code/SME309-RISCV-tmpl/vivado/vivado_proj.srcs/sources_1/new/Control.v" into library xil_defaultlib
INFO: [VRFC 10-311] analyzing module Control
WARNING: [VRFC 10-2502] extra semicolon in $unit (global) scope [D:/Vivado/code/SME309-RISCV-tmpl/vivado/vivado_proj.srcs/sources_1/new/Control.v:279]
INFO: [VRFC 10-2263] Analyzing Verilog file "D:/Vivado/code/SME309-RISCV-tmpl/vivado/vivado_proj.srcs/sources_1/new/Decoder.v" into library xil_defaultlib
INFO: [VRFC 10-311] analyzing module Decoder
WARNING: [VRFC 10-2502] extra semicolon in $unit (global) scope [D:/Vivado/code/SME309-RISCV-tmpl/vivado/vivado_proj.srcs/sources_1/new/Decoder.v:19]
INFO: [VRFC 10-2263] Analyzing Verilog file "D:/Vivado/code/SME309-RISCV-tmpl/vivado/vivado_proj.srcs/sources_1/new/Extend.v" into library xil_defaultlib
INFO: [VRFC 10-311] analyzing module Extend
WARNING: [VRFC 10-2502] extra semicolon in $unit (global) scope [D:/Vivado/code/SME309-RISCV-tmpl/vivado/vivado_proj.srcs/sources_1/new/Extend.v:37]
INFO: [VRFC 10-2263] Analyzing Verilog file "D:/Vivado/code/SME309-RISCV-tmpl/vivado/vivado_proj.srcs/sources_1/new/Memdata.v" into library xil_defaultlib
INFO: [VRFC 10-311] analyzing module Memdata
INFO: [VRFC 10-2263] Analyzing Verilog file "D:/Vivado/code/SME309-RISCV-tmpl/vivado/vivado_proj.srcs/sources_1/new/ProgramCounter.v" into library xil_defaultlib
INFO: [VRFC 10-311] analyzing module ProgramCounter
INFO: [VRFC 10-2263] Analyzing Verilog file "D:/Vivado/code/SME309-RISCV-tmpl/vivado/vivado_proj.srcs/sources_1/new/RegisterFile.v" into library xil_defaultlib
INFO: [VRFC 10-311] analyzing module RegisterFile
INFO: [VRFC 10-2263] Analyzing Verilog file "D:/Vivado/code/SME309-RISCV-tmpl/rtl/benchmark.v" into library xil_defaultlib
WARNING: [VRFC 10-998] macro MEM_ADDR_START redefined [../../../../../rtl/define.v:6]
WARNING: [VRFC 10-998] macro MEM_ADDR_END redefined [../../../../../rtl/define.v:7]
INFO: [VRFC 10-311] analyzing module benchmark
INFO: [VRFC 10-2263] Analyzing Verilog file "D:/Vivado/code/SME309-RISCV-tmpl/rtl/dram_driver.v" into library xil_defaultlib
INFO: [VRFC 10-311] analyzing module dram_driver
INFO: [VRFC 10-2263] Analyzing Verilog file "D:/Vivado/code/SME309-RISCV-tmpl/rtl/seven_seg.v" into library xil_defaultlib
INFO: [VRFC 10-311] analyzing module seven_seg
INFO: [VRFC 10-2263] Analyzing Verilog file "D:/Vivado/code/SME309-RISCV-tmpl/vivado/top.v" into library xil_defaultlib
INFO: [VRFC 10-311] analyzing module top
INFO: [VRFC 10-2263] Analyzing Verilog file "D:/Vivado/code/SME309-RISCV-tmpl/sim/tb_top.v" into library xil_defaultlib
INFO: [VRFC 10-311] analyzing module tb_Top
INFO: [USF-XSim-69] 'compile' step finished in '1' seconds
INFO: [Vivado 12-5698] Checking validity of IPs in the design for the 'XSim' simulator...
INFO: [Vivado 12-5682] Launching behavioral simulation in 'D:/Vivado/code/SME309-RISCV-tmpl/vivado/vivado_proj.sim/sim_1/behav/xsim'
INFO: [Vivado 12-4795] Using compiled simulation libraries for IPs
INFO: [USF-XSim-3] XSim::Elaborate design
INFO: [USF-XSim-61] Executing 'ELABORATE' step in 'D:/Vivado/code/SME309-RISCV-tmpl/vivado/vivado_proj.sim/sim_1/behav/xsim'
Vivado Simulator 2017.4
Copyright 1986-1999, 2001-2016 Xilinx, Inc. All Rights Reserved.
Running: D:/Vivado/Vivado/2017.4/bin/unwrapped/win64.o/xelab.exe -wto 3e6eff3e2d4a4c50a15ac3f36e4eed88 --incr --debug typical --relax --mt 2 -L blk_mem_gen_v8_4_1 -L xil_defaultlib -L dist_mem_gen_v8_0_12 -L unisims_ver -L unimacro_ver -L secureip -L xpm --snapshot tb_Top_behav xil_defaultlib.tb_Top xil_defaultlib.glbl -log elaborate.log 
Using 2 slave threads.
Starting static elaboration
WARNING: [VRFC 10-278] actual bit length 32 differs from formal bit length 10 for port a [D:/Vivado/code/SME309-RISCV-tmpl/rtl/benchmark.v:47]
WARNING: [VRFC 10-1783] select index 62 into current_contents is out of bounds [/wrk/2017.4/nightly/2017_12_15_2086221/packages/customer/vivado/data/ip/xilinx/blk_mem_gen_v8_4/simulation/blk_mem_gen_v8_4.v:2420]
Completed static elaboration
Starting simulation data flow analysis
Completed simulation data flow analysis
Time Resolution for simulation is 1ps
Compiling module unisims_ver.IBUF
Compiling module unisims_ver.PLLE2_ADV(CLKFBOUT_MULT=17,CLKIN...
Compiling module unisims_ver.BUFG
Compiling module xil_defaultlib.pll_clk_wiz
Compiling module xil_defaultlib.pll
Compiling module xil_defaultlib.Decoder
Compiling module xil_defaultlib.Control
Compiling module xil_defaultlib.Extend
Compiling module xil_defaultlib.RegisterFile
Compiling module xil_defaultlib.Alu
Compiling module xil_defaultlib.ProgramCounter
Compiling module xil_defaultlib.Memdata
Compiling module xil_defaultlib.CPU
Compiling module dist_mem_gen_v8_0_12.dist_mem_gen_v8_0_12(C_FAMILY="a...
Compiling module xil_defaultlib.IROM
Compiling module blk_mem_gen_v8_4_1.blk_mem_gen_v8_4_1_output_stage(...
Compiling module blk_mem_gen_v8_4_1.blk_mem_gen_v8_4_1_output_stage(...
Compiling module blk_mem_gen_v8_4_1.blk_mem_gen_v8_4_1_softecc_outpu...
Compiling module blk_mem_gen_v8_4_1.blk_mem_gen_v8_4_1_mem_module(C_...
Compiling module blk_mem_gen_v8_4_1.blk_mem_gen_v8_4_1(C_FAMILY="art...
Compiling module xil_defaultlib.DRAM
Compiling module xil_defaultlib.dram_driver
Compiling module xil_defaultlib.seven_seg
Compiling module xil_defaultlib.benchmark
Compiling module xil_defaultlib.top
Compiling module xil_defaultlib.tb_Top
Compiling module xil_defaultlib.glbl
Built simulation snapshot tb_Top_behav
INFO: [USF-XSim-69] 'elaborate' step finished in '3' seconds
Vivado Simulator 2017.4
Time resolution is 1 ps
WARNING: This core is supplied with a behavioral model. To model cycle-accurate behavior you must run timing simulation.
 Block Memory Generator module loading initial data...
 Block Memory Generator data initialization complete.
Block Memory Generator module tb_Top.dut.u_benchmark.dram_driver_inst.Mem_DRAM.inst.native_mem_module.blk_mem_gen_v8_4_1_inst is using a behavioral model for simulation which will not precisely model memory collision behavior.
save to testbench.wave
relaunch_sim: Time (s): cpu = 00:00:02 ; elapsed = 00:00:08 . Memory (MB): peak = 872.398 ; gain = 0.215
run 100 ms
Warning : input CLKIN1 period and attribute CLKIN1_PERIOD on PLLE2_ADV instance tb_Top.dut.pll_inst.inst.plle2_adv_inst are not same.
$finish called at time : 100010 ns : File "D:/Vivado/code/SME309-RISCV-tmpl/sim/tb_top.v" Line 32
run all
$finish called at time : 100550 ns : File "D:/Vivado/code/SME309-RISCV-tmpl/sim/tb_top.v" Line 51
run all
run: Time (s): cpu = 00:00:06 ; elapsed = 00:00:28 . Memory (MB): peak = 874.238 ; gain = 1.461
run all
run: Time (s): cpu = 00:00:39 ; elapsed = 00:02:22 . Memory (MB): peak = 874.879 ; gain = 0.641
run 100000 us
run: Time (s): cpu = 00:00:03 ; elapsed = 00:00:27 . Memory (MB): peak = 875.996 ; gain = 0.000
relaunch_sim
INFO: [Vivado 12-5698] Checking validity of IPs in the design for the 'XSim' simulator...
INFO: [Vivado 12-5682] Launching behavioral simulation in 'D:/Vivado/code/SME309-RISCV-tmpl/vivado/vivado_proj.sim/sim_1/behav/xsim'
INFO: [Vivado 12-4795] Using compiled simulation libraries for IPs
INFO: [SIM-utils-51] Simulation object is 'sim_1'
INFO: [USF-XSim-7] Finding pre-compiled libraries...
INFO: [USF-XSim-11] File 'D:/Vivado/Vivado/2017.4/data/xsim/ip/xsim_ip.ini' copied to run dir:'D:/Vivado/code/SME309-RISCV-tmpl/vivado/vivado_proj.sim/sim_1/behav/xsim'
INFO: [SIM-utils-54] Inspecting design source files for 'tb_Top' in fileset 'sim_1'...
INFO: [SIM-utils-43] Exported 'D:/Vivado/code/SME309-RISCV-tmpl/vivado/vivado_proj.sim/sim_1/behav/xsim/DRAM.mif'
INFO: [SIM-utils-43] Exported 'D:/Vivado/code/SME309-RISCV-tmpl/vivado/vivado_proj.sim/sim_1/behav/xsim/all_test_case.coe'
INFO: [SIM-utils-43] Exported 'D:/Vivado/code/SME309-RISCV-tmpl/vivado/vivado_proj.sim/sim_1/behav/xsim/IROM.mif'
INFO: [SIM-utils-43] Exported 'D:/Vivado/code/SME309-RISCV-tmpl/vivado/vivado_proj.sim/sim_1/behav/xsim/all_test.coe'
INFO: [SIM-utils-43] Exported 'D:/Vivado/code/SME309-RISCV-tmpl/vivado/vivado_proj.sim/sim_1/behav/xsim/add_loop.coe'
INFO: [USF-XSim-97] Finding global include files...
INFO: [USF-XSim-98] Fetching design files from 'sim_1'...
INFO: [USF-XSim-2] XSim::Compile design
INFO: [USF-XSim-61] Executing 'COMPILE and ANALYZE' step in 'D:/Vivado/code/SME309-RISCV-tmpl/vivado/vivado_proj.sim/sim_1/behav/xsim'
"xvlog --incr --relax -prj tb_Top_vlog.prj"
INFO: [VRFC 10-2263] Analyzing Verilog file "D:/Vivado/code/SME309-RISCV-tmpl/vivado/vivado_proj.srcs/sources_1/ip/DRAM/sim/DRAM.v" into library xil_defaultlib
INFO: [VRFC 10-311] analyzing module DRAM
INFO: [VRFC 10-2263] Analyzing Verilog file "D:/Vivado/code/SME309-RISCV-tmpl/vivado/vivado_proj.srcs/sources_1/ip/IROM/sim/IROM.v" into library xil_defaultlib
INFO: [VRFC 10-311] analyzing module IROM
INFO: [VRFC 10-2263] Analyzing Verilog file "D:/Vivado/code/SME309-RISCV-tmpl/vivado/vivado_proj.srcs/sources_1/ip/pll/pll_clk_wiz.v" into library xil_defaultlib
INFO: [VRFC 10-311] analyzing module pll_clk_wiz
INFO: [VRFC 10-2263] Analyzing Verilog file "D:/Vivado/code/SME309-RISCV-tmpl/vivado/vivado_proj.srcs/sources_1/ip/pll/pll.v" into library xil_defaultlib
INFO: [VRFC 10-311] analyzing module pll
INFO: [VRFC 10-2263] Analyzing Verilog file "D:/Vivado/code/SME309-RISCV-tmpl/vivado/vivado_proj.srcs/sources_1/new/Alu.v" into library xil_defaultlib
INFO: [VRFC 10-311] analyzing module Alu
INFO: [VRFC 10-2263] Analyzing Verilog file "D:/Vivado/code/SME309-RISCV-tmpl/rtl/cpu/CPU_TOP.v" into library xil_defaultlib
INFO: [VRFC 10-311] analyzing module CPU
INFO: [VRFC 10-2263] Analyzing Verilog file "D:/Vivado/code/SME309-RISCV-tmpl/vivado/vivado_proj.srcs/sources_1/new/Control.v" into library xil_defaultlib
INFO: [VRFC 10-311] analyzing module Control
WARNING: [VRFC 10-2502] extra semicolon in $unit (global) scope [D:/Vivado/code/SME309-RISCV-tmpl/vivado/vivado_proj.srcs/sources_1/new/Control.v:279]
INFO: [VRFC 10-2263] Analyzing Verilog file "D:/Vivado/code/SME309-RISCV-tmpl/vivado/vivado_proj.srcs/sources_1/new/Decoder.v" into library xil_defaultlib
INFO: [VRFC 10-311] analyzing module Decoder
WARNING: [VRFC 10-2502] extra semicolon in $unit (global) scope [D:/Vivado/code/SME309-RISCV-tmpl/vivado/vivado_proj.srcs/sources_1/new/Decoder.v:19]
INFO: [VRFC 10-2263] Analyzing Verilog file "D:/Vivado/code/SME309-RISCV-tmpl/vivado/vivado_proj.srcs/sources_1/new/Extend.v" into library xil_defaultlib
INFO: [VRFC 10-311] analyzing module Extend
WARNING: [VRFC 10-2502] extra semicolon in $unit (global) scope [D:/Vivado/code/SME309-RISCV-tmpl/vivado/vivado_proj.srcs/sources_1/new/Extend.v:37]
INFO: [VRFC 10-2263] Analyzing Verilog file "D:/Vivado/code/SME309-RISCV-tmpl/vivado/vivado_proj.srcs/sources_1/new/Memdata.v" into library xil_defaultlib
INFO: [VRFC 10-311] analyzing module Memdata
INFO: [VRFC 10-2263] Analyzing Verilog file "D:/Vivado/code/SME309-RISCV-tmpl/vivado/vivado_proj.srcs/sources_1/new/ProgramCounter.v" into library xil_defaultlib
INFO: [VRFC 10-311] analyzing module ProgramCounter
INFO: [VRFC 10-2263] Analyzing Verilog file "D:/Vivado/code/SME309-RISCV-tmpl/vivado/vivado_proj.srcs/sources_1/new/RegisterFile.v" into library xil_defaultlib
INFO: [VRFC 10-311] analyzing module RegisterFile
INFO: [VRFC 10-2263] Analyzing Verilog file "D:/Vivado/code/SME309-RISCV-tmpl/rtl/benchmark.v" into library xil_defaultlib
WARNING: [VRFC 10-998] macro MEM_ADDR_START redefined [../../../../../rtl/define.v:6]
WARNING: [VRFC 10-998] macro MEM_ADDR_END redefined [../../../../../rtl/define.v:7]
INFO: [VRFC 10-311] analyzing module benchmark
INFO: [VRFC 10-2263] Analyzing Verilog file "D:/Vivado/code/SME309-RISCV-tmpl/rtl/dram_driver.v" into library xil_defaultlib
INFO: [VRFC 10-311] analyzing module dram_driver
INFO: [VRFC 10-2263] Analyzing Verilog file "D:/Vivado/code/SME309-RISCV-tmpl/rtl/seven_seg.v" into library xil_defaultlib
INFO: [VRFC 10-311] analyzing module seven_seg
INFO: [VRFC 10-2263] Analyzing Verilog file "D:/Vivado/code/SME309-RISCV-tmpl/vivado/top.v" into library xil_defaultlib
INFO: [VRFC 10-311] analyzing module top
INFO: [VRFC 10-2263] Analyzing Verilog file "D:/Vivado/code/SME309-RISCV-tmpl/sim/tb_top.v" into library xil_defaultlib
INFO: [VRFC 10-311] analyzing module tb_Top
INFO: [USF-XSim-69] 'compile' step finished in '1' seconds
INFO: [Vivado 12-5698] Checking validity of IPs in the design for the 'XSim' simulator...
INFO: [Vivado 12-5682] Launching behavioral simulation in 'D:/Vivado/code/SME309-RISCV-tmpl/vivado/vivado_proj.sim/sim_1/behav/xsim'
INFO: [Vivado 12-4795] Using compiled simulation libraries for IPs
INFO: [USF-XSim-3] XSim::Elaborate design
INFO: [USF-XSim-61] Executing 'ELABORATE' step in 'D:/Vivado/code/SME309-RISCV-tmpl/vivado/vivado_proj.sim/sim_1/behav/xsim'
Vivado Simulator 2017.4
Copyright 1986-1999, 2001-2016 Xilinx, Inc. All Rights Reserved.
Running: D:/Vivado/Vivado/2017.4/bin/unwrapped/win64.o/xelab.exe -wto 3e6eff3e2d4a4c50a15ac3f36e4eed88 --incr --debug typical --relax --mt 2 -L blk_mem_gen_v8_4_1 -L xil_defaultlib -L dist_mem_gen_v8_0_12 -L unisims_ver -L unimacro_ver -L secureip -L xpm --snapshot tb_Top_behav xil_defaultlib.tb_Top xil_defaultlib.glbl -log elaborate.log 
Using 2 slave threads.
Starting static elaboration
WARNING: [VRFC 10-278] actual bit length 32 differs from formal bit length 10 for port a [D:/Vivado/code/SME309-RISCV-tmpl/rtl/benchmark.v:47]
WARNING: [VRFC 10-1783] select index 62 into current_contents is out of bounds [/wrk/2017.4/nightly/2017_12_15_2086221/packages/customer/vivado/data/ip/xilinx/blk_mem_gen_v8_4/simulation/blk_mem_gen_v8_4.v:2420]
Completed static elaboration
Starting simulation data flow analysis
Completed simulation data flow analysis
Time Resolution for simulation is 1ps
Compiling module unisims_ver.IBUF
Compiling module unisims_ver.PLLE2_ADV(CLKFBOUT_MULT=17,CLKIN...
Compiling module unisims_ver.BUFG
Compiling module xil_defaultlib.pll_clk_wiz
Compiling module xil_defaultlib.pll
Compiling module xil_defaultlib.Decoder
Compiling module xil_defaultlib.Control
Compiling module xil_defaultlib.Extend
Compiling module xil_defaultlib.RegisterFile
Compiling module xil_defaultlib.Alu
Compiling module xil_defaultlib.ProgramCounter
Compiling module xil_defaultlib.Memdata
Compiling module xil_defaultlib.CPU
Compiling module dist_mem_gen_v8_0_12.dist_mem_gen_v8_0_12(C_FAMILY="a...
Compiling module xil_defaultlib.IROM
Compiling module blk_mem_gen_v8_4_1.blk_mem_gen_v8_4_1_output_stage(...
Compiling module blk_mem_gen_v8_4_1.blk_mem_gen_v8_4_1_output_stage(...
Compiling module blk_mem_gen_v8_4_1.blk_mem_gen_v8_4_1_softecc_outpu...
Compiling module blk_mem_gen_v8_4_1.blk_mem_gen_v8_4_1_mem_module(C_...
Compiling module blk_mem_gen_v8_4_1.blk_mem_gen_v8_4_1(C_FAMILY="art...
Compiling module xil_defaultlib.DRAM
Compiling module xil_defaultlib.dram_driver
Compiling module xil_defaultlib.seven_seg
Compiling module xil_defaultlib.benchmark
Compiling module xil_defaultlib.top
Compiling module xil_defaultlib.tb_Top
Compiling module xil_defaultlib.glbl
Built simulation snapshot tb_Top_behav
INFO: [USF-XSim-69] 'elaborate' step finished in '3' seconds
Vivado Simulator 2017.4
Time resolution is 1 ps
WARNING: This core is supplied with a behavioral model. To model cycle-accurate behavior you must run timing simulation.
 Block Memory Generator module loading initial data...
 Block Memory Generator data initialization complete.
Block Memory Generator module tb_Top.dut.u_benchmark.dram_driver_inst.Mem_DRAM.inst.native_mem_module.blk_mem_gen_v8_4_1_inst is using a behavioral model for simulation which will not precisely model memory collision behavior.
save to testbench.wave
Warning : input CLKIN1 period and attribute CLKIN1_PERIOD on PLLE2_ADV instance tb_Top.dut.pll_inst.inst.plle2_adv_inst are not same.
relaunch_sim: Time (s): cpu = 00:00:01 ; elapsed = 00:00:08 . Memory (MB): peak = 875.996 ; gain = 0.000
relaunch_sim
INFO: [Vivado 12-5698] Checking validity of IPs in the design for the 'XSim' simulator...
INFO: [Vivado 12-5682] Launching behavioral simulation in 'D:/Vivado/code/SME309-RISCV-tmpl/vivado/vivado_proj.sim/sim_1/behav/xsim'
INFO: [Vivado 12-4795] Using compiled simulation libraries for IPs
INFO: [SIM-utils-51] Simulation object is 'sim_1'
INFO: [USF-XSim-7] Finding pre-compiled libraries...
INFO: [USF-XSim-11] File 'D:/Vivado/Vivado/2017.4/data/xsim/ip/xsim_ip.ini' copied to run dir:'D:/Vivado/code/SME309-RISCV-tmpl/vivado/vivado_proj.sim/sim_1/behav/xsim'
INFO: [SIM-utils-54] Inspecting design source files for 'tb_Top' in fileset 'sim_1'...
INFO: [SIM-utils-43] Exported 'D:/Vivado/code/SME309-RISCV-tmpl/vivado/vivado_proj.sim/sim_1/behav/xsim/DRAM.mif'
INFO: [SIM-utils-43] Exported 'D:/Vivado/code/SME309-RISCV-tmpl/vivado/vivado_proj.sim/sim_1/behav/xsim/all_test_case.coe'
INFO: [SIM-utils-43] Exported 'D:/Vivado/code/SME309-RISCV-tmpl/vivado/vivado_proj.sim/sim_1/behav/xsim/IROM.mif'
INFO: [SIM-utils-43] Exported 'D:/Vivado/code/SME309-RISCV-tmpl/vivado/vivado_proj.sim/sim_1/behav/xsim/all_test.coe'
INFO: [SIM-utils-43] Exported 'D:/Vivado/code/SME309-RISCV-tmpl/vivado/vivado_proj.sim/sim_1/behav/xsim/add_loop.coe'
INFO: [USF-XSim-97] Finding global include files...
INFO: [USF-XSim-98] Fetching design files from 'sim_1'...
INFO: [USF-XSim-2] XSim::Compile design
INFO: [USF-XSim-61] Executing 'COMPILE and ANALYZE' step in 'D:/Vivado/code/SME309-RISCV-tmpl/vivado/vivado_proj.sim/sim_1/behav/xsim'
"xvlog --incr --relax -prj tb_Top_vlog.prj"
INFO: [VRFC 10-2263] Analyzing Verilog file "D:/Vivado/code/SME309-RISCV-tmpl/vivado/vivado_proj.srcs/sources_1/ip/DRAM/sim/DRAM.v" into library xil_defaultlib
INFO: [VRFC 10-311] analyzing module DRAM
INFO: [VRFC 10-2263] Analyzing Verilog file "D:/Vivado/code/SME309-RISCV-tmpl/vivado/vivado_proj.srcs/sources_1/ip/IROM/sim/IROM.v" into library xil_defaultlib
INFO: [VRFC 10-311] analyzing module IROM
INFO: [VRFC 10-2263] Analyzing Verilog file "D:/Vivado/code/SME309-RISCV-tmpl/vivado/vivado_proj.srcs/sources_1/ip/pll/pll_clk_wiz.v" into library xil_defaultlib
INFO: [VRFC 10-311] analyzing module pll_clk_wiz
INFO: [VRFC 10-2263] Analyzing Verilog file "D:/Vivado/code/SME309-RISCV-tmpl/vivado/vivado_proj.srcs/sources_1/ip/pll/pll.v" into library xil_defaultlib
INFO: [VRFC 10-311] analyzing module pll
INFO: [VRFC 10-2263] Analyzing Verilog file "D:/Vivado/code/SME309-RISCV-tmpl/vivado/vivado_proj.srcs/sources_1/new/Alu.v" into library xil_defaultlib
INFO: [VRFC 10-311] analyzing module Alu
INFO: [VRFC 10-2263] Analyzing Verilog file "D:/Vivado/code/SME309-RISCV-tmpl/rtl/cpu/CPU_TOP.v" into library xil_defaultlib
INFO: [VRFC 10-311] analyzing module CPU
INFO: [VRFC 10-2263] Analyzing Verilog file "D:/Vivado/code/SME309-RISCV-tmpl/vivado/vivado_proj.srcs/sources_1/new/Control.v" into library xil_defaultlib
INFO: [VRFC 10-311] analyzing module Control
WARNING: [VRFC 10-2502] extra semicolon in $unit (global) scope [D:/Vivado/code/SME309-RISCV-tmpl/vivado/vivado_proj.srcs/sources_1/new/Control.v:279]
INFO: [VRFC 10-2263] Analyzing Verilog file "D:/Vivado/code/SME309-RISCV-tmpl/vivado/vivado_proj.srcs/sources_1/new/Decoder.v" into library xil_defaultlib
INFO: [VRFC 10-311] analyzing module Decoder
WARNING: [VRFC 10-2502] extra semicolon in $unit (global) scope [D:/Vivado/code/SME309-RISCV-tmpl/vivado/vivado_proj.srcs/sources_1/new/Decoder.v:19]
INFO: [VRFC 10-2263] Analyzing Verilog file "D:/Vivado/code/SME309-RISCV-tmpl/vivado/vivado_proj.srcs/sources_1/new/Extend.v" into library xil_defaultlib
INFO: [VRFC 10-311] analyzing module Extend
WARNING: [VRFC 10-2502] extra semicolon in $unit (global) scope [D:/Vivado/code/SME309-RISCV-tmpl/vivado/vivado_proj.srcs/sources_1/new/Extend.v:37]
INFO: [VRFC 10-2263] Analyzing Verilog file "D:/Vivado/code/SME309-RISCV-tmpl/vivado/vivado_proj.srcs/sources_1/new/Memdata.v" into library xil_defaultlib
INFO: [VRFC 10-311] analyzing module Memdata
INFO: [VRFC 10-2263] Analyzing Verilog file "D:/Vivado/code/SME309-RISCV-tmpl/vivado/vivado_proj.srcs/sources_1/new/ProgramCounter.v" into library xil_defaultlib
INFO: [VRFC 10-311] analyzing module ProgramCounter
INFO: [VRFC 10-2263] Analyzing Verilog file "D:/Vivado/code/SME309-RISCV-tmpl/vivado/vivado_proj.srcs/sources_1/new/RegisterFile.v" into library xil_defaultlib
INFO: [VRFC 10-311] analyzing module RegisterFile
INFO: [VRFC 10-2263] Analyzing Verilog file "D:/Vivado/code/SME309-RISCV-tmpl/rtl/benchmark.v" into library xil_defaultlib
WARNING: [VRFC 10-998] macro MEM_ADDR_START redefined [../../../../../rtl/define.v:6]
WARNING: [VRFC 10-998] macro MEM_ADDR_END redefined [../../../../../rtl/define.v:7]
INFO: [VRFC 10-311] analyzing module benchmark
INFO: [VRFC 10-2263] Analyzing Verilog file "D:/Vivado/code/SME309-RISCV-tmpl/rtl/dram_driver.v" into library xil_defaultlib
INFO: [VRFC 10-311] analyzing module dram_driver
INFO: [VRFC 10-2263] Analyzing Verilog file "D:/Vivado/code/SME309-RISCV-tmpl/rtl/seven_seg.v" into library xil_defaultlib
INFO: [VRFC 10-311] analyzing module seven_seg
INFO: [VRFC 10-2263] Analyzing Verilog file "D:/Vivado/code/SME309-RISCV-tmpl/vivado/top.v" into library xil_defaultlib
INFO: [VRFC 10-311] analyzing module top
INFO: [VRFC 10-2263] Analyzing Verilog file "D:/Vivado/code/SME309-RISCV-tmpl/sim/tb_top.v" into library xil_defaultlib
INFO: [VRFC 10-311] analyzing module tb_Top
INFO: [USF-XSim-69] 'compile' step finished in '1' seconds
INFO: [Vivado 12-5698] Checking validity of IPs in the design for the 'XSim' simulator...
INFO: [Vivado 12-5682] Launching behavioral simulation in 'D:/Vivado/code/SME309-RISCV-tmpl/vivado/vivado_proj.sim/sim_1/behav/xsim'
INFO: [Vivado 12-4795] Using compiled simulation libraries for IPs
INFO: [USF-XSim-3] XSim::Elaborate design
INFO: [USF-XSim-61] Executing 'ELABORATE' step in 'D:/Vivado/code/SME309-RISCV-tmpl/vivado/vivado_proj.sim/sim_1/behav/xsim'
Vivado Simulator 2017.4
Copyright 1986-1999, 2001-2016 Xilinx, Inc. All Rights Reserved.
Running: D:/Vivado/Vivado/2017.4/bin/unwrapped/win64.o/xelab.exe -wto 3e6eff3e2d4a4c50a15ac3f36e4eed88 --incr --debug typical --relax --mt 2 -L blk_mem_gen_v8_4_1 -L xil_defaultlib -L dist_mem_gen_v8_0_12 -L unisims_ver -L unimacro_ver -L secureip -L xpm --snapshot tb_Top_behav xil_defaultlib.tb_Top xil_defaultlib.glbl -log elaborate.log 
Using 2 slave threads.
Starting static elaboration
WARNING: [VRFC 10-278] actual bit length 32 differs from formal bit length 10 for port a [D:/Vivado/code/SME309-RISCV-tmpl/rtl/benchmark.v:47]
WARNING: [VRFC 10-1783] select index 62 into current_contents is out of bounds [/wrk/2017.4/nightly/2017_12_15_2086221/packages/customer/vivado/data/ip/xilinx/blk_mem_gen_v8_4/simulation/blk_mem_gen_v8_4.v:2420]
Completed static elaboration
Starting simulation data flow analysis
Completed simulation data flow analysis
Time Resolution for simulation is 1ps
Compiling module unisims_ver.IBUF
Compiling module unisims_ver.PLLE2_ADV(CLKFBOUT_MULT=17,CLKIN...
Compiling module unisims_ver.BUFG
Compiling module xil_defaultlib.pll_clk_wiz
Compiling module xil_defaultlib.pll
Compiling module xil_defaultlib.Decoder
Compiling module xil_defaultlib.Control
Compiling module xil_defaultlib.Extend
Compiling module xil_defaultlib.RegisterFile
Compiling module xil_defaultlib.Alu
Compiling module xil_defaultlib.ProgramCounter
Compiling module xil_defaultlib.Memdata
Compiling module xil_defaultlib.CPU
Compiling module dist_mem_gen_v8_0_12.dist_mem_gen_v8_0_12(C_FAMILY="a...
Compiling module xil_defaultlib.IROM
Compiling module blk_mem_gen_v8_4_1.blk_mem_gen_v8_4_1_output_stage(...
Compiling module blk_mem_gen_v8_4_1.blk_mem_gen_v8_4_1_output_stage(...
Compiling module blk_mem_gen_v8_4_1.blk_mem_gen_v8_4_1_softecc_outpu...
Compiling module blk_mem_gen_v8_4_1.blk_mem_gen_v8_4_1_mem_module(C_...
Compiling module blk_mem_gen_v8_4_1.blk_mem_gen_v8_4_1(C_FAMILY="art...
Compiling module xil_defaultlib.DRAM
Compiling module xil_defaultlib.dram_driver
Compiling module xil_defaultlib.seven_seg
Compiling module xil_defaultlib.benchmark
Compiling module xil_defaultlib.top
Compiling module xil_defaultlib.tb_Top
Compiling module xil_defaultlib.glbl
Built simulation snapshot tb_Top_behav
run_program: Time (s): cpu = 00:00:00 ; elapsed = 00:00:06 . Memory (MB): peak = 899.914 ; gain = 0.000
INFO: [USF-XSim-69] 'elaborate' step finished in '6' seconds
launch_simulation: Time (s): cpu = 00:00:00 ; elapsed = 00:00:06 . Memory (MB): peak = 899.914 ; gain = 0.000
Vivado Simulator 2017.4
Time resolution is 1 ps
WARNING: This core is supplied with a behavioral model. To model cycle-accurate behavior you must run timing simulation.
 Block Memory Generator module loading initial data...
 Block Memory Generator data initialization complete.
Block Memory Generator module tb_Top.dut.u_benchmark.dram_driver_inst.Mem_DRAM.inst.native_mem_module.blk_mem_gen_v8_4_1_inst is using a behavioral model for simulation which will not precisely model memory collision behavior.
save to testbench.wave
Warning : input CLKIN1 period and attribute CLKIN1_PERIOD on PLLE2_ADV instance tb_Top.dut.pll_inst.inst.plle2_adv_inst are not same.
relaunch_sim: Time (s): cpu = 00:00:01 ; elapsed = 00:00:11 . Memory (MB): peak = 899.914 ; gain = 0.000
relaunch_sim
INFO: [Vivado 12-5698] Checking validity of IPs in the design for the 'XSim' simulator...
INFO: [Vivado 12-5682] Launching behavioral simulation in 'D:/Vivado/code/SME309-RISCV-tmpl/vivado/vivado_proj.sim/sim_1/behav/xsim'
INFO: [Vivado 12-4795] Using compiled simulation libraries for IPs
INFO: [SIM-utils-51] Simulation object is 'sim_1'
INFO: [USF-XSim-7] Finding pre-compiled libraries...
INFO: [USF-XSim-11] File 'D:/Vivado/Vivado/2017.4/data/xsim/ip/xsim_ip.ini' copied to run dir:'D:/Vivado/code/SME309-RISCV-tmpl/vivado/vivado_proj.sim/sim_1/behav/xsim'
INFO: [SIM-utils-54] Inspecting design source files for 'tb_Top' in fileset 'sim_1'...
INFO: [SIM-utils-43] Exported 'D:/Vivado/code/SME309-RISCV-tmpl/vivado/vivado_proj.sim/sim_1/behav/xsim/DRAM.mif'
INFO: [SIM-utils-43] Exported 'D:/Vivado/code/SME309-RISCV-tmpl/vivado/vivado_proj.sim/sim_1/behav/xsim/all_test_case.coe'
INFO: [SIM-utils-43] Exported 'D:/Vivado/code/SME309-RISCV-tmpl/vivado/vivado_proj.sim/sim_1/behav/xsim/IROM.mif'
INFO: [SIM-utils-43] Exported 'D:/Vivado/code/SME309-RISCV-tmpl/vivado/vivado_proj.sim/sim_1/behav/xsim/all_test.coe'
INFO: [SIM-utils-43] Exported 'D:/Vivado/code/SME309-RISCV-tmpl/vivado/vivado_proj.sim/sim_1/behav/xsim/add_loop.coe'
INFO: [USF-XSim-97] Finding global include files...
INFO: [USF-XSim-98] Fetching design files from 'sim_1'...
INFO: [USF-XSim-2] XSim::Compile design
INFO: [USF-XSim-61] Executing 'COMPILE and ANALYZE' step in 'D:/Vivado/code/SME309-RISCV-tmpl/vivado/vivado_proj.sim/sim_1/behav/xsim'
"xvlog --incr --relax -prj tb_Top_vlog.prj"
INFO: [VRFC 10-2263] Analyzing Verilog file "D:/Vivado/code/SME309-RISCV-tmpl/vivado/vivado_proj.srcs/sources_1/ip/DRAM/sim/DRAM.v" into library xil_defaultlib
INFO: [VRFC 10-311] analyzing module DRAM
INFO: [VRFC 10-2263] Analyzing Verilog file "D:/Vivado/code/SME309-RISCV-tmpl/vivado/vivado_proj.srcs/sources_1/ip/IROM/sim/IROM.v" into library xil_defaultlib
INFO: [VRFC 10-311] analyzing module IROM
INFO: [VRFC 10-2263] Analyzing Verilog file "D:/Vivado/code/SME309-RISCV-tmpl/vivado/vivado_proj.srcs/sources_1/ip/pll/pll_clk_wiz.v" into library xil_defaultlib
INFO: [VRFC 10-311] analyzing module pll_clk_wiz
INFO: [VRFC 10-2263] Analyzing Verilog file "D:/Vivado/code/SME309-RISCV-tmpl/vivado/vivado_proj.srcs/sources_1/ip/pll/pll.v" into library xil_defaultlib
INFO: [VRFC 10-311] analyzing module pll
INFO: [VRFC 10-2263] Analyzing Verilog file "D:/Vivado/code/SME309-RISCV-tmpl/vivado/vivado_proj.srcs/sources_1/new/Alu.v" into library xil_defaultlib
INFO: [VRFC 10-311] analyzing module Alu
INFO: [VRFC 10-2263] Analyzing Verilog file "D:/Vivado/code/SME309-RISCV-tmpl/rtl/cpu/CPU_TOP.v" into library xil_defaultlib
INFO: [VRFC 10-311] analyzing module CPU
INFO: [VRFC 10-2263] Analyzing Verilog file "D:/Vivado/code/SME309-RISCV-tmpl/vivado/vivado_proj.srcs/sources_1/new/Control.v" into library xil_defaultlib
INFO: [VRFC 10-311] analyzing module Control
WARNING: [VRFC 10-2502] extra semicolon in $unit (global) scope [D:/Vivado/code/SME309-RISCV-tmpl/vivado/vivado_proj.srcs/sources_1/new/Control.v:279]
INFO: [VRFC 10-2263] Analyzing Verilog file "D:/Vivado/code/SME309-RISCV-tmpl/vivado/vivado_proj.srcs/sources_1/new/Decoder.v" into library xil_defaultlib
INFO: [VRFC 10-311] analyzing module Decoder
WARNING: [VRFC 10-2502] extra semicolon in $unit (global) scope [D:/Vivado/code/SME309-RISCV-tmpl/vivado/vivado_proj.srcs/sources_1/new/Decoder.v:19]
INFO: [VRFC 10-2263] Analyzing Verilog file "D:/Vivado/code/SME309-RISCV-tmpl/vivado/vivado_proj.srcs/sources_1/new/Extend.v" into library xil_defaultlib
INFO: [VRFC 10-311] analyzing module Extend
WARNING: [VRFC 10-2502] extra semicolon in $unit (global) scope [D:/Vivado/code/SME309-RISCV-tmpl/vivado/vivado_proj.srcs/sources_1/new/Extend.v:37]
INFO: [VRFC 10-2263] Analyzing Verilog file "D:/Vivado/code/SME309-RISCV-tmpl/vivado/vivado_proj.srcs/sources_1/new/Memdata.v" into library xil_defaultlib
INFO: [VRFC 10-311] analyzing module Memdata
INFO: [VRFC 10-2263] Analyzing Verilog file "D:/Vivado/code/SME309-RISCV-tmpl/vivado/vivado_proj.srcs/sources_1/new/ProgramCounter.v" into library xil_defaultlib
INFO: [VRFC 10-311] analyzing module ProgramCounter
INFO: [VRFC 10-2263] Analyzing Verilog file "D:/Vivado/code/SME309-RISCV-tmpl/vivado/vivado_proj.srcs/sources_1/new/RegisterFile.v" into library xil_defaultlib
INFO: [VRFC 10-311] analyzing module RegisterFile
INFO: [VRFC 10-2263] Analyzing Verilog file "D:/Vivado/code/SME309-RISCV-tmpl/rtl/benchmark.v" into library xil_defaultlib
WARNING: [VRFC 10-998] macro MEM_ADDR_START redefined [../../../../../rtl/define.v:6]
WARNING: [VRFC 10-998] macro MEM_ADDR_END redefined [../../../../../rtl/define.v:7]
INFO: [VRFC 10-311] analyzing module benchmark
INFO: [VRFC 10-2263] Analyzing Verilog file "D:/Vivado/code/SME309-RISCV-tmpl/rtl/dram_driver.v" into library xil_defaultlib
INFO: [VRFC 10-311] analyzing module dram_driver
INFO: [VRFC 10-2263] Analyzing Verilog file "D:/Vivado/code/SME309-RISCV-tmpl/rtl/seven_seg.v" into library xil_defaultlib
INFO: [VRFC 10-311] analyzing module seven_seg
INFO: [VRFC 10-2263] Analyzing Verilog file "D:/Vivado/code/SME309-RISCV-tmpl/vivado/top.v" into library xil_defaultlib
INFO: [VRFC 10-311] analyzing module top
INFO: [VRFC 10-2263] Analyzing Verilog file "D:/Vivado/code/SME309-RISCV-tmpl/sim/tb_top.v" into library xil_defaultlib
INFO: [VRFC 10-311] analyzing module tb_Top
INFO: [USF-XSim-69] 'compile' step finished in '2' seconds
INFO: [Vivado 12-5698] Checking validity of IPs in the design for the 'XSim' simulator...
INFO: [Vivado 12-5682] Launching behavioral simulation in 'D:/Vivado/code/SME309-RISCV-tmpl/vivado/vivado_proj.sim/sim_1/behav/xsim'
INFO: [Vivado 12-4795] Using compiled simulation libraries for IPs
INFO: [USF-XSim-3] XSim::Elaborate design
INFO: [USF-XSim-61] Executing 'ELABORATE' step in 'D:/Vivado/code/SME309-RISCV-tmpl/vivado/vivado_proj.sim/sim_1/behav/xsim'
Vivado Simulator 2017.4
Copyright 1986-1999, 2001-2016 Xilinx, Inc. All Rights Reserved.
Running: D:/Vivado/Vivado/2017.4/bin/unwrapped/win64.o/xelab.exe -wto 3e6eff3e2d4a4c50a15ac3f36e4eed88 --incr --debug typical --relax --mt 2 -L blk_mem_gen_v8_4_1 -L xil_defaultlib -L dist_mem_gen_v8_0_12 -L unisims_ver -L unimacro_ver -L secureip -L xpm --snapshot tb_Top_behav xil_defaultlib.tb_Top xil_defaultlib.glbl -log elaborate.log 
Using 2 slave threads.
Starting static elaboration
WARNING: [VRFC 10-278] actual bit length 32 differs from formal bit length 10 for port a [D:/Vivado/code/SME309-RISCV-tmpl/rtl/benchmark.v:47]
WARNING: [VRFC 10-1783] select index 62 into current_contents is out of bounds [/wrk/2017.4/nightly/2017_12_15_2086221/packages/customer/vivado/data/ip/xilinx/blk_mem_gen_v8_4/simulation/blk_mem_gen_v8_4.v:2420]
Completed static elaboration
Starting simulation data flow analysis
Completed simulation data flow analysis
Time Resolution for simulation is 1ps
Compiling module unisims_ver.IBUF
Compiling module unisims_ver.PLLE2_ADV(CLKFBOUT_MULT=17,CLKIN...
Compiling module unisims_ver.BUFG
Compiling module xil_defaultlib.pll_clk_wiz
Compiling module xil_defaultlib.pll
Compiling module xil_defaultlib.Decoder
Compiling module xil_defaultlib.Control
Compiling module xil_defaultlib.Extend
Compiling module xil_defaultlib.RegisterFile
Compiling module xil_defaultlib.Alu
Compiling module xil_defaultlib.ProgramCounter
Compiling module xil_defaultlib.Memdata
Compiling module xil_defaultlib.CPU
Compiling module dist_mem_gen_v8_0_12.dist_mem_gen_v8_0_12(C_FAMILY="a...
Compiling module xil_defaultlib.IROM
Compiling module blk_mem_gen_v8_4_1.blk_mem_gen_v8_4_1_output_stage(...
Compiling module blk_mem_gen_v8_4_1.blk_mem_gen_v8_4_1_output_stage(...
Compiling module blk_mem_gen_v8_4_1.blk_mem_gen_v8_4_1_softecc_outpu...
Compiling module blk_mem_gen_v8_4_1.blk_mem_gen_v8_4_1_mem_module(C_...
Compiling module blk_mem_gen_v8_4_1.blk_mem_gen_v8_4_1(C_FAMILY="art...
Compiling module xil_defaultlib.DRAM
Compiling module xil_defaultlib.dram_driver
Compiling module xil_defaultlib.seven_seg
Compiling module xil_defaultlib.benchmark
Compiling module xil_defaultlib.top
Compiling module xil_defaultlib.tb_Top
Compiling module xil_defaultlib.glbl
Built simulation snapshot tb_Top_behav
run_program: Time (s): cpu = 00:00:01 ; elapsed = 00:00:06 . Memory (MB): peak = 901.840 ; gain = 0.000
INFO: [USF-XSim-69] 'elaborate' step finished in '6' seconds
launch_simulation: Time (s): cpu = 00:00:01 ; elapsed = 00:00:06 . Memory (MB): peak = 901.840 ; gain = 0.000
Vivado Simulator 2017.4
Time resolution is 1 ps
WARNING: This core is supplied with a behavioral model. To model cycle-accurate behavior you must run timing simulation.
 Block Memory Generator module loading initial data...
 Block Memory Generator data initialization complete.
Block Memory Generator module tb_Top.dut.u_benchmark.dram_driver_inst.Mem_DRAM.inst.native_mem_module.blk_mem_gen_v8_4_1_inst is using a behavioral model for simulation which will not precisely model memory collision behavior.
save to testbench.wave
Warning : input CLKIN1 period and attribute CLKIN1_PERIOD on PLLE2_ADV instance tb_Top.dut.pll_inst.inst.plle2_adv_inst are not same.
relaunch_sim: Time (s): cpu = 00:00:03 ; elapsed = 00:00:11 . Memory (MB): peak = 901.840 ; gain = 0.000
relaunch_sim
INFO: [Vivado 12-5698] Checking validity of IPs in the design for the 'XSim' simulator...
INFO: [Vivado 12-5682] Launching behavioral simulation in 'D:/Vivado/code/SME309-RISCV-tmpl/vivado/vivado_proj.sim/sim_1/behav/xsim'
INFO: [Vivado 12-4795] Using compiled simulation libraries for IPs
INFO: [SIM-utils-51] Simulation object is 'sim_1'
INFO: [USF-XSim-7] Finding pre-compiled libraries...
INFO: [USF-XSim-11] File 'D:/Vivado/Vivado/2017.4/data/xsim/ip/xsim_ip.ini' copied to run dir:'D:/Vivado/code/SME309-RISCV-tmpl/vivado/vivado_proj.sim/sim_1/behav/xsim'
INFO: [SIM-utils-54] Inspecting design source files for 'tb_Top' in fileset 'sim_1'...
INFO: [SIM-utils-43] Exported 'D:/Vivado/code/SME309-RISCV-tmpl/vivado/vivado_proj.sim/sim_1/behav/xsim/DRAM.mif'
INFO: [SIM-utils-43] Exported 'D:/Vivado/code/SME309-RISCV-tmpl/vivado/vivado_proj.sim/sim_1/behav/xsim/all_test_case.coe'
INFO: [SIM-utils-43] Exported 'D:/Vivado/code/SME309-RISCV-tmpl/vivado/vivado_proj.sim/sim_1/behav/xsim/IROM.mif'
INFO: [SIM-utils-43] Exported 'D:/Vivado/code/SME309-RISCV-tmpl/vivado/vivado_proj.sim/sim_1/behav/xsim/all_test.coe'
INFO: [SIM-utils-43] Exported 'D:/Vivado/code/SME309-RISCV-tmpl/vivado/vivado_proj.sim/sim_1/behav/xsim/add_loop.coe'
INFO: [USF-XSim-97] Finding global include files...
INFO: [USF-XSim-98] Fetching design files from 'sim_1'...
INFO: [USF-XSim-2] XSim::Compile design
INFO: [USF-XSim-61] Executing 'COMPILE and ANALYZE' step in 'D:/Vivado/code/SME309-RISCV-tmpl/vivado/vivado_proj.sim/sim_1/behav/xsim'
"xvlog --incr --relax -prj tb_Top_vlog.prj"
INFO: [VRFC 10-2263] Analyzing Verilog file "D:/Vivado/code/SME309-RISCV-tmpl/vivado/vivado_proj.srcs/sources_1/ip/DRAM/sim/DRAM.v" into library xil_defaultlib
INFO: [VRFC 10-311] analyzing module DRAM
INFO: [VRFC 10-2263] Analyzing Verilog file "D:/Vivado/code/SME309-RISCV-tmpl/vivado/vivado_proj.srcs/sources_1/ip/IROM/sim/IROM.v" into library xil_defaultlib
INFO: [VRFC 10-311] analyzing module IROM
INFO: [VRFC 10-2263] Analyzing Verilog file "D:/Vivado/code/SME309-RISCV-tmpl/vivado/vivado_proj.srcs/sources_1/ip/pll/pll_clk_wiz.v" into library xil_defaultlib
INFO: [VRFC 10-311] analyzing module pll_clk_wiz
INFO: [VRFC 10-2263] Analyzing Verilog file "D:/Vivado/code/SME309-RISCV-tmpl/vivado/vivado_proj.srcs/sources_1/ip/pll/pll.v" into library xil_defaultlib
INFO: [VRFC 10-311] analyzing module pll
INFO: [VRFC 10-2263] Analyzing Verilog file "D:/Vivado/code/SME309-RISCV-tmpl/vivado/vivado_proj.srcs/sources_1/new/Alu.v" into library xil_defaultlib
INFO: [VRFC 10-311] analyzing module Alu
INFO: [VRFC 10-2263] Analyzing Verilog file "D:/Vivado/code/SME309-RISCV-tmpl/rtl/cpu/CPU_TOP.v" into library xil_defaultlib
INFO: [VRFC 10-311] analyzing module CPU
INFO: [VRFC 10-2263] Analyzing Verilog file "D:/Vivado/code/SME309-RISCV-tmpl/vivado/vivado_proj.srcs/sources_1/new/Control.v" into library xil_defaultlib
INFO: [VRFC 10-311] analyzing module Control
WARNING: [VRFC 10-2502] extra semicolon in $unit (global) scope [D:/Vivado/code/SME309-RISCV-tmpl/vivado/vivado_proj.srcs/sources_1/new/Control.v:279]
INFO: [VRFC 10-2263] Analyzing Verilog file "D:/Vivado/code/SME309-RISCV-tmpl/vivado/vivado_proj.srcs/sources_1/new/Decoder.v" into library xil_defaultlib
INFO: [VRFC 10-311] analyzing module Decoder
WARNING: [VRFC 10-2502] extra semicolon in $unit (global) scope [D:/Vivado/code/SME309-RISCV-tmpl/vivado/vivado_proj.srcs/sources_1/new/Decoder.v:19]
INFO: [VRFC 10-2263] Analyzing Verilog file "D:/Vivado/code/SME309-RISCV-tmpl/vivado/vivado_proj.srcs/sources_1/new/Extend.v" into library xil_defaultlib
INFO: [VRFC 10-311] analyzing module Extend
WARNING: [VRFC 10-2502] extra semicolon in $unit (global) scope [D:/Vivado/code/SME309-RISCV-tmpl/vivado/vivado_proj.srcs/sources_1/new/Extend.v:37]
INFO: [VRFC 10-2263] Analyzing Verilog file "D:/Vivado/code/SME309-RISCV-tmpl/vivado/vivado_proj.srcs/sources_1/new/Memdata.v" into library xil_defaultlib
INFO: [VRFC 10-311] analyzing module Memdata
INFO: [VRFC 10-2263] Analyzing Verilog file "D:/Vivado/code/SME309-RISCV-tmpl/vivado/vivado_proj.srcs/sources_1/new/ProgramCounter.v" into library xil_defaultlib
INFO: [VRFC 10-311] analyzing module ProgramCounter
INFO: [VRFC 10-2263] Analyzing Verilog file "D:/Vivado/code/SME309-RISCV-tmpl/vivado/vivado_proj.srcs/sources_1/new/RegisterFile.v" into library xil_defaultlib
INFO: [VRFC 10-311] analyzing module RegisterFile
INFO: [VRFC 10-2263] Analyzing Verilog file "D:/Vivado/code/SME309-RISCV-tmpl/rtl/benchmark.v" into library xil_defaultlib
WARNING: [VRFC 10-998] macro MEM_ADDR_START redefined [../../../../../rtl/define.v:6]
WARNING: [VRFC 10-998] macro MEM_ADDR_END redefined [../../../../../rtl/define.v:7]
INFO: [VRFC 10-311] analyzing module benchmark
INFO: [VRFC 10-2263] Analyzing Verilog file "D:/Vivado/code/SME309-RISCV-tmpl/rtl/dram_driver.v" into library xil_defaultlib
INFO: [VRFC 10-311] analyzing module dram_driver
INFO: [VRFC 10-2263] Analyzing Verilog file "D:/Vivado/code/SME309-RISCV-tmpl/rtl/seven_seg.v" into library xil_defaultlib
INFO: [VRFC 10-311] analyzing module seven_seg
INFO: [VRFC 10-2263] Analyzing Verilog file "D:/Vivado/code/SME309-RISCV-tmpl/vivado/top.v" into library xil_defaultlib
INFO: [VRFC 10-311] analyzing module top
INFO: [VRFC 10-2263] Analyzing Verilog file "D:/Vivado/code/SME309-RISCV-tmpl/sim/tb_top.v" into library xil_defaultlib
INFO: [VRFC 10-311] analyzing module tb_Top
INFO: [USF-XSim-69] 'compile' step finished in '2' seconds
INFO: [Vivado 12-5698] Checking validity of IPs in the design for the 'XSim' simulator...
INFO: [Vivado 12-5682] Launching behavioral simulation in 'D:/Vivado/code/SME309-RISCV-tmpl/vivado/vivado_proj.sim/sim_1/behav/xsim'
INFO: [Vivado 12-4795] Using compiled simulation libraries for IPs
INFO: [USF-XSim-3] XSim::Elaborate design
INFO: [USF-XSim-61] Executing 'ELABORATE' step in 'D:/Vivado/code/SME309-RISCV-tmpl/vivado/vivado_proj.sim/sim_1/behav/xsim'
Vivado Simulator 2017.4
Copyright 1986-1999, 2001-2016 Xilinx, Inc. All Rights Reserved.
Running: D:/Vivado/Vivado/2017.4/bin/unwrapped/win64.o/xelab.exe -wto 3e6eff3e2d4a4c50a15ac3f36e4eed88 --incr --debug typical --relax --mt 2 -L blk_mem_gen_v8_4_1 -L xil_defaultlib -L dist_mem_gen_v8_0_12 -L unisims_ver -L unimacro_ver -L secureip -L xpm --snapshot tb_Top_behav xil_defaultlib.tb_Top xil_defaultlib.glbl -log elaborate.log 
Using 2 slave threads.
Starting static elaboration
WARNING: [VRFC 10-278] actual bit length 32 differs from formal bit length 10 for port a [D:/Vivado/code/SME309-RISCV-tmpl/rtl/benchmark.v:47]
WARNING: [VRFC 10-1783] select index 62 into current_contents is out of bounds [/wrk/2017.4/nightly/2017_12_15_2086221/packages/customer/vivado/data/ip/xilinx/blk_mem_gen_v8_4/simulation/blk_mem_gen_v8_4.v:2420]
Completed static elaboration
Starting simulation data flow analysis
Completed simulation data flow analysis
Time Resolution for simulation is 1ps
Compiling module unisims_ver.IBUF
Compiling module unisims_ver.PLLE2_ADV(CLKFBOUT_MULT=17,CLKIN...
Compiling module unisims_ver.BUFG
Compiling module xil_defaultlib.pll_clk_wiz
Compiling module xil_defaultlib.pll
Compiling module xil_defaultlib.Decoder
Compiling module xil_defaultlib.Control
Compiling module xil_defaultlib.Extend
Compiling module xil_defaultlib.RegisterFile
Compiling module xil_defaultlib.Alu
Compiling module xil_defaultlib.ProgramCounter
Compiling module xil_defaultlib.Memdata
Compiling module xil_defaultlib.CPU
Compiling module dist_mem_gen_v8_0_12.dist_mem_gen_v8_0_12(C_FAMILY="a...
Compiling module xil_defaultlib.IROM
Compiling module blk_mem_gen_v8_4_1.blk_mem_gen_v8_4_1_output_stage(...
Compiling module blk_mem_gen_v8_4_1.blk_mem_gen_v8_4_1_output_stage(...
Compiling module blk_mem_gen_v8_4_1.blk_mem_gen_v8_4_1_softecc_outpu...
Compiling module blk_mem_gen_v8_4_1.blk_mem_gen_v8_4_1_mem_module(C_...
Compiling module blk_mem_gen_v8_4_1.blk_mem_gen_v8_4_1(C_FAMILY="art...
Compiling module xil_defaultlib.DRAM
Compiling module xil_defaultlib.dram_driver
Compiling module xil_defaultlib.seven_seg
Compiling module xil_defaultlib.benchmark
Compiling module xil_defaultlib.top
Compiling module xil_defaultlib.tb_Top
Compiling module xil_defaultlib.glbl
Built simulation snapshot tb_Top_behav
run_program: Time (s): cpu = 00:00:01 ; elapsed = 00:00:07 . Memory (MB): peak = 901.918 ; gain = 0.000
INFO: [USF-XSim-69] 'elaborate' step finished in '7' seconds
launch_simulation: Time (s): cpu = 00:00:01 ; elapsed = 00:00:07 . Memory (MB): peak = 901.918 ; gain = 0.000
Vivado Simulator 2017.4
Time resolution is 1 ps
WARNING: This core is supplied with a behavioral model. To model cycle-accurate behavior you must run timing simulation.
 Block Memory Generator module loading initial data...
 Block Memory Generator data initialization complete.
Block Memory Generator module tb_Top.dut.u_benchmark.dram_driver_inst.Mem_DRAM.inst.native_mem_module.blk_mem_gen_v8_4_1_inst is using a behavioral model for simulation which will not precisely model memory collision behavior.
save to testbench.wave
Warning : input CLKIN1 period and attribute CLKIN1_PERIOD on PLLE2_ADV instance tb_Top.dut.pll_inst.inst.plle2_adv_inst are not same.
relaunch_sim: Time (s): cpu = 00:00:02 ; elapsed = 00:00:13 . Memory (MB): peak = 901.918 ; gain = 0.000
run 100000 us
$finish called at time : 100010 ns : File "D:/Vivado/code/SME309-RISCV-tmpl/sim/tb_top.v" Line 32
run: Time (s): cpu = 00:00:15 ; elapsed = 00:00:25 . Memory (MB): peak = 901.918 ; gain = 0.000
relaunch_sim
INFO: [Vivado 12-5698] Checking validity of IPs in the design for the 'XSim' simulator...
INFO: [Vivado 12-5682] Launching behavioral simulation in 'D:/Vivado/code/SME309-RISCV-tmpl/vivado/vivado_proj.sim/sim_1/behav/xsim'
INFO: [Vivado 12-4795] Using compiled simulation libraries for IPs
INFO: [SIM-utils-51] Simulation object is 'sim_1'
INFO: [USF-XSim-7] Finding pre-compiled libraries...
INFO: [USF-XSim-11] File 'D:/Vivado/Vivado/2017.4/data/xsim/ip/xsim_ip.ini' copied to run dir:'D:/Vivado/code/SME309-RISCV-tmpl/vivado/vivado_proj.sim/sim_1/behav/xsim'
INFO: [SIM-utils-54] Inspecting design source files for 'tb_Top' in fileset 'sim_1'...
INFO: [SIM-utils-43] Exported 'D:/Vivado/code/SME309-RISCV-tmpl/vivado/vivado_proj.sim/sim_1/behav/xsim/DRAM.mif'
INFO: [SIM-utils-43] Exported 'D:/Vivado/code/SME309-RISCV-tmpl/vivado/vivado_proj.sim/sim_1/behav/xsim/all_test_case.coe'
INFO: [SIM-utils-43] Exported 'D:/Vivado/code/SME309-RISCV-tmpl/vivado/vivado_proj.sim/sim_1/behav/xsim/IROM.mif'
INFO: [SIM-utils-43] Exported 'D:/Vivado/code/SME309-RISCV-tmpl/vivado/vivado_proj.sim/sim_1/behav/xsim/all_test.coe'
INFO: [SIM-utils-43] Exported 'D:/Vivado/code/SME309-RISCV-tmpl/vivado/vivado_proj.sim/sim_1/behav/xsim/add_loop.coe'
INFO: [USF-XSim-97] Finding global include files...
INFO: [USF-XSim-98] Fetching design files from 'sim_1'...
INFO: [USF-XSim-2] XSim::Compile design
INFO: [USF-XSim-61] Executing 'COMPILE and ANALYZE' step in 'D:/Vivado/code/SME309-RISCV-tmpl/vivado/vivado_proj.sim/sim_1/behav/xsim'
"xvlog --incr --relax -prj tb_Top_vlog.prj"
INFO: [VRFC 10-2263] Analyzing Verilog file "D:/Vivado/code/SME309-RISCV-tmpl/vivado/vivado_proj.srcs/sources_1/ip/DRAM/sim/DRAM.v" into library xil_defaultlib
INFO: [VRFC 10-311] analyzing module DRAM
INFO: [VRFC 10-2263] Analyzing Verilog file "D:/Vivado/code/SME309-RISCV-tmpl/vivado/vivado_proj.srcs/sources_1/ip/IROM/sim/IROM.v" into library xil_defaultlib
INFO: [VRFC 10-311] analyzing module IROM
INFO: [VRFC 10-2263] Analyzing Verilog file "D:/Vivado/code/SME309-RISCV-tmpl/vivado/vivado_proj.srcs/sources_1/ip/pll/pll_clk_wiz.v" into library xil_defaultlib
INFO: [VRFC 10-311] analyzing module pll_clk_wiz
INFO: [VRFC 10-2263] Analyzing Verilog file "D:/Vivado/code/SME309-RISCV-tmpl/vivado/vivado_proj.srcs/sources_1/ip/pll/pll.v" into library xil_defaultlib
INFO: [VRFC 10-311] analyzing module pll
INFO: [VRFC 10-2263] Analyzing Verilog file "D:/Vivado/code/SME309-RISCV-tmpl/vivado/vivado_proj.srcs/sources_1/new/Alu.v" into library xil_defaultlib
INFO: [VRFC 10-311] analyzing module Alu
INFO: [VRFC 10-2263] Analyzing Verilog file "D:/Vivado/code/SME309-RISCV-tmpl/rtl/cpu/CPU_TOP.v" into library xil_defaultlib
INFO: [VRFC 10-311] analyzing module CPU
INFO: [VRFC 10-2263] Analyzing Verilog file "D:/Vivado/code/SME309-RISCV-tmpl/vivado/vivado_proj.srcs/sources_1/new/Control.v" into library xil_defaultlib
INFO: [VRFC 10-311] analyzing module Control
WARNING: [VRFC 10-2502] extra semicolon in $unit (global) scope [D:/Vivado/code/SME309-RISCV-tmpl/vivado/vivado_proj.srcs/sources_1/new/Control.v:279]
INFO: [VRFC 10-2263] Analyzing Verilog file "D:/Vivado/code/SME309-RISCV-tmpl/vivado/vivado_proj.srcs/sources_1/new/Decoder.v" into library xil_defaultlib
INFO: [VRFC 10-311] analyzing module Decoder
WARNING: [VRFC 10-2502] extra semicolon in $unit (global) scope [D:/Vivado/code/SME309-RISCV-tmpl/vivado/vivado_proj.srcs/sources_1/new/Decoder.v:19]
INFO: [VRFC 10-2263] Analyzing Verilog file "D:/Vivado/code/SME309-RISCV-tmpl/vivado/vivado_proj.srcs/sources_1/new/Extend.v" into library xil_defaultlib
INFO: [VRFC 10-311] analyzing module Extend
WARNING: [VRFC 10-2502] extra semicolon in $unit (global) scope [D:/Vivado/code/SME309-RISCV-tmpl/vivado/vivado_proj.srcs/sources_1/new/Extend.v:37]
INFO: [VRFC 10-2263] Analyzing Verilog file "D:/Vivado/code/SME309-RISCV-tmpl/vivado/vivado_proj.srcs/sources_1/new/Memdata.v" into library xil_defaultlib
INFO: [VRFC 10-311] analyzing module Memdata
INFO: [VRFC 10-2263] Analyzing Verilog file "D:/Vivado/code/SME309-RISCV-tmpl/vivado/vivado_proj.srcs/sources_1/new/ProgramCounter.v" into library xil_defaultlib
INFO: [VRFC 10-311] analyzing module ProgramCounter
INFO: [VRFC 10-2263] Analyzing Verilog file "D:/Vivado/code/SME309-RISCV-tmpl/vivado/vivado_proj.srcs/sources_1/new/RegisterFile.v" into library xil_defaultlib
INFO: [VRFC 10-311] analyzing module RegisterFile
INFO: [VRFC 10-2263] Analyzing Verilog file "D:/Vivado/code/SME309-RISCV-tmpl/rtl/benchmark.v" into library xil_defaultlib
WARNING: [VRFC 10-998] macro MEM_ADDR_START redefined [../../../../../rtl/define.v:6]
WARNING: [VRFC 10-998] macro MEM_ADDR_END redefined [../../../../../rtl/define.v:7]
INFO: [VRFC 10-311] analyzing module benchmark
INFO: [VRFC 10-2263] Analyzing Verilog file "D:/Vivado/code/SME309-RISCV-tmpl/rtl/dram_driver.v" into library xil_defaultlib
INFO: [VRFC 10-311] analyzing module dram_driver
INFO: [VRFC 10-2263] Analyzing Verilog file "D:/Vivado/code/SME309-RISCV-tmpl/rtl/seven_seg.v" into library xil_defaultlib
INFO: [VRFC 10-311] analyzing module seven_seg
INFO: [VRFC 10-2263] Analyzing Verilog file "D:/Vivado/code/SME309-RISCV-tmpl/vivado/top.v" into library xil_defaultlib
INFO: [VRFC 10-311] analyzing module top
INFO: [VRFC 10-2263] Analyzing Verilog file "D:/Vivado/code/SME309-RISCV-tmpl/sim/tb_top.v" into library xil_defaultlib
INFO: [VRFC 10-311] analyzing module tb_Top
INFO: [USF-XSim-69] 'compile' step finished in '1' seconds
INFO: [Vivado 12-5698] Checking validity of IPs in the design for the 'XSim' simulator...
INFO: [Vivado 12-5682] Launching behavioral simulation in 'D:/Vivado/code/SME309-RISCV-tmpl/vivado/vivado_proj.sim/sim_1/behav/xsim'
INFO: [Vivado 12-4795] Using compiled simulation libraries for IPs
INFO: [USF-XSim-3] XSim::Elaborate design
INFO: [USF-XSim-61] Executing 'ELABORATE' step in 'D:/Vivado/code/SME309-RISCV-tmpl/vivado/vivado_proj.sim/sim_1/behav/xsim'
Vivado Simulator 2017.4
Copyright 1986-1999, 2001-2016 Xilinx, Inc. All Rights Reserved.
Running: D:/Vivado/Vivado/2017.4/bin/unwrapped/win64.o/xelab.exe -wto 3e6eff3e2d4a4c50a15ac3f36e4eed88 --incr --debug typical --relax --mt 2 -L blk_mem_gen_v8_4_1 -L xil_defaultlib -L dist_mem_gen_v8_0_12 -L unisims_ver -L unimacro_ver -L secureip -L xpm --snapshot tb_Top_behav xil_defaultlib.tb_Top xil_defaultlib.glbl -log elaborate.log 
Using 2 slave threads.
Starting static elaboration
WARNING: [VRFC 10-278] actual bit length 32 differs from formal bit length 10 for port a [D:/Vivado/code/SME309-RISCV-tmpl/rtl/benchmark.v:47]
WARNING: [VRFC 10-1783] select index 62 into current_contents is out of bounds [/wrk/2017.4/nightly/2017_12_15_2086221/packages/customer/vivado/data/ip/xilinx/blk_mem_gen_v8_4/simulation/blk_mem_gen_v8_4.v:2420]
Completed static elaboration
Starting simulation data flow analysis
Completed simulation data flow analysis
Time Resolution for simulation is 1ps
Compiling module unisims_ver.IBUF
Compiling module unisims_ver.PLLE2_ADV(CLKFBOUT_MULT=17,CLKIN...
Compiling module unisims_ver.BUFG
Compiling module xil_defaultlib.pll_clk_wiz
Compiling module xil_defaultlib.pll
Compiling module xil_defaultlib.Decoder
Compiling module xil_defaultlib.Control
Compiling module xil_defaultlib.Extend
Compiling module xil_defaultlib.RegisterFile
Compiling module xil_defaultlib.Alu
Compiling module xil_defaultlib.ProgramCounter
Compiling module xil_defaultlib.Memdata
Compiling module xil_defaultlib.CPU
Compiling module dist_mem_gen_v8_0_12.dist_mem_gen_v8_0_12(C_FAMILY="a...
Compiling module xil_defaultlib.IROM
Compiling module blk_mem_gen_v8_4_1.blk_mem_gen_v8_4_1_output_stage(...
Compiling module blk_mem_gen_v8_4_1.blk_mem_gen_v8_4_1_output_stage(...
Compiling module blk_mem_gen_v8_4_1.blk_mem_gen_v8_4_1_softecc_outpu...
Compiling module blk_mem_gen_v8_4_1.blk_mem_gen_v8_4_1_mem_module(C_...
Compiling module blk_mem_gen_v8_4_1.blk_mem_gen_v8_4_1(C_FAMILY="art...
Compiling module xil_defaultlib.DRAM
Compiling module xil_defaultlib.dram_driver
Compiling module xil_defaultlib.seven_seg
Compiling module xil_defaultlib.benchmark
Compiling module xil_defaultlib.top
Compiling module xil_defaultlib.tb_Top
Compiling module xil_defaultlib.glbl
Built simulation snapshot tb_Top_behav
run_program: Time (s): cpu = 00:00:00 ; elapsed = 00:00:06 . Memory (MB): peak = 918.727 ; gain = 0.000
INFO: [USF-XSim-69] 'elaborate' step finished in '6' seconds
launch_simulation: Time (s): cpu = 00:00:00 ; elapsed = 00:00:06 . Memory (MB): peak = 918.727 ; gain = 0.000
Vivado Simulator 2017.4
Time resolution is 1 ps
WARNING: This core is supplied with a behavioral model. To model cycle-accurate behavior you must run timing simulation.
 Block Memory Generator module loading initial data...
 Block Memory Generator data initialization complete.
Block Memory Generator module tb_Top.dut.u_benchmark.dram_driver_inst.Mem_DRAM.inst.native_mem_module.blk_mem_gen_v8_4_1_inst is using a behavioral model for simulation which will not precisely model memory collision behavior.
save to testbench.wave
Warning : input CLKIN1 period and attribute CLKIN1_PERIOD on PLLE2_ADV instance tb_Top.dut.pll_inst.inst.plle2_adv_inst are not same.
relaunch_sim: Time (s): cpu = 00:00:01 ; elapsed = 00:00:11 . Memory (MB): peak = 918.727 ; gain = 0.000
relaunch_sim
INFO: [Vivado 12-5698] Checking validity of IPs in the design for the 'XSim' simulator...
INFO: [Vivado 12-5682] Launching behavioral simulation in 'D:/Vivado/code/SME309-RISCV-tmpl/vivado/vivado_proj.sim/sim_1/behav/xsim'
INFO: [Vivado 12-4795] Using compiled simulation libraries for IPs
INFO: [SIM-utils-51] Simulation object is 'sim_1'
INFO: [USF-XSim-7] Finding pre-compiled libraries...
INFO: [USF-XSim-11] File 'D:/Vivado/Vivado/2017.4/data/xsim/ip/xsim_ip.ini' copied to run dir:'D:/Vivado/code/SME309-RISCV-tmpl/vivado/vivado_proj.sim/sim_1/behav/xsim'
INFO: [SIM-utils-54] Inspecting design source files for 'tb_Top' in fileset 'sim_1'...
INFO: [SIM-utils-43] Exported 'D:/Vivado/code/SME309-RISCV-tmpl/vivado/vivado_proj.sim/sim_1/behav/xsim/DRAM.mif'
INFO: [SIM-utils-43] Exported 'D:/Vivado/code/SME309-RISCV-tmpl/vivado/vivado_proj.sim/sim_1/behav/xsim/all_test_case.coe'
INFO: [SIM-utils-43] Exported 'D:/Vivado/code/SME309-RISCV-tmpl/vivado/vivado_proj.sim/sim_1/behav/xsim/IROM.mif'
INFO: [SIM-utils-43] Exported 'D:/Vivado/code/SME309-RISCV-tmpl/vivado/vivado_proj.sim/sim_1/behav/xsim/all_test.coe'
INFO: [SIM-utils-43] Exported 'D:/Vivado/code/SME309-RISCV-tmpl/vivado/vivado_proj.sim/sim_1/behav/xsim/add_loop.coe'
INFO: [USF-XSim-97] Finding global include files...
INFO: [USF-XSim-98] Fetching design files from 'sim_1'...
INFO: [USF-XSim-2] XSim::Compile design
INFO: [USF-XSim-61] Executing 'COMPILE and ANALYZE' step in 'D:/Vivado/code/SME309-RISCV-tmpl/vivado/vivado_proj.sim/sim_1/behav/xsim'
"xvlog --incr --relax -prj tb_Top_vlog.prj"
INFO: [VRFC 10-2263] Analyzing Verilog file "D:/Vivado/code/SME309-RISCV-tmpl/vivado/vivado_proj.srcs/sources_1/ip/DRAM/sim/DRAM.v" into library xil_defaultlib
INFO: [VRFC 10-311] analyzing module DRAM
INFO: [VRFC 10-2263] Analyzing Verilog file "D:/Vivado/code/SME309-RISCV-tmpl/vivado/vivado_proj.srcs/sources_1/ip/IROM/sim/IROM.v" into library xil_defaultlib
INFO: [VRFC 10-311] analyzing module IROM
INFO: [VRFC 10-2263] Analyzing Verilog file "D:/Vivado/code/SME309-RISCV-tmpl/vivado/vivado_proj.srcs/sources_1/ip/pll/pll_clk_wiz.v" into library xil_defaultlib
INFO: [VRFC 10-311] analyzing module pll_clk_wiz
INFO: [VRFC 10-2263] Analyzing Verilog file "D:/Vivado/code/SME309-RISCV-tmpl/vivado/vivado_proj.srcs/sources_1/ip/pll/pll.v" into library xil_defaultlib
INFO: [VRFC 10-311] analyzing module pll
INFO: [VRFC 10-2263] Analyzing Verilog file "D:/Vivado/code/SME309-RISCV-tmpl/vivado/vivado_proj.srcs/sources_1/new/Alu.v" into library xil_defaultlib
INFO: [VRFC 10-311] analyzing module Alu
INFO: [VRFC 10-2263] Analyzing Verilog file "D:/Vivado/code/SME309-RISCV-tmpl/rtl/cpu/CPU_TOP.v" into library xil_defaultlib
INFO: [VRFC 10-311] analyzing module CPU
INFO: [VRFC 10-2263] Analyzing Verilog file "D:/Vivado/code/SME309-RISCV-tmpl/vivado/vivado_proj.srcs/sources_1/new/Control.v" into library xil_defaultlib
INFO: [VRFC 10-311] analyzing module Control
WARNING: [VRFC 10-2502] extra semicolon in $unit (global) scope [D:/Vivado/code/SME309-RISCV-tmpl/vivado/vivado_proj.srcs/sources_1/new/Control.v:279]
INFO: [VRFC 10-2263] Analyzing Verilog file "D:/Vivado/code/SME309-RISCV-tmpl/vivado/vivado_proj.srcs/sources_1/new/Decoder.v" into library xil_defaultlib
INFO: [VRFC 10-311] analyzing module Decoder
WARNING: [VRFC 10-2502] extra semicolon in $unit (global) scope [D:/Vivado/code/SME309-RISCV-tmpl/vivado/vivado_proj.srcs/sources_1/new/Decoder.v:19]
INFO: [VRFC 10-2263] Analyzing Verilog file "D:/Vivado/code/SME309-RISCV-tmpl/vivado/vivado_proj.srcs/sources_1/new/Extend.v" into library xil_defaultlib
INFO: [VRFC 10-311] analyzing module Extend
WARNING: [VRFC 10-2502] extra semicolon in $unit (global) scope [D:/Vivado/code/SME309-RISCV-tmpl/vivado/vivado_proj.srcs/sources_1/new/Extend.v:37]
INFO: [VRFC 10-2263] Analyzing Verilog file "D:/Vivado/code/SME309-RISCV-tmpl/vivado/vivado_proj.srcs/sources_1/new/Memdata.v" into library xil_defaultlib
INFO: [VRFC 10-311] analyzing module Memdata
INFO: [VRFC 10-2263] Analyzing Verilog file "D:/Vivado/code/SME309-RISCV-tmpl/vivado/vivado_proj.srcs/sources_1/new/ProgramCounter.v" into library xil_defaultlib
INFO: [VRFC 10-311] analyzing module ProgramCounter
INFO: [VRFC 10-2263] Analyzing Verilog file "D:/Vivado/code/SME309-RISCV-tmpl/vivado/vivado_proj.srcs/sources_1/new/RegisterFile.v" into library xil_defaultlib
INFO: [VRFC 10-311] analyzing module RegisterFile
INFO: [VRFC 10-2263] Analyzing Verilog file "D:/Vivado/code/SME309-RISCV-tmpl/rtl/benchmark.v" into library xil_defaultlib
WARNING: [VRFC 10-998] macro MEM_ADDR_START redefined [../../../../../rtl/define.v:6]
WARNING: [VRFC 10-998] macro MEM_ADDR_END redefined [../../../../../rtl/define.v:7]
INFO: [VRFC 10-311] analyzing module benchmark
INFO: [VRFC 10-2263] Analyzing Verilog file "D:/Vivado/code/SME309-RISCV-tmpl/rtl/dram_driver.v" into library xil_defaultlib
INFO: [VRFC 10-311] analyzing module dram_driver
INFO: [VRFC 10-2263] Analyzing Verilog file "D:/Vivado/code/SME309-RISCV-tmpl/rtl/seven_seg.v" into library xil_defaultlib
INFO: [VRFC 10-311] analyzing module seven_seg
INFO: [VRFC 10-2263] Analyzing Verilog file "D:/Vivado/code/SME309-RISCV-tmpl/vivado/top.v" into library xil_defaultlib
INFO: [VRFC 10-311] analyzing module top
INFO: [VRFC 10-2263] Analyzing Verilog file "D:/Vivado/code/SME309-RISCV-tmpl/sim/tb_top.v" into library xil_defaultlib
INFO: [VRFC 10-311] analyzing module tb_Top
INFO: [USF-XSim-69] 'compile' step finished in '2' seconds
INFO: [Vivado 12-5698] Checking validity of IPs in the design for the 'XSim' simulator...
INFO: [Vivado 12-5682] Launching behavioral simulation in 'D:/Vivado/code/SME309-RISCV-tmpl/vivado/vivado_proj.sim/sim_1/behav/xsim'
INFO: [Vivado 12-4795] Using compiled simulation libraries for IPs
INFO: [USF-XSim-3] XSim::Elaborate design
INFO: [USF-XSim-61] Executing 'ELABORATE' step in 'D:/Vivado/code/SME309-RISCV-tmpl/vivado/vivado_proj.sim/sim_1/behav/xsim'
Vivado Simulator 2017.4
Copyright 1986-1999, 2001-2016 Xilinx, Inc. All Rights Reserved.
Running: D:/Vivado/Vivado/2017.4/bin/unwrapped/win64.o/xelab.exe -wto 3e6eff3e2d4a4c50a15ac3f36e4eed88 --incr --debug typical --relax --mt 2 -L blk_mem_gen_v8_4_1 -L xil_defaultlib -L dist_mem_gen_v8_0_12 -L unisims_ver -L unimacro_ver -L secureip -L xpm --snapshot tb_Top_behav xil_defaultlib.tb_Top xil_defaultlib.glbl -log elaborate.log 
Using 2 slave threads.
Starting static elaboration
WARNING: [VRFC 10-278] actual bit length 32 differs from formal bit length 10 for port a [D:/Vivado/code/SME309-RISCV-tmpl/rtl/benchmark.v:47]
WARNING: [VRFC 10-1783] select index 62 into current_contents is out of bounds [/wrk/2017.4/nightly/2017_12_15_2086221/packages/customer/vivado/data/ip/xilinx/blk_mem_gen_v8_4/simulation/blk_mem_gen_v8_4.v:2420]
Completed static elaboration
Starting simulation data flow analysis
Completed simulation data flow analysis
Time Resolution for simulation is 1ps
Compiling module unisims_ver.IBUF
Compiling module unisims_ver.PLLE2_ADV(CLKFBOUT_MULT=17,CLKIN...
Compiling module unisims_ver.BUFG
Compiling module xil_defaultlib.pll_clk_wiz
Compiling module xil_defaultlib.pll
Compiling module xil_defaultlib.Decoder
Compiling module xil_defaultlib.Control
Compiling module xil_defaultlib.Extend
Compiling module xil_defaultlib.RegisterFile
Compiling module xil_defaultlib.Alu
Compiling module xil_defaultlib.ProgramCounter
Compiling module xil_defaultlib.Memdata
Compiling module xil_defaultlib.CPU
Compiling module dist_mem_gen_v8_0_12.dist_mem_gen_v8_0_12(C_FAMILY="a...
Compiling module xil_defaultlib.IROM
Compiling module blk_mem_gen_v8_4_1.blk_mem_gen_v8_4_1_output_stage(...
Compiling module blk_mem_gen_v8_4_1.blk_mem_gen_v8_4_1_output_stage(...
Compiling module blk_mem_gen_v8_4_1.blk_mem_gen_v8_4_1_softecc_outpu...
Compiling module blk_mem_gen_v8_4_1.blk_mem_gen_v8_4_1_mem_module(C_...
Compiling module blk_mem_gen_v8_4_1.blk_mem_gen_v8_4_1(C_FAMILY="art...
Compiling module xil_defaultlib.DRAM
Compiling module xil_defaultlib.dram_driver
Compiling module xil_defaultlib.seven_seg
Compiling module xil_defaultlib.benchmark
Compiling module xil_defaultlib.top
Compiling module xil_defaultlib.tb_Top
Compiling module xil_defaultlib.glbl
Built simulation snapshot tb_Top_behav
run_program: Time (s): cpu = 00:00:00 ; elapsed = 00:00:06 . Memory (MB): peak = 918.727 ; gain = 0.000
INFO: [USF-XSim-69] 'elaborate' step finished in '6' seconds
launch_simulation: Time (s): cpu = 00:00:01 ; elapsed = 00:00:06 . Memory (MB): peak = 918.727 ; gain = 0.000
Vivado Simulator 2017.4
Time resolution is 1 ps
WARNING: This core is supplied with a behavioral model. To model cycle-accurate behavior you must run timing simulation.
 Block Memory Generator module loading initial data...
 Block Memory Generator data initialization complete.
Block Memory Generator module tb_Top.dut.u_benchmark.dram_driver_inst.Mem_DRAM.inst.native_mem_module.blk_mem_gen_v8_4_1_inst is using a behavioral model for simulation which will not precisely model memory collision behavior.
save to testbench.wave
Warning : input CLKIN1 period and attribute CLKIN1_PERIOD on PLLE2_ADV instance tb_Top.dut.pll_inst.inst.plle2_adv_inst are not same.
relaunch_sim: Time (s): cpu = 00:00:01 ; elapsed = 00:00:11 . Memory (MB): peak = 918.727 ; gain = 0.000
run 100000 us
$finish called at time : 100010 ns : File "D:/Vivado/code/SME309-RISCV-tmpl/sim/tb_top.v" Line 32
run: Time (s): cpu = 00:00:25 ; elapsed = 00:00:25 . Memory (MB): peak = 918.727 ; gain = 0.000
relaunch_sim
suspend_sim: Time (s): cpu = 00:00:00 ; elapsed = 00:00:05 . Memory (MB): peak = 918.727 ; gain = 0.000
INFO: [Vivado 12-5698] Checking validity of IPs in the design for the 'XSim' simulator...
INFO: [Vivado 12-5682] Launching behavioral simulation in 'D:/Vivado/code/SME309-RISCV-tmpl/vivado/vivado_proj.sim/sim_1/behav/xsim'
INFO: [Vivado 12-4795] Using compiled simulation libraries for IPs
INFO: [SIM-utils-51] Simulation object is 'sim_1'
INFO: [USF-XSim-7] Finding pre-compiled libraries...
INFO: [USF-XSim-11] File 'D:/Vivado/Vivado/2017.4/data/xsim/ip/xsim_ip.ini' copied to run dir:'D:/Vivado/code/SME309-RISCV-tmpl/vivado/vivado_proj.sim/sim_1/behav/xsim'
INFO: [SIM-utils-54] Inspecting design source files for 'tb_Top' in fileset 'sim_1'...
INFO: [SIM-utils-43] Exported 'D:/Vivado/code/SME309-RISCV-tmpl/vivado/vivado_proj.sim/sim_1/behav/xsim/DRAM.mif'
INFO: [SIM-utils-43] Exported 'D:/Vivado/code/SME309-RISCV-tmpl/vivado/vivado_proj.sim/sim_1/behav/xsim/all_test_case.coe'
INFO: [SIM-utils-43] Exported 'D:/Vivado/code/SME309-RISCV-tmpl/vivado/vivado_proj.sim/sim_1/behav/xsim/IROM.mif'
INFO: [SIM-utils-43] Exported 'D:/Vivado/code/SME309-RISCV-tmpl/vivado/vivado_proj.sim/sim_1/behav/xsim/all_test.coe'
INFO: [SIM-utils-43] Exported 'D:/Vivado/code/SME309-RISCV-tmpl/vivado/vivado_proj.sim/sim_1/behav/xsim/add_loop.coe'
INFO: [USF-XSim-97] Finding global include files...
INFO: [USF-XSim-98] Fetching design files from 'sim_1'...
INFO: [USF-XSim-2] XSim::Compile design
INFO: [USF-XSim-61] Executing 'COMPILE and ANALYZE' step in 'D:/Vivado/code/SME309-RISCV-tmpl/vivado/vivado_proj.sim/sim_1/behav/xsim'
"xvlog --incr --relax -prj tb_Top_vlog.prj"
INFO: [VRFC 10-2263] Analyzing Verilog file "D:/Vivado/code/SME309-RISCV-tmpl/vivado/vivado_proj.srcs/sources_1/ip/DRAM/sim/DRAM.v" into library xil_defaultlib
INFO: [VRFC 10-311] analyzing module DRAM
INFO: [VRFC 10-2263] Analyzing Verilog file "D:/Vivado/code/SME309-RISCV-tmpl/vivado/vivado_proj.srcs/sources_1/ip/IROM/sim/IROM.v" into library xil_defaultlib
INFO: [VRFC 10-311] analyzing module IROM
INFO: [VRFC 10-2263] Analyzing Verilog file "D:/Vivado/code/SME309-RISCV-tmpl/vivado/vivado_proj.srcs/sources_1/ip/pll/pll_clk_wiz.v" into library xil_defaultlib
INFO: [VRFC 10-311] analyzing module pll_clk_wiz
INFO: [VRFC 10-2263] Analyzing Verilog file "D:/Vivado/code/SME309-RISCV-tmpl/vivado/vivado_proj.srcs/sources_1/ip/pll/pll.v" into library xil_defaultlib
INFO: [VRFC 10-311] analyzing module pll
INFO: [VRFC 10-2263] Analyzing Verilog file "D:/Vivado/code/SME309-RISCV-tmpl/vivado/vivado_proj.srcs/sources_1/new/Alu.v" into library xil_defaultlib
INFO: [VRFC 10-311] analyzing module Alu
INFO: [VRFC 10-2263] Analyzing Verilog file "D:/Vivado/code/SME309-RISCV-tmpl/rtl/cpu/CPU_TOP.v" into library xil_defaultlib
INFO: [VRFC 10-311] analyzing module CPU
INFO: [VRFC 10-2263] Analyzing Verilog file "D:/Vivado/code/SME309-RISCV-tmpl/vivado/vivado_proj.srcs/sources_1/new/Control.v" into library xil_defaultlib
INFO: [VRFC 10-311] analyzing module Control
WARNING: [VRFC 10-2502] extra semicolon in $unit (global) scope [D:/Vivado/code/SME309-RISCV-tmpl/vivado/vivado_proj.srcs/sources_1/new/Control.v:279]
INFO: [VRFC 10-2263] Analyzing Verilog file "D:/Vivado/code/SME309-RISCV-tmpl/vivado/vivado_proj.srcs/sources_1/new/Decoder.v" into library xil_defaultlib
INFO: [VRFC 10-311] analyzing module Decoder
WARNING: [VRFC 10-2502] extra semicolon in $unit (global) scope [D:/Vivado/code/SME309-RISCV-tmpl/vivado/vivado_proj.srcs/sources_1/new/Decoder.v:19]
INFO: [VRFC 10-2263] Analyzing Verilog file "D:/Vivado/code/SME309-RISCV-tmpl/vivado/vivado_proj.srcs/sources_1/new/Extend.v" into library xil_defaultlib
INFO: [VRFC 10-311] analyzing module Extend
WARNING: [VRFC 10-2502] extra semicolon in $unit (global) scope [D:/Vivado/code/SME309-RISCV-tmpl/vivado/vivado_proj.srcs/sources_1/new/Extend.v:37]
INFO: [VRFC 10-2263] Analyzing Verilog file "D:/Vivado/code/SME309-RISCV-tmpl/vivado/vivado_proj.srcs/sources_1/new/Memdata.v" into library xil_defaultlib
INFO: [VRFC 10-311] analyzing module Memdata
INFO: [VRFC 10-2263] Analyzing Verilog file "D:/Vivado/code/SME309-RISCV-tmpl/vivado/vivado_proj.srcs/sources_1/new/ProgramCounter.v" into library xil_defaultlib
INFO: [VRFC 10-311] analyzing module ProgramCounter
INFO: [VRFC 10-2263] Analyzing Verilog file "D:/Vivado/code/SME309-RISCV-tmpl/vivado/vivado_proj.srcs/sources_1/new/RegisterFile.v" into library xil_defaultlib
INFO: [VRFC 10-311] analyzing module RegisterFile
INFO: [VRFC 10-2263] Analyzing Verilog file "D:/Vivado/code/SME309-RISCV-tmpl/rtl/benchmark.v" into library xil_defaultlib
WARNING: [VRFC 10-998] macro MEM_ADDR_START redefined [../../../../../rtl/define.v:6]
WARNING: [VRFC 10-998] macro MEM_ADDR_END redefined [../../../../../rtl/define.v:7]
INFO: [VRFC 10-311] analyzing module benchmark
INFO: [VRFC 10-2263] Analyzing Verilog file "D:/Vivado/code/SME309-RISCV-tmpl/rtl/dram_driver.v" into library xil_defaultlib
INFO: [VRFC 10-311] analyzing module dram_driver
INFO: [VRFC 10-2263] Analyzing Verilog file "D:/Vivado/code/SME309-RISCV-tmpl/rtl/seven_seg.v" into library xil_defaultlib
INFO: [VRFC 10-311] analyzing module seven_seg
INFO: [VRFC 10-2263] Analyzing Verilog file "D:/Vivado/code/SME309-RISCV-tmpl/vivado/top.v" into library xil_defaultlib
INFO: [VRFC 10-311] analyzing module top
INFO: [VRFC 10-2263] Analyzing Verilog file "D:/Vivado/code/SME309-RISCV-tmpl/sim/tb_top.v" into library xil_defaultlib
INFO: [VRFC 10-311] analyzing module tb_Top
INFO: [USF-XSim-69] 'compile' step finished in '1' seconds
INFO: [Vivado 12-5698] Checking validity of IPs in the design for the 'XSim' simulator...
INFO: [Vivado 12-5682] Launching behavioral simulation in 'D:/Vivado/code/SME309-RISCV-tmpl/vivado/vivado_proj.sim/sim_1/behav/xsim'
INFO: [Vivado 12-4795] Using compiled simulation libraries for IPs
INFO: [USF-XSim-3] XSim::Elaborate design
INFO: [USF-XSim-61] Executing 'ELABORATE' step in 'D:/Vivado/code/SME309-RISCV-tmpl/vivado/vivado_proj.sim/sim_1/behav/xsim'
Vivado Simulator 2017.4
Copyright 1986-1999, 2001-2016 Xilinx, Inc. All Rights Reserved.
Running: D:/Vivado/Vivado/2017.4/bin/unwrapped/win64.o/xelab.exe -wto 3e6eff3e2d4a4c50a15ac3f36e4eed88 --incr --debug typical --relax --mt 2 -L blk_mem_gen_v8_4_1 -L xil_defaultlib -L dist_mem_gen_v8_0_12 -L unisims_ver -L unimacro_ver -L secureip -L xpm --snapshot tb_Top_behav xil_defaultlib.tb_Top xil_defaultlib.glbl -log elaborate.log 
Using 2 slave threads.
Starting static elaboration
WARNING: [VRFC 10-278] actual bit length 32 differs from formal bit length 10 for port a [D:/Vivado/code/SME309-RISCV-tmpl/rtl/benchmark.v:47]
WARNING: [VRFC 10-1783] select index 62 into current_contents is out of bounds [/wrk/2017.4/nightly/2017_12_15_2086221/packages/customer/vivado/data/ip/xilinx/blk_mem_gen_v8_4/simulation/blk_mem_gen_v8_4.v:2420]
Completed static elaboration
Starting simulation data flow analysis
Completed simulation data flow analysis
Time Resolution for simulation is 1ps
Compiling module unisims_ver.IBUF
Compiling module unisims_ver.PLLE2_ADV(CLKFBOUT_MULT=17,CLKIN...
Compiling module unisims_ver.BUFG
Compiling module xil_defaultlib.pll_clk_wiz
Compiling module xil_defaultlib.pll
Compiling module xil_defaultlib.Decoder
Compiling module xil_defaultlib.Control
Compiling module xil_defaultlib.Extend
Compiling module xil_defaultlib.RegisterFile
Compiling module xil_defaultlib.Alu
Compiling module xil_defaultlib.ProgramCounter
Compiling module xil_defaultlib.Memdata
Compiling module xil_defaultlib.CPU
Compiling module dist_mem_gen_v8_0_12.dist_mem_gen_v8_0_12(C_FAMILY="a...
Compiling module xil_defaultlib.IROM
Compiling module blk_mem_gen_v8_4_1.blk_mem_gen_v8_4_1_output_stage(...
Compiling module blk_mem_gen_v8_4_1.blk_mem_gen_v8_4_1_output_stage(...
Compiling module blk_mem_gen_v8_4_1.blk_mem_gen_v8_4_1_softecc_outpu...
Compiling module blk_mem_gen_v8_4_1.blk_mem_gen_v8_4_1_mem_module(C_...
Compiling module blk_mem_gen_v8_4_1.blk_mem_gen_v8_4_1(C_FAMILY="art...
Compiling module xil_defaultlib.DRAM
Compiling module xil_defaultlib.dram_driver
Compiling module xil_defaultlib.seven_seg
Compiling module xil_defaultlib.benchmark
Compiling module xil_defaultlib.top
Compiling module xil_defaultlib.tb_Top
Compiling module xil_defaultlib.glbl
Built simulation snapshot tb_Top_behav
run_program: Time (s): cpu = 00:00:00 ; elapsed = 00:00:06 . Memory (MB): peak = 918.727 ; gain = 0.000
INFO: [USF-XSim-69] 'elaborate' step finished in '6' seconds
launch_simulation: Time (s): cpu = 00:00:00 ; elapsed = 00:00:06 . Memory (MB): peak = 918.727 ; gain = 0.000
Vivado Simulator 2017.4
Time resolution is 1 ps
WARNING: This core is supplied with a behavioral model. To model cycle-accurate behavior you must run timing simulation.
 Block Memory Generator module loading initial data...
 Block Memory Generator data initialization complete.
Block Memory Generator module tb_Top.dut.u_benchmark.dram_driver_inst.Mem_DRAM.inst.native_mem_module.blk_mem_gen_v8_4_1_inst is using a behavioral model for simulation which will not precisely model memory collision behavior.
save to testbench.wave
Warning : input CLKIN1 period and attribute CLKIN1_PERIOD on PLLE2_ADV instance tb_Top.dut.pll_inst.inst.plle2_adv_inst are not same.
relaunch_sim: Time (s): cpu = 00:00:02 ; elapsed = 00:00:15 . Memory (MB): peak = 918.727 ; gain = 0.000
relaunch_sim
INFO: [Vivado 12-5698] Checking validity of IPs in the design for the 'XSim' simulator...
INFO: [Vivado 12-5682] Launching behavioral simulation in 'D:/Vivado/code/SME309-RISCV-tmpl/vivado/vivado_proj.sim/sim_1/behav/xsim'
INFO: [Vivado 12-4795] Using compiled simulation libraries for IPs
INFO: [SIM-utils-51] Simulation object is 'sim_1'
INFO: [USF-XSim-7] Finding pre-compiled libraries...
INFO: [USF-XSim-11] File 'D:/Vivado/Vivado/2017.4/data/xsim/ip/xsim_ip.ini' copied to run dir:'D:/Vivado/code/SME309-RISCV-tmpl/vivado/vivado_proj.sim/sim_1/behav/xsim'
INFO: [SIM-utils-54] Inspecting design source files for 'tb_Top' in fileset 'sim_1'...
INFO: [SIM-utils-43] Exported 'D:/Vivado/code/SME309-RISCV-tmpl/vivado/vivado_proj.sim/sim_1/behav/xsim/DRAM.mif'
INFO: [SIM-utils-43] Exported 'D:/Vivado/code/SME309-RISCV-tmpl/vivado/vivado_proj.sim/sim_1/behav/xsim/all_test_case.coe'
INFO: [SIM-utils-43] Exported 'D:/Vivado/code/SME309-RISCV-tmpl/vivado/vivado_proj.sim/sim_1/behav/xsim/IROM.mif'
INFO: [SIM-utils-43] Exported 'D:/Vivado/code/SME309-RISCV-tmpl/vivado/vivado_proj.sim/sim_1/behav/xsim/all_test.coe'
INFO: [SIM-utils-43] Exported 'D:/Vivado/code/SME309-RISCV-tmpl/vivado/vivado_proj.sim/sim_1/behav/xsim/add_loop.coe'
INFO: [USF-XSim-97] Finding global include files...
INFO: [USF-XSim-98] Fetching design files from 'sim_1'...
INFO: [USF-XSim-2] XSim::Compile design
INFO: [USF-XSim-61] Executing 'COMPILE and ANALYZE' step in 'D:/Vivado/code/SME309-RISCV-tmpl/vivado/vivado_proj.sim/sim_1/behav/xsim'
"xvlog --incr --relax -prj tb_Top_vlog.prj"
INFO: [USF-XSim-69] 'compile' step finished in '2' seconds
INFO: [Vivado 12-5698] Checking validity of IPs in the design for the 'XSim' simulator...
INFO: [Vivado 12-5682] Launching behavioral simulation in 'D:/Vivado/code/SME309-RISCV-tmpl/vivado/vivado_proj.sim/sim_1/behav/xsim'
INFO: [Vivado 12-4795] Using compiled simulation libraries for IPs
INFO: [USF-XSim-3] XSim::Elaborate design
INFO: [USF-XSim-61] Executing 'ELABORATE' step in 'D:/Vivado/code/SME309-RISCV-tmpl/vivado/vivado_proj.sim/sim_1/behav/xsim'
Vivado Simulator 2017.4
Copyright 1986-1999, 2001-2016 Xilinx, Inc. All Rights Reserved.
Running: D:/Vivado/Vivado/2017.4/bin/unwrapped/win64.o/xelab.exe -wto 3e6eff3e2d4a4c50a15ac3f36e4eed88 --incr --debug typical --relax --mt 2 -L blk_mem_gen_v8_4_1 -L xil_defaultlib -L dist_mem_gen_v8_0_12 -L unisims_ver -L unimacro_ver -L secureip -L xpm --snapshot tb_Top_behav xil_defaultlib.tb_Top xil_defaultlib.glbl -log elaborate.log 
Using 2 slave threads.
Starting static elaboration
WARNING: [VRFC 10-278] actual bit length 32 differs from formal bit length 10 for port a [D:/Vivado/code/SME309-RISCV-tmpl/rtl/benchmark.v:47]
WARNING: [VRFC 10-1783] select index 62 into current_contents is out of bounds [/wrk/2017.4/nightly/2017_12_15_2086221/packages/customer/vivado/data/ip/xilinx/blk_mem_gen_v8_4/simulation/blk_mem_gen_v8_4.v:2420]
Completed static elaboration
INFO: [XSIM 43-4323] No Change in HDL. Linking previously generated obj files to create kernel
INFO: [USF-XSim-69] 'elaborate' step finished in '1' seconds
Vivado Simulator 2017.4
Time resolution is 1 ps
WARNING: This core is supplied with a behavioral model. To model cycle-accurate behavior you must run timing simulation.
 Block Memory Generator module loading initial data...
 Block Memory Generator data initialization complete.
Block Memory Generator module tb_Top.dut.u_benchmark.dram_driver_inst.Mem_DRAM.inst.native_mem_module.blk_mem_gen_v8_4_1_inst is using a behavioral model for simulation which will not precisely model memory collision behavior.
save to testbench.wave
Warning : input CLKIN1 period and attribute CLKIN1_PERIOD on PLLE2_ADV instance tb_Top.dut.pll_inst.inst.plle2_adv_inst are not same.
relaunch_sim: Time (s): cpu = 00:00:03 ; elapsed = 00:00:07 . Memory (MB): peak = 918.727 ; gain = 0.000
run 100000 us
$finish called at time : 100010 ns : File "D:/Vivado/code/SME309-RISCV-tmpl/sim/tb_top.v" Line 32
run: Time (s): cpu = 00:00:09 ; elapsed = 00:00:30 . Memory (MB): peak = 919.723 ; gain = 0.996
run 100000 us
$finish called at time : 100511 ns : File "D:/Vivado/code/SME309-RISCV-tmpl/sim/tb_top.v" Line 51
run all
run: Time (s): cpu = 00:00:22 ; elapsed = 00:01:18 . Memory (MB): peak = 920.805 ; gain = 0.312
relaunch_sim
INFO: [Vivado 12-5698] Checking validity of IPs in the design for the 'XSim' simulator...
INFO: [Vivado 12-5682] Launching behavioral simulation in 'D:/Vivado/code/SME309-RISCV-tmpl/vivado/vivado_proj.sim/sim_1/behav/xsim'
INFO: [Vivado 12-4795] Using compiled simulation libraries for IPs
INFO: [SIM-utils-51] Simulation object is 'sim_1'
INFO: [USF-XSim-7] Finding pre-compiled libraries...
INFO: [USF-XSim-11] File 'D:/Vivado/Vivado/2017.4/data/xsim/ip/xsim_ip.ini' copied to run dir:'D:/Vivado/code/SME309-RISCV-tmpl/vivado/vivado_proj.sim/sim_1/behav/xsim'
INFO: [SIM-utils-54] Inspecting design source files for 'tb_Top' in fileset 'sim_1'...
INFO: [SIM-utils-43] Exported 'D:/Vivado/code/SME309-RISCV-tmpl/vivado/vivado_proj.sim/sim_1/behav/xsim/DRAM.mif'
INFO: [SIM-utils-43] Exported 'D:/Vivado/code/SME309-RISCV-tmpl/vivado/vivado_proj.sim/sim_1/behav/xsim/all_test_case.coe'
INFO: [SIM-utils-43] Exported 'D:/Vivado/code/SME309-RISCV-tmpl/vivado/vivado_proj.sim/sim_1/behav/xsim/IROM.mif'
INFO: [SIM-utils-43] Exported 'D:/Vivado/code/SME309-RISCV-tmpl/vivado/vivado_proj.sim/sim_1/behav/xsim/all_test.coe'
INFO: [SIM-utils-43] Exported 'D:/Vivado/code/SME309-RISCV-tmpl/vivado/vivado_proj.sim/sim_1/behav/xsim/add_loop.coe'
INFO: [USF-XSim-97] Finding global include files...
INFO: [USF-XSim-98] Fetching design files from 'sim_1'...
INFO: [USF-XSim-2] XSim::Compile design
INFO: [USF-XSim-61] Executing 'COMPILE and ANALYZE' step in 'D:/Vivado/code/SME309-RISCV-tmpl/vivado/vivado_proj.sim/sim_1/behav/xsim'
"xvlog --incr --relax -prj tb_Top_vlog.prj"
INFO: [VRFC 10-2263] Analyzing Verilog file "D:/Vivado/code/SME309-RISCV-tmpl/vivado/vivado_proj.srcs/sources_1/ip/DRAM/sim/DRAM.v" into library xil_defaultlib
INFO: [VRFC 10-311] analyzing module DRAM
INFO: [VRFC 10-2263] Analyzing Verilog file "D:/Vivado/code/SME309-RISCV-tmpl/vivado/vivado_proj.srcs/sources_1/ip/IROM/sim/IROM.v" into library xil_defaultlib
INFO: [VRFC 10-311] analyzing module IROM
INFO: [VRFC 10-2263] Analyzing Verilog file "D:/Vivado/code/SME309-RISCV-tmpl/vivado/vivado_proj.srcs/sources_1/ip/pll/pll_clk_wiz.v" into library xil_defaultlib
INFO: [VRFC 10-311] analyzing module pll_clk_wiz
INFO: [VRFC 10-2263] Analyzing Verilog file "D:/Vivado/code/SME309-RISCV-tmpl/vivado/vivado_proj.srcs/sources_1/ip/pll/pll.v" into library xil_defaultlib
INFO: [VRFC 10-311] analyzing module pll
INFO: [VRFC 10-2263] Analyzing Verilog file "D:/Vivado/code/SME309-RISCV-tmpl/vivado/vivado_proj.srcs/sources_1/new/Alu.v" into library xil_defaultlib
INFO: [VRFC 10-311] analyzing module Alu
INFO: [VRFC 10-2263] Analyzing Verilog file "D:/Vivado/code/SME309-RISCV-tmpl/rtl/cpu/CPU_TOP.v" into library xil_defaultlib
INFO: [VRFC 10-311] analyzing module CPU
INFO: [VRFC 10-2263] Analyzing Verilog file "D:/Vivado/code/SME309-RISCV-tmpl/vivado/vivado_proj.srcs/sources_1/new/Control.v" into library xil_defaultlib
INFO: [VRFC 10-311] analyzing module Control
WARNING: [VRFC 10-2502] extra semicolon in $unit (global) scope [D:/Vivado/code/SME309-RISCV-tmpl/vivado/vivado_proj.srcs/sources_1/new/Control.v:279]
INFO: [VRFC 10-2263] Analyzing Verilog file "D:/Vivado/code/SME309-RISCV-tmpl/vivado/vivado_proj.srcs/sources_1/new/Decoder.v" into library xil_defaultlib
INFO: [VRFC 10-311] analyzing module Decoder
WARNING: [VRFC 10-2502] extra semicolon in $unit (global) scope [D:/Vivado/code/SME309-RISCV-tmpl/vivado/vivado_proj.srcs/sources_1/new/Decoder.v:19]
INFO: [VRFC 10-2263] Analyzing Verilog file "D:/Vivado/code/SME309-RISCV-tmpl/vivado/vivado_proj.srcs/sources_1/new/Extend.v" into library xil_defaultlib
INFO: [VRFC 10-311] analyzing module Extend
WARNING: [VRFC 10-2502] extra semicolon in $unit (global) scope [D:/Vivado/code/SME309-RISCV-tmpl/vivado/vivado_proj.srcs/sources_1/new/Extend.v:37]
INFO: [VRFC 10-2263] Analyzing Verilog file "D:/Vivado/code/SME309-RISCV-tmpl/vivado/vivado_proj.srcs/sources_1/new/Memdata.v" into library xil_defaultlib
INFO: [VRFC 10-311] analyzing module Memdata
INFO: [VRFC 10-2263] Analyzing Verilog file "D:/Vivado/code/SME309-RISCV-tmpl/vivado/vivado_proj.srcs/sources_1/new/ProgramCounter.v" into library xil_defaultlib
INFO: [VRFC 10-311] analyzing module ProgramCounter
INFO: [VRFC 10-2263] Analyzing Verilog file "D:/Vivado/code/SME309-RISCV-tmpl/vivado/vivado_proj.srcs/sources_1/new/RegisterFile.v" into library xil_defaultlib
INFO: [VRFC 10-311] analyzing module RegisterFile
INFO: [VRFC 10-2263] Analyzing Verilog file "D:/Vivado/code/SME309-RISCV-tmpl/rtl/benchmark.v" into library xil_defaultlib
WARNING: [VRFC 10-998] macro MEM_ADDR_START redefined [../../../../../rtl/define.v:6]
WARNING: [VRFC 10-998] macro MEM_ADDR_END redefined [../../../../../rtl/define.v:7]
INFO: [VRFC 10-311] analyzing module benchmark
INFO: [VRFC 10-2263] Analyzing Verilog file "D:/Vivado/code/SME309-RISCV-tmpl/rtl/dram_driver.v" into library xil_defaultlib
INFO: [VRFC 10-311] analyzing module dram_driver
INFO: [VRFC 10-2263] Analyzing Verilog file "D:/Vivado/code/SME309-RISCV-tmpl/rtl/seven_seg.v" into library xil_defaultlib
INFO: [VRFC 10-311] analyzing module seven_seg
INFO: [VRFC 10-2263] Analyzing Verilog file "D:/Vivado/code/SME309-RISCV-tmpl/vivado/top.v" into library xil_defaultlib
INFO: [VRFC 10-311] analyzing module top
INFO: [VRFC 10-2263] Analyzing Verilog file "D:/Vivado/code/SME309-RISCV-tmpl/sim/tb_top.v" into library xil_defaultlib
INFO: [VRFC 10-311] analyzing module tb_Top
INFO: [USF-XSim-69] 'compile' step finished in '1' seconds
INFO: [Vivado 12-5698] Checking validity of IPs in the design for the 'XSim' simulator...
INFO: [Vivado 12-5682] Launching behavioral simulation in 'D:/Vivado/code/SME309-RISCV-tmpl/vivado/vivado_proj.sim/sim_1/behav/xsim'
INFO: [Vivado 12-4795] Using compiled simulation libraries for IPs
INFO: [USF-XSim-3] XSim::Elaborate design
INFO: [USF-XSim-61] Executing 'ELABORATE' step in 'D:/Vivado/code/SME309-RISCV-tmpl/vivado/vivado_proj.sim/sim_1/behav/xsim'
Vivado Simulator 2017.4
Copyright 1986-1999, 2001-2016 Xilinx, Inc. All Rights Reserved.
Running: D:/Vivado/Vivado/2017.4/bin/unwrapped/win64.o/xelab.exe -wto 3e6eff3e2d4a4c50a15ac3f36e4eed88 --incr --debug typical --relax --mt 2 -L blk_mem_gen_v8_4_1 -L xil_defaultlib -L dist_mem_gen_v8_0_12 -L unisims_ver -L unimacro_ver -L secureip -L xpm --snapshot tb_Top_behav xil_defaultlib.tb_Top xil_defaultlib.glbl -log elaborate.log 
Using 2 slave threads.
Starting static elaboration
WARNING: [VRFC 10-278] actual bit length 32 differs from formal bit length 10 for port a [D:/Vivado/code/SME309-RISCV-tmpl/rtl/benchmark.v:47]
WARNING: [VRFC 10-1783] select index 62 into current_contents is out of bounds [/wrk/2017.4/nightly/2017_12_15_2086221/packages/customer/vivado/data/ip/xilinx/blk_mem_gen_v8_4/simulation/blk_mem_gen_v8_4.v:2420]
Completed static elaboration
Starting simulation data flow analysis
Completed simulation data flow analysis
Time Resolution for simulation is 1ps
Compiling module unisims_ver.IBUF
Compiling module unisims_ver.PLLE2_ADV(CLKFBOUT_MULT=17,CLKIN...
Compiling module unisims_ver.BUFG
Compiling module xil_defaultlib.pll_clk_wiz
Compiling module xil_defaultlib.pll
Compiling module xil_defaultlib.Decoder
Compiling module xil_defaultlib.Control
Compiling module xil_defaultlib.Extend
Compiling module xil_defaultlib.RegisterFile
Compiling module xil_defaultlib.Alu
Compiling module xil_defaultlib.ProgramCounter
Compiling module xil_defaultlib.Memdata
Compiling module xil_defaultlib.CPU
Compiling module dist_mem_gen_v8_0_12.dist_mem_gen_v8_0_12(C_FAMILY="a...
Compiling module xil_defaultlib.IROM
Compiling module blk_mem_gen_v8_4_1.blk_mem_gen_v8_4_1_output_stage(...
Compiling module blk_mem_gen_v8_4_1.blk_mem_gen_v8_4_1_output_stage(...
Compiling module blk_mem_gen_v8_4_1.blk_mem_gen_v8_4_1_softecc_outpu...
Compiling module blk_mem_gen_v8_4_1.blk_mem_gen_v8_4_1_mem_module(C_...
Compiling module blk_mem_gen_v8_4_1.blk_mem_gen_v8_4_1(C_FAMILY="art...
Compiling module xil_defaultlib.DRAM
Compiling module xil_defaultlib.dram_driver
Compiling module xil_defaultlib.seven_seg
Compiling module xil_defaultlib.benchmark
Compiling module xil_defaultlib.top
Compiling module xil_defaultlib.tb_Top
Compiling module xil_defaultlib.glbl
Built simulation snapshot tb_Top_behav
run_program: Time (s): cpu = 00:00:00 ; elapsed = 00:00:06 . Memory (MB): peak = 921.281 ; gain = 0.000
INFO: [USF-XSim-69] 'elaborate' step finished in '6' seconds
launch_simulation: Time (s): cpu = 00:00:00 ; elapsed = 00:00:06 . Memory (MB): peak = 921.281 ; gain = 0.000
Vivado Simulator 2017.4
Time resolution is 1 ps
WARNING: This core is supplied with a behavioral model. To model cycle-accurate behavior you must run timing simulation.
 Block Memory Generator module loading initial data...
 Block Memory Generator data initialization complete.
Block Memory Generator module tb_Top.dut.u_benchmark.dram_driver_inst.Mem_DRAM.inst.native_mem_module.blk_mem_gen_v8_4_1_inst is using a behavioral model for simulation which will not precisely model memory collision behavior.
save to testbench.wave
Warning : input CLKIN1 period and attribute CLKIN1_PERIOD on PLLE2_ADV instance tb_Top.dut.pll_inst.inst.plle2_adv_inst are not same.
relaunch_sim: Time (s): cpu = 00:00:01 ; elapsed = 00:00:11 . Memory (MB): peak = 921.281 ; gain = 0.000
relaunch_sim
INFO: [Vivado 12-5698] Checking validity of IPs in the design for the 'XSim' simulator...
INFO: [Vivado 12-5682] Launching behavioral simulation in 'D:/Vivado/code/SME309-RISCV-tmpl/vivado/vivado_proj.sim/sim_1/behav/xsim'
INFO: [Vivado 12-4795] Using compiled simulation libraries for IPs
INFO: [SIM-utils-51] Simulation object is 'sim_1'
INFO: [USF-XSim-7] Finding pre-compiled libraries...
INFO: [USF-XSim-11] File 'D:/Vivado/Vivado/2017.4/data/xsim/ip/xsim_ip.ini' copied to run dir:'D:/Vivado/code/SME309-RISCV-tmpl/vivado/vivado_proj.sim/sim_1/behav/xsim'
INFO: [SIM-utils-54] Inspecting design source files for 'tb_Top' in fileset 'sim_1'...
INFO: [SIM-utils-43] Exported 'D:/Vivado/code/SME309-RISCV-tmpl/vivado/vivado_proj.sim/sim_1/behav/xsim/DRAM.mif'
INFO: [SIM-utils-43] Exported 'D:/Vivado/code/SME309-RISCV-tmpl/vivado/vivado_proj.sim/sim_1/behav/xsim/all_test_case.coe'
INFO: [SIM-utils-43] Exported 'D:/Vivado/code/SME309-RISCV-tmpl/vivado/vivado_proj.sim/sim_1/behav/xsim/IROM.mif'
INFO: [SIM-utils-43] Exported 'D:/Vivado/code/SME309-RISCV-tmpl/vivado/vivado_proj.sim/sim_1/behav/xsim/all_test.coe'
INFO: [SIM-utils-43] Exported 'D:/Vivado/code/SME309-RISCV-tmpl/vivado/vivado_proj.sim/sim_1/behav/xsim/add_loop.coe'
INFO: [USF-XSim-97] Finding global include files...
INFO: [USF-XSim-98] Fetching design files from 'sim_1'...
INFO: [USF-XSim-2] XSim::Compile design
INFO: [USF-XSim-61] Executing 'COMPILE and ANALYZE' step in 'D:/Vivado/code/SME309-RISCV-tmpl/vivado/vivado_proj.sim/sim_1/behav/xsim'
"xvlog --incr --relax -prj tb_Top_vlog.prj"
INFO: [Common 17-41] Interrupt caught. Command should exit soon.
INFO: [Common 17-344] 'run_program' was cancelled
INFO: [Vivado 12-5357] 'compile' step aborted
INFO: [Common 17-344] 'launch_simulation' was cancelled
INFO: [Common 17-344] 'relaunch_sim' was cancelled
close_sim
INFO: [Simtcl 6-16] Simulation closed
launch_simulation
INFO: [Vivado 12-5698] Checking validity of IPs in the design for the 'XSim' simulator...
INFO: [Vivado 12-5682] Launching behavioral simulation in 'D:/Vivado/code/SME309-RISCV-tmpl/vivado/vivado_proj.sim/sim_1/behav/xsim'
INFO: [Vivado 12-4795] Using compiled simulation libraries for IPs
INFO: [SIM-utils-51] Simulation object is 'sim_1'
INFO: [USF-XSim-7] Finding pre-compiled libraries...
INFO: [USF-XSim-11] File 'D:/Vivado/Vivado/2017.4/data/xsim/ip/xsim_ip.ini' copied to run dir:'D:/Vivado/code/SME309-RISCV-tmpl/vivado/vivado_proj.sim/sim_1/behav/xsim'
INFO: [SIM-utils-54] Inspecting design source files for 'tb_Top' in fileset 'sim_1'...
INFO: [SIM-utils-43] Exported 'D:/Vivado/code/SME309-RISCV-tmpl/vivado/vivado_proj.sim/sim_1/behav/xsim/DRAM.mif'
INFO: [SIM-utils-43] Exported 'D:/Vivado/code/SME309-RISCV-tmpl/vivado/vivado_proj.sim/sim_1/behav/xsim/all_test_case.coe'
INFO: [SIM-utils-43] Exported 'D:/Vivado/code/SME309-RISCV-tmpl/vivado/vivado_proj.sim/sim_1/behav/xsim/IROM.mif'
INFO: [SIM-utils-43] Exported 'D:/Vivado/code/SME309-RISCV-tmpl/vivado/vivado_proj.sim/sim_1/behav/xsim/all_test.coe'
INFO: [SIM-utils-43] Exported 'D:/Vivado/code/SME309-RISCV-tmpl/vivado/vivado_proj.sim/sim_1/behav/xsim/add_loop.coe'
INFO: [USF-XSim-97] Finding global include files...
INFO: [USF-XSim-98] Fetching design files from 'sim_1'...
INFO: [USF-XSim-2] XSim::Compile design
INFO: [USF-XSim-61] Executing 'COMPILE and ANALYZE' step in 'D:/Vivado/code/SME309-RISCV-tmpl/vivado/vivado_proj.sim/sim_1/behav/xsim'
"xvlog --incr --relax -prj tb_Top_vlog.prj"
INFO: [USF-XSim-69] 'compile' step finished in '2' seconds
INFO: [USF-XSim-3] XSim::Elaborate design
INFO: [USF-XSim-61] Executing 'ELABORATE' step in 'D:/Vivado/code/SME309-RISCV-tmpl/vivado/vivado_proj.sim/sim_1/behav/xsim'
Vivado Simulator 2017.4
Copyright 1986-1999, 2001-2016 Xilinx, Inc. All Rights Reserved.
Running: D:/Vivado/Vivado/2017.4/bin/unwrapped/win64.o/xelab.exe -wto 3e6eff3e2d4a4c50a15ac3f36e4eed88 --incr --debug typical --relax --mt 2 -L blk_mem_gen_v8_4_1 -L xil_defaultlib -L dist_mem_gen_v8_0_12 -L unisims_ver -L unimacro_ver -L secureip -L xpm --snapshot tb_Top_behav xil_defaultlib.tb_Top xil_defaultlib.glbl -log elaborate.log 
Using 2 slave threads.
Starting static elaboration
WARNING: [VRFC 10-278] actual bit length 32 differs from formal bit length 10 for port a [D:/Vivado/code/SME309-RISCV-tmpl/rtl/benchmark.v:47]
WARNING: [VRFC 10-1783] select index 62 into current_contents is out of bounds [/wrk/2017.4/nightly/2017_12_15_2086221/packages/customer/vivado/data/ip/xilinx/blk_mem_gen_v8_4/simulation/blk_mem_gen_v8_4.v:2420]
Completed static elaboration
INFO: [XSIM 43-4323] No Change in HDL. Linking previously generated obj files to create kernel
INFO: [USF-XSim-69] 'elaborate' step finished in '1' seconds
INFO: [USF-XSim-4] XSim::Simulate design
INFO: [USF-XSim-61] Executing 'SIMULATE' step in 'D:/Vivado/code/SME309-RISCV-tmpl/vivado/vivado_proj.sim/sim_1/behav/xsim'
INFO: [USF-XSim-98] *** Running xsim
   with args "tb_Top_behav -key {Behavioral:sim_1:Functional:tb_Top} -tclbatch {tb_Top.tcl} -log {simulate.log}"
INFO: [USF-XSim-8] Loading simulator feature
Vivado Simulator 2017.4
Time resolution is 1 ps
source tb_Top.tcl
# set curr_wave [current_wave_config]
# if { [string length $curr_wave] == 0 } {
#   if { [llength [get_objects]] > 0} {
#     add_wave /
#     set_property needs_save false [current_wave_config]
#   } else {
#      send_msg_id Add_Wave-1 WARNING "No top level signals found. Simulator will start without a wave window. If you want to open a wave window go to 'File->New Waveform Configuration' or type 'create_wave_config' in the TCL console."
#   }
# }
# run 1000ns
WARNING: This core is supplied with a behavioral model. To model cycle-accurate behavior you must run timing simulation.
 Block Memory Generator module loading initial data...
 Block Memory Generator data initialization complete.
Block Memory Generator module tb_Top.dut.u_benchmark.dram_driver_inst.Mem_DRAM.inst.native_mem_module.blk_mem_gen_v8_4_1_inst is using a behavioral model for simulation which will not precisely model memory collision behavior.
save to testbench.wave
Warning : input CLKIN1 period and attribute CLKIN1_PERIOD on PLLE2_ADV instance tb_Top.dut.pll_inst.inst.plle2_adv_inst are not same.
INFO: [USF-XSim-96] XSim completed. Design snapshot 'tb_Top_behav' loaded.
INFO: [USF-XSim-97] XSim simulation ran for 1000ns
launch_simulation: Time (s): cpu = 00:00:04 ; elapsed = 00:00:07 . Memory (MB): peak = 923.176 ; gain = 1.871
run 100000 us
run 100000 us
$finish called at time : 100010 ns : File "D:/Vivado/code/SME309-RISCV-tmpl/sim/tb_top.v" Line 32
run: Time (s): cpu = 00:00:07 ; elapsed = 00:00:23 . Memory (MB): peak = 923.379 ; gain = 0.168
relaunch_sim
INFO: [Vivado 12-5698] Checking validity of IPs in the design for the 'XSim' simulator...
INFO: [Vivado 12-5682] Launching behavioral simulation in 'D:/Vivado/code/SME309-RISCV-tmpl/vivado/vivado_proj.sim/sim_1/behav/xsim'
INFO: [Vivado 12-4795] Using compiled simulation libraries for IPs
INFO: [SIM-utils-51] Simulation object is 'sim_1'
INFO: [USF-XSim-7] Finding pre-compiled libraries...
INFO: [USF-XSim-11] File 'D:/Vivado/Vivado/2017.4/data/xsim/ip/xsim_ip.ini' copied to run dir:'D:/Vivado/code/SME309-RISCV-tmpl/vivado/vivado_proj.sim/sim_1/behav/xsim'
INFO: [SIM-utils-54] Inspecting design source files for 'tb_Top' in fileset 'sim_1'...
INFO: [SIM-utils-43] Exported 'D:/Vivado/code/SME309-RISCV-tmpl/vivado/vivado_proj.sim/sim_1/behav/xsim/DRAM.mif'
INFO: [SIM-utils-43] Exported 'D:/Vivado/code/SME309-RISCV-tmpl/vivado/vivado_proj.sim/sim_1/behav/xsim/all_test_case.coe'
INFO: [SIM-utils-43] Exported 'D:/Vivado/code/SME309-RISCV-tmpl/vivado/vivado_proj.sim/sim_1/behav/xsim/IROM.mif'
INFO: [SIM-utils-43] Exported 'D:/Vivado/code/SME309-RISCV-tmpl/vivado/vivado_proj.sim/sim_1/behav/xsim/all_test.coe'
INFO: [SIM-utils-43] Exported 'D:/Vivado/code/SME309-RISCV-tmpl/vivado/vivado_proj.sim/sim_1/behav/xsim/add_loop.coe'
INFO: [USF-XSim-97] Finding global include files...
INFO: [USF-XSim-98] Fetching design files from 'sim_1'...
INFO: [USF-XSim-2] XSim::Compile design
INFO: [USF-XSim-61] Executing 'COMPILE and ANALYZE' step in 'D:/Vivado/code/SME309-RISCV-tmpl/vivado/vivado_proj.sim/sim_1/behav/xsim'
"xvlog --incr --relax -prj tb_Top_vlog.prj"
INFO: [VRFC 10-2263] Analyzing Verilog file "D:/Vivado/code/SME309-RISCV-tmpl/vivado/vivado_proj.srcs/sources_1/ip/DRAM/sim/DRAM.v" into library xil_defaultlib
INFO: [VRFC 10-311] analyzing module DRAM
INFO: [VRFC 10-2263] Analyzing Verilog file "D:/Vivado/code/SME309-RISCV-tmpl/vivado/vivado_proj.srcs/sources_1/ip/IROM/sim/IROM.v" into library xil_defaultlib
INFO: [VRFC 10-311] analyzing module IROM
INFO: [VRFC 10-2263] Analyzing Verilog file "D:/Vivado/code/SME309-RISCV-tmpl/vivado/vivado_proj.srcs/sources_1/ip/pll/pll_clk_wiz.v" into library xil_defaultlib
INFO: [VRFC 10-311] analyzing module pll_clk_wiz
INFO: [VRFC 10-2263] Analyzing Verilog file "D:/Vivado/code/SME309-RISCV-tmpl/vivado/vivado_proj.srcs/sources_1/ip/pll/pll.v" into library xil_defaultlib
INFO: [VRFC 10-311] analyzing module pll
INFO: [VRFC 10-2263] Analyzing Verilog file "D:/Vivado/code/SME309-RISCV-tmpl/vivado/vivado_proj.srcs/sources_1/new/Alu.v" into library xil_defaultlib
INFO: [VRFC 10-311] analyzing module Alu
INFO: [VRFC 10-2263] Analyzing Verilog file "D:/Vivado/code/SME309-RISCV-tmpl/rtl/cpu/CPU_TOP.v" into library xil_defaultlib
INFO: [VRFC 10-311] analyzing module CPU
INFO: [VRFC 10-2263] Analyzing Verilog file "D:/Vivado/code/SME309-RISCV-tmpl/vivado/vivado_proj.srcs/sources_1/new/Control.v" into library xil_defaultlib
INFO: [VRFC 10-311] analyzing module Control
WARNING: [VRFC 10-2502] extra semicolon in $unit (global) scope [D:/Vivado/code/SME309-RISCV-tmpl/vivado/vivado_proj.srcs/sources_1/new/Control.v:279]
INFO: [VRFC 10-2263] Analyzing Verilog file "D:/Vivado/code/SME309-RISCV-tmpl/vivado/vivado_proj.srcs/sources_1/new/Decoder.v" into library xil_defaultlib
INFO: [VRFC 10-311] analyzing module Decoder
WARNING: [VRFC 10-2502] extra semicolon in $unit (global) scope [D:/Vivado/code/SME309-RISCV-tmpl/vivado/vivado_proj.srcs/sources_1/new/Decoder.v:19]
INFO: [VRFC 10-2263] Analyzing Verilog file "D:/Vivado/code/SME309-RISCV-tmpl/vivado/vivado_proj.srcs/sources_1/new/Extend.v" into library xil_defaultlib
INFO: [VRFC 10-311] analyzing module Extend
WARNING: [VRFC 10-2502] extra semicolon in $unit (global) scope [D:/Vivado/code/SME309-RISCV-tmpl/vivado/vivado_proj.srcs/sources_1/new/Extend.v:37]
INFO: [VRFC 10-2263] Analyzing Verilog file "D:/Vivado/code/SME309-RISCV-tmpl/vivado/vivado_proj.srcs/sources_1/new/Memdata.v" into library xil_defaultlib
INFO: [VRFC 10-311] analyzing module Memdata
INFO: [VRFC 10-2263] Analyzing Verilog file "D:/Vivado/code/SME309-RISCV-tmpl/vivado/vivado_proj.srcs/sources_1/new/ProgramCounter.v" into library xil_defaultlib
INFO: [VRFC 10-311] analyzing module ProgramCounter
INFO: [VRFC 10-2263] Analyzing Verilog file "D:/Vivado/code/SME309-RISCV-tmpl/vivado/vivado_proj.srcs/sources_1/new/RegisterFile.v" into library xil_defaultlib
INFO: [VRFC 10-311] analyzing module RegisterFile
INFO: [VRFC 10-2263] Analyzing Verilog file "D:/Vivado/code/SME309-RISCV-tmpl/rtl/benchmark.v" into library xil_defaultlib
WARNING: [VRFC 10-998] macro MEM_ADDR_START redefined [../../../../../rtl/define.v:6]
WARNING: [VRFC 10-998] macro MEM_ADDR_END redefined [../../../../../rtl/define.v:7]
INFO: [VRFC 10-311] analyzing module benchmark
INFO: [VRFC 10-2263] Analyzing Verilog file "D:/Vivado/code/SME309-RISCV-tmpl/rtl/dram_driver.v" into library xil_defaultlib
INFO: [VRFC 10-311] analyzing module dram_driver
INFO: [VRFC 10-2263] Analyzing Verilog file "D:/Vivado/code/SME309-RISCV-tmpl/rtl/seven_seg.v" into library xil_defaultlib
INFO: [VRFC 10-311] analyzing module seven_seg
INFO: [VRFC 10-2263] Analyzing Verilog file "D:/Vivado/code/SME309-RISCV-tmpl/vivado/top.v" into library xil_defaultlib
INFO: [VRFC 10-311] analyzing module top
INFO: [VRFC 10-2263] Analyzing Verilog file "D:/Vivado/code/SME309-RISCV-tmpl/sim/tb_top.v" into library xil_defaultlib
ERROR: [VRFC 10-632] error in timescale or timeprecision statement. <timeprecision> must be at least as precise as <timeunit> [D:/Vivado/code/SME309-RISCV-tmpl/sim/tb_top.v:1]
INFO: [VRFC 10-311] analyzing module tb_Top
ERROR: [VRFC 10-1040] module tb_Top ignored due to previous errors [D:/Vivado/code/SME309-RISCV-tmpl/sim/tb_top.v:2]
INFO: [USF-XSim-69] 'compile' step finished in '3' seconds
INFO: [USF-XSim-99] Step results log file:'D:/Vivado/code/SME309-RISCV-tmpl/vivado/vivado_proj.sim/sim_1/behav/xsim/xvlog.log'
ERROR: [USF-XSim-62] 'compile' step failed with error(s). Please check the Tcl console output or 'D:/Vivado/code/SME309-RISCV-tmpl/vivado/vivado_proj.sim/sim_1/behav/xsim/xvlog.log' file for more information.
ERROR: [Vivado 12-4473] Detected error while running simulation. Please correct the issue and retry this operation.
ERROR: [Common 17-39] 'launch_simulation' failed due to earlier errors.
ERROR: [Common 17-69] Command failed: ERROR: [Common 17-39] 'launch_simulation' failed due to earlier errors.

relaunch_sim
INFO: [Vivado 12-5698] Checking validity of IPs in the design for the 'XSim' simulator...
INFO: [Vivado 12-5682] Launching behavioral simulation in 'D:/Vivado/code/SME309-RISCV-tmpl/vivado/vivado_proj.sim/sim_1/behav/xsim'
INFO: [Vivado 12-4795] Using compiled simulation libraries for IPs
INFO: [SIM-utils-51] Simulation object is 'sim_1'
INFO: [USF-XSim-7] Finding pre-compiled libraries...
INFO: [USF-XSim-11] File 'D:/Vivado/Vivado/2017.4/data/xsim/ip/xsim_ip.ini' copied to run dir:'D:/Vivado/code/SME309-RISCV-tmpl/vivado/vivado_proj.sim/sim_1/behav/xsim'
INFO: [SIM-utils-54] Inspecting design source files for 'tb_Top' in fileset 'sim_1'...
INFO: [SIM-utils-43] Exported 'D:/Vivado/code/SME309-RISCV-tmpl/vivado/vivado_proj.sim/sim_1/behav/xsim/DRAM.mif'
INFO: [SIM-utils-43] Exported 'D:/Vivado/code/SME309-RISCV-tmpl/vivado/vivado_proj.sim/sim_1/behav/xsim/all_test_case.coe'
INFO: [SIM-utils-43] Exported 'D:/Vivado/code/SME309-RISCV-tmpl/vivado/vivado_proj.sim/sim_1/behav/xsim/IROM.mif'
INFO: [SIM-utils-43] Exported 'D:/Vivado/code/SME309-RISCV-tmpl/vivado/vivado_proj.sim/sim_1/behav/xsim/all_test.coe'
INFO: [SIM-utils-43] Exported 'D:/Vivado/code/SME309-RISCV-tmpl/vivado/vivado_proj.sim/sim_1/behav/xsim/add_loop.coe'
INFO: [USF-XSim-97] Finding global include files...
INFO: [USF-XSim-98] Fetching design files from 'sim_1'...
INFO: [USF-XSim-2] XSim::Compile design
INFO: [USF-XSim-61] Executing 'COMPILE and ANALYZE' step in 'D:/Vivado/code/SME309-RISCV-tmpl/vivado/vivado_proj.sim/sim_1/behav/xsim'
"xvlog --incr --relax -prj tb_Top_vlog.prj"
INFO: [VRFC 10-2263] Analyzing Verilog file "D:/Vivado/code/SME309-RISCV-tmpl/vivado/vivado_proj.srcs/sources_1/ip/DRAM/sim/DRAM.v" into library xil_defaultlib
INFO: [VRFC 10-311] analyzing module DRAM
INFO: [VRFC 10-2263] Analyzing Verilog file "D:/Vivado/code/SME309-RISCV-tmpl/vivado/vivado_proj.srcs/sources_1/ip/IROM/sim/IROM.v" into library xil_defaultlib
INFO: [VRFC 10-311] analyzing module IROM
INFO: [VRFC 10-2263] Analyzing Verilog file "D:/Vivado/code/SME309-RISCV-tmpl/vivado/vivado_proj.srcs/sources_1/ip/pll/pll_clk_wiz.v" into library xil_defaultlib
INFO: [VRFC 10-311] analyzing module pll_clk_wiz
INFO: [VRFC 10-2263] Analyzing Verilog file "D:/Vivado/code/SME309-RISCV-tmpl/vivado/vivado_proj.srcs/sources_1/ip/pll/pll.v" into library xil_defaultlib
INFO: [VRFC 10-311] analyzing module pll
INFO: [VRFC 10-2263] Analyzing Verilog file "D:/Vivado/code/SME309-RISCV-tmpl/vivado/vivado_proj.srcs/sources_1/new/Alu.v" into library xil_defaultlib
INFO: [VRFC 10-311] analyzing module Alu
INFO: [VRFC 10-2263] Analyzing Verilog file "D:/Vivado/code/SME309-RISCV-tmpl/rtl/cpu/CPU_TOP.v" into library xil_defaultlib
INFO: [VRFC 10-311] analyzing module CPU
INFO: [VRFC 10-2263] Analyzing Verilog file "D:/Vivado/code/SME309-RISCV-tmpl/vivado/vivado_proj.srcs/sources_1/new/Control.v" into library xil_defaultlib
INFO: [VRFC 10-311] analyzing module Control
WARNING: [VRFC 10-2502] extra semicolon in $unit (global) scope [D:/Vivado/code/SME309-RISCV-tmpl/vivado/vivado_proj.srcs/sources_1/new/Control.v:279]
INFO: [VRFC 10-2263] Analyzing Verilog file "D:/Vivado/code/SME309-RISCV-tmpl/vivado/vivado_proj.srcs/sources_1/new/Decoder.v" into library xil_defaultlib
INFO: [VRFC 10-311] analyzing module Decoder
WARNING: [VRFC 10-2502] extra semicolon in $unit (global) scope [D:/Vivado/code/SME309-RISCV-tmpl/vivado/vivado_proj.srcs/sources_1/new/Decoder.v:19]
INFO: [VRFC 10-2263] Analyzing Verilog file "D:/Vivado/code/SME309-RISCV-tmpl/vivado/vivado_proj.srcs/sources_1/new/Extend.v" into library xil_defaultlib
INFO: [VRFC 10-311] analyzing module Extend
WARNING: [VRFC 10-2502] extra semicolon in $unit (global) scope [D:/Vivado/code/SME309-RISCV-tmpl/vivado/vivado_proj.srcs/sources_1/new/Extend.v:37]
INFO: [VRFC 10-2263] Analyzing Verilog file "D:/Vivado/code/SME309-RISCV-tmpl/vivado/vivado_proj.srcs/sources_1/new/Memdata.v" into library xil_defaultlib
INFO: [VRFC 10-311] analyzing module Memdata
INFO: [VRFC 10-2263] Analyzing Verilog file "D:/Vivado/code/SME309-RISCV-tmpl/vivado/vivado_proj.srcs/sources_1/new/ProgramCounter.v" into library xil_defaultlib
INFO: [VRFC 10-311] analyzing module ProgramCounter
INFO: [VRFC 10-2263] Analyzing Verilog file "D:/Vivado/code/SME309-RISCV-tmpl/vivado/vivado_proj.srcs/sources_1/new/RegisterFile.v" into library xil_defaultlib
INFO: [VRFC 10-311] analyzing module RegisterFile
INFO: [VRFC 10-2263] Analyzing Verilog file "D:/Vivado/code/SME309-RISCV-tmpl/rtl/benchmark.v" into library xil_defaultlib
WARNING: [VRFC 10-998] macro MEM_ADDR_START redefined [../../../../../rtl/define.v:6]
WARNING: [VRFC 10-998] macro MEM_ADDR_END redefined [../../../../../rtl/define.v:7]
INFO: [VRFC 10-311] analyzing module benchmark
INFO: [VRFC 10-2263] Analyzing Verilog file "D:/Vivado/code/SME309-RISCV-tmpl/rtl/dram_driver.v" into library xil_defaultlib
INFO: [VRFC 10-311] analyzing module dram_driver
INFO: [VRFC 10-2263] Analyzing Verilog file "D:/Vivado/code/SME309-RISCV-tmpl/rtl/seven_seg.v" into library xil_defaultlib
INFO: [VRFC 10-311] analyzing module seven_seg
INFO: [VRFC 10-2263] Analyzing Verilog file "D:/Vivado/code/SME309-RISCV-tmpl/vivado/top.v" into library xil_defaultlib
INFO: [VRFC 10-311] analyzing module top
INFO: [VRFC 10-2263] Analyzing Verilog file "D:/Vivado/code/SME309-RISCV-tmpl/sim/tb_top.v" into library xil_defaultlib
INFO: [VRFC 10-311] analyzing module tb_Top
INFO: [USF-XSim-69] 'compile' step finished in '1' seconds
INFO: [Vivado 12-5698] Checking validity of IPs in the design for the 'XSim' simulator...
INFO: [Vivado 12-5682] Launching behavioral simulation in 'D:/Vivado/code/SME309-RISCV-tmpl/vivado/vivado_proj.sim/sim_1/behav/xsim'
INFO: [Vivado 12-4795] Using compiled simulation libraries for IPs
INFO: [USF-XSim-3] XSim::Elaborate design
INFO: [USF-XSim-61] Executing 'ELABORATE' step in 'D:/Vivado/code/SME309-RISCV-tmpl/vivado/vivado_proj.sim/sim_1/behav/xsim'
Vivado Simulator 2017.4
Copyright 1986-1999, 2001-2016 Xilinx, Inc. All Rights Reserved.
Running: D:/Vivado/Vivado/2017.4/bin/unwrapped/win64.o/xelab.exe -wto 3e6eff3e2d4a4c50a15ac3f36e4eed88 --incr --debug typical --relax --mt 2 -L blk_mem_gen_v8_4_1 -L xil_defaultlib -L dist_mem_gen_v8_0_12 -L unisims_ver -L unimacro_ver -L secureip -L xpm --snapshot tb_Top_behav xil_defaultlib.tb_Top xil_defaultlib.glbl -log elaborate.log 
Using 2 slave threads.
Starting static elaboration
WARNING: [VRFC 10-278] actual bit length 32 differs from formal bit length 10 for port a [D:/Vivado/code/SME309-RISCV-tmpl/rtl/benchmark.v:47]
WARNING: [VRFC 10-1783] select index 62 into current_contents is out of bounds [/wrk/2017.4/nightly/2017_12_15_2086221/packages/customer/vivado/data/ip/xilinx/blk_mem_gen_v8_4/simulation/blk_mem_gen_v8_4.v:2420]
Completed static elaboration
Starting simulation data flow analysis
Completed simulation data flow analysis
Time Resolution for simulation is 1ps
Compiling module unisims_ver.IBUF
Compiling module unisims_ver.PLLE2_ADV(CLKFBOUT_MULT=17,CLKIN...
Compiling module unisims_ver.BUFG
Compiling module xil_defaultlib.pll_clk_wiz
Compiling module xil_defaultlib.pll
Compiling module xil_defaultlib.Decoder
Compiling module xil_defaultlib.Control
Compiling module xil_defaultlib.Extend
Compiling module xil_defaultlib.RegisterFile
Compiling module xil_defaultlib.Alu
Compiling module xil_defaultlib.ProgramCounter
Compiling module xil_defaultlib.Memdata
Compiling module xil_defaultlib.CPU
Compiling module dist_mem_gen_v8_0_12.dist_mem_gen_v8_0_12(C_FAMILY="a...
Compiling module xil_defaultlib.IROM
Compiling module blk_mem_gen_v8_4_1.blk_mem_gen_v8_4_1_output_stage(...
Compiling module blk_mem_gen_v8_4_1.blk_mem_gen_v8_4_1_output_stage(...
Compiling module blk_mem_gen_v8_4_1.blk_mem_gen_v8_4_1_softecc_outpu...
Compiling module blk_mem_gen_v8_4_1.blk_mem_gen_v8_4_1_mem_module(C_...
Compiling module blk_mem_gen_v8_4_1.blk_mem_gen_v8_4_1(C_FAMILY="art...
Compiling module xil_defaultlib.DRAM
Compiling module xil_defaultlib.dram_driver
Compiling module xil_defaultlib.seven_seg
Compiling module xil_defaultlib.benchmark
Compiling module xil_defaultlib.top
Compiling module xil_defaultlib.tb_Top
Compiling module xil_defaultlib.glbl
Built simulation snapshot tb_Top_behav
INFO: [USF-XSim-69] 'elaborate' step finished in '5' seconds
Vivado Simulator 2017.4
Time resolution is 1 ps
WARNING: This core is supplied with a behavioral model. To model cycle-accurate behavior you must run timing simulation.
 Block Memory Generator module loading initial data...
 Block Memory Generator data initialization complete.
Block Memory Generator module tb_Top.dut.u_benchmark.dram_driver_inst.Mem_DRAM.inst.native_mem_module.blk_mem_gen_v8_4_1_inst is using a behavioral model for simulation which will not precisely model memory collision behavior.
save to testbench.wave
Warning : input CLKIN1 period and attribute CLKIN1_PERIOD on PLLE2_ADV instance tb_Top.dut.pll_inst.inst.plle2_adv_inst are not same.
relaunch_sim: Time (s): cpu = 00:00:01 ; elapsed = 00:00:07 . Memory (MB): peak = 924.367 ; gain = 0.000
relaunch_sim
INFO: [Vivado 12-5698] Checking validity of IPs in the design for the 'XSim' simulator...
INFO: [Vivado 12-5682] Launching behavioral simulation in 'D:/Vivado/code/SME309-RISCV-tmpl/vivado/vivado_proj.sim/sim_1/behav/xsim'
INFO: [Vivado 12-4795] Using compiled simulation libraries for IPs
INFO: [SIM-utils-51] Simulation object is 'sim_1'
INFO: [USF-XSim-7] Finding pre-compiled libraries...
INFO: [USF-XSim-11] File 'D:/Vivado/Vivado/2017.4/data/xsim/ip/xsim_ip.ini' copied to run dir:'D:/Vivado/code/SME309-RISCV-tmpl/vivado/vivado_proj.sim/sim_1/behav/xsim'
INFO: [SIM-utils-54] Inspecting design source files for 'tb_Top' in fileset 'sim_1'...
INFO: [SIM-utils-43] Exported 'D:/Vivado/code/SME309-RISCV-tmpl/vivado/vivado_proj.sim/sim_1/behav/xsim/DRAM.mif'
INFO: [SIM-utils-43] Exported 'D:/Vivado/code/SME309-RISCV-tmpl/vivado/vivado_proj.sim/sim_1/behav/xsim/all_test_case.coe'
INFO: [SIM-utils-43] Exported 'D:/Vivado/code/SME309-RISCV-tmpl/vivado/vivado_proj.sim/sim_1/behav/xsim/IROM.mif'
INFO: [SIM-utils-43] Exported 'D:/Vivado/code/SME309-RISCV-tmpl/vivado/vivado_proj.sim/sim_1/behav/xsim/all_test.coe'
INFO: [SIM-utils-43] Exported 'D:/Vivado/code/SME309-RISCV-tmpl/vivado/vivado_proj.sim/sim_1/behav/xsim/add_loop.coe'
INFO: [USF-XSim-97] Finding global include files...
INFO: [USF-XSim-98] Fetching design files from 'sim_1'...
INFO: [USF-XSim-2] XSim::Compile design
INFO: [USF-XSim-61] Executing 'COMPILE and ANALYZE' step in 'D:/Vivado/code/SME309-RISCV-tmpl/vivado/vivado_proj.sim/sim_1/behav/xsim'
"xvlog --incr --relax -prj tb_Top_vlog.prj"
INFO: [USF-XSim-69] 'compile' step finished in '1' seconds
INFO: [Vivado 12-5698] Checking validity of IPs in the design for the 'XSim' simulator...
INFO: [Vivado 12-5682] Launching behavioral simulation in 'D:/Vivado/code/SME309-RISCV-tmpl/vivado/vivado_proj.sim/sim_1/behav/xsim'
INFO: [Vivado 12-4795] Using compiled simulation libraries for IPs
INFO: [USF-XSim-3] XSim::Elaborate design
INFO: [USF-XSim-61] Executing 'ELABORATE' step in 'D:/Vivado/code/SME309-RISCV-tmpl/vivado/vivado_proj.sim/sim_1/behav/xsim'
Vivado Simulator 2017.4
Copyright 1986-1999, 2001-2016 Xilinx, Inc. All Rights Reserved.
Running: D:/Vivado/Vivado/2017.4/bin/unwrapped/win64.o/xelab.exe -wto 3e6eff3e2d4a4c50a15ac3f36e4eed88 --incr --debug typical --relax --mt 2 -L blk_mem_gen_v8_4_1 -L xil_defaultlib -L dist_mem_gen_v8_0_12 -L unisims_ver -L unimacro_ver -L secureip -L xpm --snapshot tb_Top_behav xil_defaultlib.tb_Top xil_defaultlib.glbl -log elaborate.log 
Using 2 slave threads.
Starting static elaboration
WARNING: [VRFC 10-278] actual bit length 32 differs from formal bit length 10 for port a [D:/Vivado/code/SME309-RISCV-tmpl/rtl/benchmark.v:47]
WARNING: [VRFC 10-1783] select index 62 into current_contents is out of bounds [/wrk/2017.4/nightly/2017_12_15_2086221/packages/customer/vivado/data/ip/xilinx/blk_mem_gen_v8_4/simulation/blk_mem_gen_v8_4.v:2420]
Completed static elaboration
INFO: [XSIM 43-4323] No Change in HDL. Linking previously generated obj files to create kernel
INFO: [USF-XSim-69] 'elaborate' step finished in '1' seconds
Vivado Simulator 2017.4
Time resolution is 1 ps
WARNING: This core is supplied with a behavioral model. To model cycle-accurate behavior you must run timing simulation.
 Block Memory Generator module loading initial data...
 Block Memory Generator data initialization complete.
Block Memory Generator module tb_Top.dut.u_benchmark.dram_driver_inst.Mem_DRAM.inst.native_mem_module.blk_mem_gen_v8_4_1_inst is using a behavioral model for simulation which will not precisely model memory collision behavior.
save to testbench.wave
Warning : input CLKIN1 period and attribute CLKIN1_PERIOD on PLLE2_ADV instance tb_Top.dut.pll_inst.inst.plle2_adv_inst are not same.
run 100000 us
$finish called at time : 100010 ns : File "D:/Vivado/code/SME309-RISCV-tmpl/sim/tb_top.v" Line 32
run: Time (s): cpu = 00:00:03 ; elapsed = 00:00:13 . Memory (MB): peak = 924.367 ; gain = 0.000
run all
$finish called at time : 100511 ns : File "D:/Vivado/code/SME309-RISCV-tmpl/sim/tb_top.v" Line 51
run all
run: Time (s): cpu = 00:01:05 ; elapsed = 00:07:33 . Memory (MB): peak = 926.141 ; gain = 1.773
relaunch_sim
INFO: [Vivado 12-5698] Checking validity of IPs in the design for the 'XSim' simulator...
INFO: [Vivado 12-5682] Launching behavioral simulation in 'D:/Vivado/code/SME309-RISCV-tmpl/vivado/vivado_proj.sim/sim_1/behav/xsim'
INFO: [Vivado 12-4795] Using compiled simulation libraries for IPs
INFO: [SIM-utils-51] Simulation object is 'sim_1'
INFO: [USF-XSim-7] Finding pre-compiled libraries...
INFO: [USF-XSim-11] File 'D:/Vivado/Vivado/2017.4/data/xsim/ip/xsim_ip.ini' copied to run dir:'D:/Vivado/code/SME309-RISCV-tmpl/vivado/vivado_proj.sim/sim_1/behav/xsim'
INFO: [SIM-utils-54] Inspecting design source files for 'tb_Top' in fileset 'sim_1'...
INFO: [SIM-utils-43] Exported 'D:/Vivado/code/SME309-RISCV-tmpl/vivado/vivado_proj.sim/sim_1/behav/xsim/DRAM.mif'
INFO: [SIM-utils-43] Exported 'D:/Vivado/code/SME309-RISCV-tmpl/vivado/vivado_proj.sim/sim_1/behav/xsim/all_test_case.coe'
INFO: [SIM-utils-43] Exported 'D:/Vivado/code/SME309-RISCV-tmpl/vivado/vivado_proj.sim/sim_1/behav/xsim/IROM.mif'
INFO: [SIM-utils-43] Exported 'D:/Vivado/code/SME309-RISCV-tmpl/vivado/vivado_proj.sim/sim_1/behav/xsim/all_test.coe'
INFO: [SIM-utils-43] Exported 'D:/Vivado/code/SME309-RISCV-tmpl/vivado/vivado_proj.sim/sim_1/behav/xsim/add_loop.coe'
INFO: [USF-XSim-97] Finding global include files...
INFO: [USF-XSim-98] Fetching design files from 'sim_1'...
INFO: [USF-XSim-2] XSim::Compile design
INFO: [USF-XSim-61] Executing 'COMPILE and ANALYZE' step in 'D:/Vivado/code/SME309-RISCV-tmpl/vivado/vivado_proj.sim/sim_1/behav/xsim'
"xvlog --incr --relax -prj tb_Top_vlog.prj"
INFO: [USF-XSim-69] 'compile' step finished in '1' seconds
INFO: [Vivado 12-5698] Checking validity of IPs in the design for the 'XSim' simulator...
INFO: [Vivado 12-5682] Launching behavioral simulation in 'D:/Vivado/code/SME309-RISCV-tmpl/vivado/vivado_proj.sim/sim_1/behav/xsim'
INFO: [Vivado 12-4795] Using compiled simulation libraries for IPs
INFO: [USF-XSim-3] XSim::Elaborate design
INFO: [USF-XSim-61] Executing 'ELABORATE' step in 'D:/Vivado/code/SME309-RISCV-tmpl/vivado/vivado_proj.sim/sim_1/behav/xsim'
Vivado Simulator 2017.4
Copyright 1986-1999, 2001-2016 Xilinx, Inc. All Rights Reserved.
Running: D:/Vivado/Vivado/2017.4/bin/unwrapped/win64.o/xelab.exe -wto 3e6eff3e2d4a4c50a15ac3f36e4eed88 --incr --debug typical --relax --mt 2 -L blk_mem_gen_v8_4_1 -L xil_defaultlib -L dist_mem_gen_v8_0_12 -L unisims_ver -L unimacro_ver -L secureip -L xpm --snapshot tb_Top_behav xil_defaultlib.tb_Top xil_defaultlib.glbl -log elaborate.log 
Using 2 slave threads.
Starting static elaboration
WARNING: [VRFC 10-278] actual bit length 32 differs from formal bit length 10 for port a [D:/Vivado/code/SME309-RISCV-tmpl/rtl/benchmark.v:47]
WARNING: [VRFC 10-1783] select index 62 into current_contents is out of bounds [/wrk/2017.4/nightly/2017_12_15_2086221/packages/customer/vivado/data/ip/xilinx/blk_mem_gen_v8_4/simulation/blk_mem_gen_v8_4.v:2420]
Completed static elaboration
INFO: [XSIM 43-4323] No Change in HDL. Linking previously generated obj files to create kernel
INFO: [USF-XSim-69] 'elaborate' step finished in '1' seconds
Vivado Simulator 2017.4
Time resolution is 1 ps
WARNING: This core is supplied with a behavioral model. To model cycle-accurate behavior you must run timing simulation.
 Block Memory Generator module loading initial data...
 Block Memory Generator data initialization complete.
Block Memory Generator module tb_Top.dut.u_benchmark.dram_driver_inst.Mem_DRAM.inst.native_mem_module.blk_mem_gen_v8_4_1_inst is using a behavioral model for simulation which will not precisely model memory collision behavior.
save to testbench.wave
Warning : input CLKIN1 period and attribute CLKIN1_PERIOD on PLLE2_ADV instance tb_Top.dut.pll_inst.inst.plle2_adv_inst are not same.
relaunch_sim: Time (s): cpu = 00:00:01 ; elapsed = 00:00:05 . Memory (MB): peak = 926.141 ; gain = 0.000
run all
$finish called at time : 100010 ns : File "D:/Vivado/code/SME309-RISCV-tmpl/sim/tb_top.v" Line 32
run: Time (s): cpu = 00:00:01 ; elapsed = 00:00:12 . Memory (MB): peak = 927.156 ; gain = 0.000
relaunch_sim
INFO: [Vivado 12-5698] Checking validity of IPs in the design for the 'XSim' simulator...
INFO: [Vivado 12-5682] Launching behavioral simulation in 'D:/Vivado/code/SME309-RISCV-tmpl/vivado/vivado_proj.sim/sim_1/behav/xsim'
INFO: [Vivado 12-4795] Using compiled simulation libraries for IPs
INFO: [SIM-utils-51] Simulation object is 'sim_1'
INFO: [USF-XSim-7] Finding pre-compiled libraries...
INFO: [USF-XSim-11] File 'D:/Vivado/Vivado/2017.4/data/xsim/ip/xsim_ip.ini' copied to run dir:'D:/Vivado/code/SME309-RISCV-tmpl/vivado/vivado_proj.sim/sim_1/behav/xsim'
INFO: [SIM-utils-54] Inspecting design source files for 'tb_Top' in fileset 'sim_1'...
INFO: [SIM-utils-43] Exported 'D:/Vivado/code/SME309-RISCV-tmpl/vivado/vivado_proj.sim/sim_1/behav/xsim/DRAM.mif'
INFO: [SIM-utils-43] Exported 'D:/Vivado/code/SME309-RISCV-tmpl/vivado/vivado_proj.sim/sim_1/behav/xsim/all_test_case.coe'
INFO: [SIM-utils-43] Exported 'D:/Vivado/code/SME309-RISCV-tmpl/vivado/vivado_proj.sim/sim_1/behav/xsim/IROM.mif'
INFO: [SIM-utils-43] Exported 'D:/Vivado/code/SME309-RISCV-tmpl/vivado/vivado_proj.sim/sim_1/behav/xsim/all_test.coe'
INFO: [SIM-utils-43] Exported 'D:/Vivado/code/SME309-RISCV-tmpl/vivado/vivado_proj.sim/sim_1/behav/xsim/add_loop.coe'
INFO: [USF-XSim-97] Finding global include files...
INFO: [USF-XSim-98] Fetching design files from 'sim_1'...
INFO: [USF-XSim-2] XSim::Compile design
INFO: [USF-XSim-61] Executing 'COMPILE and ANALYZE' step in 'D:/Vivado/code/SME309-RISCV-tmpl/vivado/vivado_proj.sim/sim_1/behav/xsim'
"xvlog --incr --relax -prj tb_Top_vlog.prj"
INFO: [VRFC 10-2263] Analyzing Verilog file "D:/Vivado/code/SME309-RISCV-tmpl/vivado/vivado_proj.srcs/sources_1/ip/DRAM/sim/DRAM.v" into library xil_defaultlib
INFO: [VRFC 10-311] analyzing module DRAM
INFO: [VRFC 10-2263] Analyzing Verilog file "D:/Vivado/code/SME309-RISCV-tmpl/vivado/vivado_proj.srcs/sources_1/ip/IROM/sim/IROM.v" into library xil_defaultlib
INFO: [VRFC 10-311] analyzing module IROM
INFO: [VRFC 10-2263] Analyzing Verilog file "D:/Vivado/code/SME309-RISCV-tmpl/vivado/vivado_proj.srcs/sources_1/ip/pll/pll_clk_wiz.v" into library xil_defaultlib
INFO: [VRFC 10-311] analyzing module pll_clk_wiz
INFO: [VRFC 10-2263] Analyzing Verilog file "D:/Vivado/code/SME309-RISCV-tmpl/vivado/vivado_proj.srcs/sources_1/ip/pll/pll.v" into library xil_defaultlib
INFO: [VRFC 10-311] analyzing module pll
INFO: [VRFC 10-2263] Analyzing Verilog file "D:/Vivado/code/SME309-RISCV-tmpl/vivado/vivado_proj.srcs/sources_1/new/Alu.v" into library xil_defaultlib
INFO: [VRFC 10-311] analyzing module Alu
INFO: [VRFC 10-2263] Analyzing Verilog file "D:/Vivado/code/SME309-RISCV-tmpl/rtl/cpu/CPU_TOP.v" into library xil_defaultlib
INFO: [VRFC 10-311] analyzing module CPU
INFO: [VRFC 10-2263] Analyzing Verilog file "D:/Vivado/code/SME309-RISCV-tmpl/vivado/vivado_proj.srcs/sources_1/new/Control.v" into library xil_defaultlib
INFO: [VRFC 10-311] analyzing module Control
WARNING: [VRFC 10-2502] extra semicolon in $unit (global) scope [D:/Vivado/code/SME309-RISCV-tmpl/vivado/vivado_proj.srcs/sources_1/new/Control.v:279]
INFO: [VRFC 10-2263] Analyzing Verilog file "D:/Vivado/code/SME309-RISCV-tmpl/vivado/vivado_proj.srcs/sources_1/new/Decoder.v" into library xil_defaultlib
INFO: [VRFC 10-311] analyzing module Decoder
WARNING: [VRFC 10-2502] extra semicolon in $unit (global) scope [D:/Vivado/code/SME309-RISCV-tmpl/vivado/vivado_proj.srcs/sources_1/new/Decoder.v:19]
INFO: [VRFC 10-2263] Analyzing Verilog file "D:/Vivado/code/SME309-RISCV-tmpl/vivado/vivado_proj.srcs/sources_1/new/Extend.v" into library xil_defaultlib
INFO: [VRFC 10-311] analyzing module Extend
WARNING: [VRFC 10-2502] extra semicolon in $unit (global) scope [D:/Vivado/code/SME309-RISCV-tmpl/vivado/vivado_proj.srcs/sources_1/new/Extend.v:37]
INFO: [VRFC 10-2263] Analyzing Verilog file "D:/Vivado/code/SME309-RISCV-tmpl/vivado/vivado_proj.srcs/sources_1/new/Memdata.v" into library xil_defaultlib
INFO: [VRFC 10-311] analyzing module Memdata
INFO: [VRFC 10-2263] Analyzing Verilog file "D:/Vivado/code/SME309-RISCV-tmpl/vivado/vivado_proj.srcs/sources_1/new/ProgramCounter.v" into library xil_defaultlib
INFO: [VRFC 10-311] analyzing module ProgramCounter
INFO: [VRFC 10-2263] Analyzing Verilog file "D:/Vivado/code/SME309-RISCV-tmpl/vivado/vivado_proj.srcs/sources_1/new/RegisterFile.v" into library xil_defaultlib
INFO: [VRFC 10-311] analyzing module RegisterFile
INFO: [VRFC 10-2263] Analyzing Verilog file "D:/Vivado/code/SME309-RISCV-tmpl/rtl/benchmark.v" into library xil_defaultlib
WARNING: [VRFC 10-998] macro MEM_ADDR_START redefined [../../../../../rtl/define.v:6]
WARNING: [VRFC 10-998] macro MEM_ADDR_END redefined [../../../../../rtl/define.v:7]
INFO: [VRFC 10-311] analyzing module benchmark
INFO: [VRFC 10-2263] Analyzing Verilog file "D:/Vivado/code/SME309-RISCV-tmpl/rtl/dram_driver.v" into library xil_defaultlib
INFO: [VRFC 10-311] analyzing module dram_driver
INFO: [VRFC 10-2263] Analyzing Verilog file "D:/Vivado/code/SME309-RISCV-tmpl/rtl/seven_seg.v" into library xil_defaultlib
INFO: [VRFC 10-311] analyzing module seven_seg
INFO: [VRFC 10-2263] Analyzing Verilog file "D:/Vivado/code/SME309-RISCV-tmpl/vivado/top.v" into library xil_defaultlib
INFO: [VRFC 10-311] analyzing module top
INFO: [VRFC 10-2263] Analyzing Verilog file "D:/Vivado/code/SME309-RISCV-tmpl/sim/tb_top.v" into library xil_defaultlib
INFO: [VRFC 10-311] analyzing module tb_Top
INFO: [USF-XSim-69] 'compile' step finished in '2' seconds
INFO: [Vivado 12-5698] Checking validity of IPs in the design for the 'XSim' simulator...
INFO: [Vivado 12-5682] Launching behavioral simulation in 'D:/Vivado/code/SME309-RISCV-tmpl/vivado/vivado_proj.sim/sim_1/behav/xsim'
INFO: [Vivado 12-4795] Using compiled simulation libraries for IPs
INFO: [USF-XSim-3] XSim::Elaborate design
INFO: [USF-XSim-61] Executing 'ELABORATE' step in 'D:/Vivado/code/SME309-RISCV-tmpl/vivado/vivado_proj.sim/sim_1/behav/xsim'
Vivado Simulator 2017.4
Copyright 1986-1999, 2001-2016 Xilinx, Inc. All Rights Reserved.
Running: D:/Vivado/Vivado/2017.4/bin/unwrapped/win64.o/xelab.exe -wto 3e6eff3e2d4a4c50a15ac3f36e4eed88 --incr --debug typical --relax --mt 2 -L blk_mem_gen_v8_4_1 -L xil_defaultlib -L dist_mem_gen_v8_0_12 -L unisims_ver -L unimacro_ver -L secureip -L xpm --snapshot tb_Top_behav xil_defaultlib.tb_Top xil_defaultlib.glbl -log elaborate.log 
Using 2 slave threads.
Starting static elaboration
WARNING: [VRFC 10-278] actual bit length 32 differs from formal bit length 10 for port a [D:/Vivado/code/SME309-RISCV-tmpl/rtl/benchmark.v:47]
WARNING: [VRFC 10-1783] select index 62 into current_contents is out of bounds [/wrk/2017.4/nightly/2017_12_15_2086221/packages/customer/vivado/data/ip/xilinx/blk_mem_gen_v8_4/simulation/blk_mem_gen_v8_4.v:2420]
Completed static elaboration
Starting simulation data flow analysis
Completed simulation data flow analysis
Time Resolution for simulation is 1ps
Compiling module unisims_ver.IBUF
Compiling module unisims_ver.PLLE2_ADV(CLKFBOUT_MULT=17,CLKIN...
Compiling module unisims_ver.BUFG
Compiling module xil_defaultlib.pll_clk_wiz
Compiling module xil_defaultlib.pll
Compiling module xil_defaultlib.Decoder
Compiling module xil_defaultlib.Control
Compiling module xil_defaultlib.Extend
Compiling module xil_defaultlib.RegisterFile
Compiling module xil_defaultlib.Alu
Compiling module xil_defaultlib.ProgramCounter
Compiling module xil_defaultlib.Memdata
Compiling module xil_defaultlib.CPU
Compiling module dist_mem_gen_v8_0_12.dist_mem_gen_v8_0_12(C_FAMILY="a...
Compiling module xil_defaultlib.IROM
Compiling module blk_mem_gen_v8_4_1.blk_mem_gen_v8_4_1_output_stage(...
Compiling module blk_mem_gen_v8_4_1.blk_mem_gen_v8_4_1_output_stage(...
Compiling module blk_mem_gen_v8_4_1.blk_mem_gen_v8_4_1_softecc_outpu...
Compiling module blk_mem_gen_v8_4_1.blk_mem_gen_v8_4_1_mem_module(C_...
Compiling module blk_mem_gen_v8_4_1.blk_mem_gen_v8_4_1(C_FAMILY="art...
Compiling module xil_defaultlib.DRAM
Compiling module xil_defaultlib.dram_driver
Compiling module xil_defaultlib.seven_seg
Compiling module xil_defaultlib.benchmark
Compiling module xil_defaultlib.top
Compiling module xil_defaultlib.tb_Top
Compiling module xil_defaultlib.glbl
Built simulation snapshot tb_Top_behav

****** Webtalk v2017.4 (64-bit)
  **** SW Build 2086221 on Fri Dec 15 20:55:39 MST 2017
  **** IP Build 2085800 on Fri Dec 15 22:25:07 MST 2017
    ** Copyright 1986-2017 Xilinx, Inc. All Rights Reserved.

source D:/Vivado/code/SME309-RISCV-tmpl/vivado/vivado_proj.sim/sim_1/behav/xsim/xsim.dir/tb_Top_behav/webtalk/xsim_webtalk.tcl -notrace
INFO: [Common 17-206] Exiting Webtalk at Mon Jan  5 08:42:01 2026...
run_program: Time (s): cpu = 00:00:01 ; elapsed = 00:00:09 . Memory (MB): peak = 927.156 ; gain = 0.000
INFO: [USF-XSim-69] 'elaborate' step finished in '9' seconds
launch_simulation: Time (s): cpu = 00:00:01 ; elapsed = 00:00:09 . Memory (MB): peak = 927.156 ; gain = 0.000
Vivado Simulator 2017.4
Time resolution is 1 ps
WARNING: This core is supplied with a behavioral model. To model cycle-accurate behavior you must run timing simulation.
 Block Memory Generator module loading initial data...
 Block Memory Generator data initialization complete.
Block Memory Generator module tb_Top.dut.u_benchmark.dram_driver_inst.Mem_DRAM.inst.native_mem_module.blk_mem_gen_v8_4_1_inst is using a behavioral model for simulation which will not precisely model memory collision behavior.
save to testbench.wave
Warning : input CLKIN1 period and attribute CLKIN1_PERIOD on PLLE2_ADV instance tb_Top.dut.pll_inst.inst.plle2_adv_inst are not same.
relaunch_sim: Time (s): cpu = 00:00:01 ; elapsed = 00:00:15 . Memory (MB): peak = 927.156 ; gain = 0.000
relaunch_sim
INFO: [Vivado 12-5698] Checking validity of IPs in the design for the 'XSim' simulator...
INFO: [Vivado 12-5682] Launching behavioral simulation in 'D:/Vivado/code/SME309-RISCV-tmpl/vivado/vivado_proj.sim/sim_1/behav/xsim'
INFO: [Vivado 12-4795] Using compiled simulation libraries for IPs
INFO: [SIM-utils-51] Simulation object is 'sim_1'
INFO: [USF-XSim-7] Finding pre-compiled libraries...
INFO: [USF-XSim-11] File 'D:/Vivado/Vivado/2017.4/data/xsim/ip/xsim_ip.ini' copied to run dir:'D:/Vivado/code/SME309-RISCV-tmpl/vivado/vivado_proj.sim/sim_1/behav/xsim'
INFO: [SIM-utils-54] Inspecting design source files for 'tb_Top' in fileset 'sim_1'...
INFO: [SIM-utils-43] Exported 'D:/Vivado/code/SME309-RISCV-tmpl/vivado/vivado_proj.sim/sim_1/behav/xsim/DRAM.mif'
INFO: [SIM-utils-43] Exported 'D:/Vivado/code/SME309-RISCV-tmpl/vivado/vivado_proj.sim/sim_1/behav/xsim/all_test_case.coe'
INFO: [SIM-utils-43] Exported 'D:/Vivado/code/SME309-RISCV-tmpl/vivado/vivado_proj.sim/sim_1/behav/xsim/IROM.mif'
INFO: [SIM-utils-43] Exported 'D:/Vivado/code/SME309-RISCV-tmpl/vivado/vivado_proj.sim/sim_1/behav/xsim/all_test.coe'
INFO: [SIM-utils-43] Exported 'D:/Vivado/code/SME309-RISCV-tmpl/vivado/vivado_proj.sim/sim_1/behav/xsim/add_loop.coe'
INFO: [USF-XSim-97] Finding global include files...
INFO: [USF-XSim-98] Fetching design files from 'sim_1'...
INFO: [USF-XSim-2] XSim::Compile design
INFO: [USF-XSim-61] Executing 'COMPILE and ANALYZE' step in 'D:/Vivado/code/SME309-RISCV-tmpl/vivado/vivado_proj.sim/sim_1/behav/xsim'
"xvlog --incr --relax -prj tb_Top_vlog.prj"
INFO: [USF-XSim-69] 'compile' step finished in '1' seconds
INFO: [Vivado 12-5698] Checking validity of IPs in the design for the 'XSim' simulator...
INFO: [Vivado 12-5682] Launching behavioral simulation in 'D:/Vivado/code/SME309-RISCV-tmpl/vivado/vivado_proj.sim/sim_1/behav/xsim'
INFO: [Vivado 12-4795] Using compiled simulation libraries for IPs
INFO: [USF-XSim-3] XSim::Elaborate design
INFO: [USF-XSim-61] Executing 'ELABORATE' step in 'D:/Vivado/code/SME309-RISCV-tmpl/vivado/vivado_proj.sim/sim_1/behav/xsim'
Vivado Simulator 2017.4
Copyright 1986-1999, 2001-2016 Xilinx, Inc. All Rights Reserved.
Running: D:/Vivado/Vivado/2017.4/bin/unwrapped/win64.o/xelab.exe -wto 3e6eff3e2d4a4c50a15ac3f36e4eed88 --incr --debug typical --relax --mt 2 -L blk_mem_gen_v8_4_1 -L xil_defaultlib -L dist_mem_gen_v8_0_12 -L unisims_ver -L unimacro_ver -L secureip -L xpm --snapshot tb_Top_behav xil_defaultlib.tb_Top xil_defaultlib.glbl -log elaborate.log 
Using 2 slave threads.
Starting static elaboration
WARNING: [VRFC 10-278] actual bit length 32 differs from formal bit length 10 for port a [D:/Vivado/code/SME309-RISCV-tmpl/rtl/benchmark.v:47]
WARNING: [VRFC 10-1783] select index 62 into current_contents is out of bounds [/wrk/2017.4/nightly/2017_12_15_2086221/packages/customer/vivado/data/ip/xilinx/blk_mem_gen_v8_4/simulation/blk_mem_gen_v8_4.v:2420]
Completed static elaboration
INFO: [XSIM 43-4323] No Change in HDL. Linking previously generated obj files to create kernel
INFO: [USF-XSim-69] 'elaborate' step finished in '1' seconds
Vivado Simulator 2017.4
Time resolution is 1 ps
WARNING: This core is supplied with a behavioral model. To model cycle-accurate behavior you must run timing simulation.
 Block Memory Generator module loading initial data...
 Block Memory Generator data initialization complete.
Block Memory Generator module tb_Top.dut.u_benchmark.dram_driver_inst.Mem_DRAM.inst.native_mem_module.blk_mem_gen_v8_4_1_inst is using a behavioral model for simulation which will not precisely model memory collision behavior.
save to testbench.wave
Warning : input CLKIN1 period and attribute CLKIN1_PERIOD on PLLE2_ADV instance tb_Top.dut.pll_inst.inst.plle2_adv_inst are not same.
relaunch_sim: Time (s): cpu = 00:00:01 ; elapsed = 00:00:06 . Memory (MB): peak = 927.156 ; gain = 0.000
run 100000 ns
run: Time (s): cpu = 00:00:01 ; elapsed = 00:00:07 . Memory (MB): peak = 927.156 ; gain = 0.000
close_sim
INFO: [Simtcl 6-16] Simulation closed
close_sim: Time (s): cpu = 00:00:02 ; elapsed = 00:00:07 . Memory (MB): peak = 928.418 ; gain = 0.000
exit
INFO: [Common 17-206] Exiting Vivado at Mon Jan  5 23:53:23 2026...
