#-----------------------------------------------------------
# Vivado v2017.4 (64-bit)
# SW Build 2086221 on Fri Dec 15 20:55:39 MST 2017
# IP Build 2085800 on Fri Dec 15 22:25:07 MST 2017
# Start of session at: Thu Jan  8 02:48:07 2026
# Process ID: 18368
# Current directory: D:/Vivado/code/SME309-RISCV-tmpl - 副本/vivado
# Command line: vivado.exe -gui_launcher_event rodinguilauncherevent32736 D:\Vivado\code\SME309-RISCV-tmpl - 副本\vivado\vivado_proj.xpr
# Log file: D:/Vivado/code/SME309-RISCV-tmpl - 副本/vivado/vivado.log
# Journal file: D:/Vivado/code/SME309-RISCV-tmpl - 副本/vivado\vivado.jou
#-----------------------------------------------------------
start_gui
open_project {D:/Vivado/code/SME309-RISCV-tmpl - 副本/vivado/vivado_proj.xpr}
Scanning sources...
Finished scanning sources
INFO: [IP_Flow 19-234] Refreshing IP repositories
INFO: [IP_Flow 19-1704] No user IP repositories specified
INFO: [IP_Flow 19-2313] Loaded Vivado IP repository 'D:/Vivado/Vivado/2017.4/data/ip'.
update_compile_order -fileset sources_1
close [ open {D:/Vivado/code/SME309-RISCV-tmpl - 副本/vivado/vivado_proj.srcs/sources_1/new/ex_me.v} w ]
add_files {{D:/Vivado/code/SME309-RISCV-tmpl - 副本/vivado/vivado_proj.srcs/sources_1/new/ex_me.v}}
update_compile_order -fileset sources_1
close [ open {D:/Vivado/code/SME309-RISCV-tmpl - 副本/vivado/vivado_proj.srcs/sources_1/new/me_wb.v} w ]
add_files {{D:/Vivado/code/SME309-RISCV-tmpl - 副本/vivado/vivado_proj.srcs/sources_1/new/me_wb.v}}
update_compile_order -fileset sources_1
launch_simulation
INFO: [Vivado 12-5698] Checking validity of IPs in the design for the 'XSim' simulator...
INFO: [Vivado 12-5682] Launching behavioral simulation in 'D:/Vivado/code/SME309-RISCV-tmpl - 副本/vivado/vivado_proj.sim/sim_1/behav/xsim'
INFO: [Vivado 12-4795] Using compiled simulation libraries for IPs
INFO: [SIM-utils-51] Simulation object is 'sim_1'
INFO: [USF-XSim-7] Finding pre-compiled libraries...
INFO: [USF-XSim-11] File 'D:/Vivado/Vivado/2017.4/data/xsim/ip/xsim_ip.ini' copied to run dir:'D:/Vivado/code/SME309-RISCV-tmpl - 副本/vivado/vivado_proj.sim/sim_1/behav/xsim'
INFO: [SIM-utils-54] Inspecting design source files for 'tb_Top' in fileset 'sim_1'...
INFO: [SIM-utils-43] Exported 'D:/Vivado/code/SME309-RISCV-tmpl - 副本/vivado/vivado_proj.sim/sim_1/behav/xsim/DRAM.mif'
INFO: [SIM-utils-43] Exported 'D:/Vivado/code/SME309-RISCV-tmpl - 副本/vivado/vivado_proj.sim/sim_1/behav/xsim/all_test_case.coe'
INFO: [SIM-utils-43] Exported 'D:/Vivado/code/SME309-RISCV-tmpl - 副本/vivado/vivado_proj.sim/sim_1/behav/xsim/IROM.mif'
INFO: [SIM-utils-43] Exported 'D:/Vivado/code/SME309-RISCV-tmpl - 副本/vivado/vivado_proj.sim/sim_1/behav/xsim/all_test.coe'
INFO: [SIM-utils-43] Exported 'D:/Vivado/code/SME309-RISCV-tmpl - 副本/vivado/vivado_proj.sim/sim_1/behav/xsim/add_loop.coe'
INFO: [USF-XSim-97] Finding global include files...
INFO: [USF-XSim-98] Fetching design files from 'sim_1'...
INFO: [USF-XSim-2] XSim::Compile design
INFO: [USF-XSim-61] Executing 'COMPILE and ANALYZE' step in 'D:/Vivado/code/SME309-RISCV-tmpl - 副本/vivado/vivado_proj.sim/sim_1/behav/xsim'
"xvlog --incr --relax -prj tb_Top_vlog.prj"
INFO: [VRFC 10-2263] Analyzing Verilog file "D:/Vivado/code/SME309-RISCV-tmpl - 副本/vivado/vivado_proj.srcs/sources_1/ip/DRAM/sim/DRAM.v" into library xil_defaultlib
INFO: [VRFC 10-311] analyzing module DRAM
INFO: [VRFC 10-2263] Analyzing Verilog file "D:/Vivado/code/SME309-RISCV-tmpl - 副本/vivado/vivado_proj.srcs/sources_1/ip/IROM/sim/IROM.v" into library xil_defaultlib
INFO: [VRFC 10-311] analyzing module IROM
INFO: [VRFC 10-2263] Analyzing Verilog file "D:/Vivado/code/SME309-RISCV-tmpl - 副本/vivado/vivado_proj.srcs/sources_1/ip/pll/pll_clk_wiz.v" into library xil_defaultlib
INFO: [VRFC 10-311] analyzing module pll_clk_wiz
INFO: [VRFC 10-2263] Analyzing Verilog file "D:/Vivado/code/SME309-RISCV-tmpl - 副本/vivado/vivado_proj.srcs/sources_1/ip/pll/pll.v" into library xil_defaultlib
INFO: [VRFC 10-311] analyzing module pll
INFO: [VRFC 10-2263] Analyzing Verilog file "D:/Vivado/code/SME309-RISCV-tmpl - 副本/vivado/vivado_proj.srcs/sources_1/new/Alu.v" into library xil_defaultlib
INFO: [VRFC 10-311] analyzing module Alu
INFO: [VRFC 10-2263] Analyzing Verilog file "D:/Vivado/code/SME309-RISCV-tmpl - 副本/rtl/cpu/CPU_TOP.v" into library xil_defaultlib
INFO: [VRFC 10-311] analyzing module CPU
INFO: [VRFC 10-2263] Analyzing Verilog file "D:/Vivado/code/SME309-RISCV-tmpl - 副本/vivado/vivado_proj.srcs/sources_1/new/Control.v" into library xil_defaultlib
INFO: [VRFC 10-311] analyzing module Control
WARNING: [VRFC 10-2502] extra semicolon in $unit (global) scope [D:/Vivado/code/SME309-RISCV-tmpl - 副本/vivado/vivado_proj.srcs/sources_1/new/Control.v:279]
INFO: [VRFC 10-2263] Analyzing Verilog file "D:/Vivado/code/SME309-RISCV-tmpl - 副本/vivado/vivado_proj.srcs/sources_1/new/Decoder.v" into library xil_defaultlib
INFO: [VRFC 10-311] analyzing module Decoder
WARNING: [VRFC 10-2502] extra semicolon in $unit (global) scope [D:/Vivado/code/SME309-RISCV-tmpl - 副本/vivado/vivado_proj.srcs/sources_1/new/Decoder.v:19]
INFO: [VRFC 10-2263] Analyzing Verilog file "D:/Vivado/code/SME309-RISCV-tmpl - 副本/vivado/vivado_proj.srcs/sources_1/new/Extend.v" into library xil_defaultlib
INFO: [VRFC 10-311] analyzing module Extend
WARNING: [VRFC 10-2502] extra semicolon in $unit (global) scope [D:/Vivado/code/SME309-RISCV-tmpl - 副本/vivado/vivado_proj.srcs/sources_1/new/Extend.v:37]
INFO: [VRFC 10-2263] Analyzing Verilog file "D:/Vivado/code/SME309-RISCV-tmpl - 副本/vivado/vivado_proj.srcs/sources_1/new/Memdata.v" into library xil_defaultlib
INFO: [VRFC 10-311] analyzing module Memdata
INFO: [VRFC 10-2263] Analyzing Verilog file "D:/Vivado/code/SME309-RISCV-tmpl - 副本/vivado/vivado_proj.srcs/sources_1/new/ProgramCounter.v" into library xil_defaultlib
INFO: [VRFC 10-311] analyzing module ProgramCounter
INFO: [VRFC 10-2263] Analyzing Verilog file "D:/Vivado/code/SME309-RISCV-tmpl - 副本/vivado/vivado_proj.srcs/sources_1/new/RegisterFile.v" into library xil_defaultlib
INFO: [VRFC 10-311] analyzing module RegisterFile
INFO: [VRFC 10-2263] Analyzing Verilog file "D:/Vivado/code/SME309-RISCV-tmpl - 副本/rtl/benchmark.v" into library xil_defaultlib
WARNING: [VRFC 10-998] macro MEM_ADDR_START redefined [../../../../../rtl/define.v:6]
WARNING: [VRFC 10-998] macro MEM_ADDR_END redefined [../../../../../rtl/define.v:7]
INFO: [VRFC 10-311] analyzing module benchmark
INFO: [VRFC 10-2263] Analyzing Verilog file "D:/Vivado/code/SME309-RISCV-tmpl - 副本/rtl/dram_driver.v" into library xil_defaultlib
INFO: [VRFC 10-311] analyzing module dram_driver
INFO: [VRFC 10-2263] Analyzing Verilog file "D:/Vivado/code/SME309-RISCV-tmpl - 副本/vivado/vivado_proj.srcs/sources_1/new/ex_me.v" into library xil_defaultlib
INFO: [VRFC 10-311] analyzing module ex_me
INFO: [VRFC 10-2263] Analyzing Verilog file "D:/Vivado/code/SME309-RISCV-tmpl - 副本/vivado/vivado_proj.srcs/sources_1/new/forward_unit.v" into library xil_defaultlib
INFO: [VRFC 10-311] analyzing module forward_unit
INFO: [VRFC 10-2263] Analyzing Verilog file "D:/Vivado/code/SME309-RISCV-tmpl - 副本/vivado/vivado_proj.srcs/sources_1/new/hazard_detection_unit.v" into library xil_defaultlib
INFO: [VRFC 10-311] analyzing module hazard_detection_unit
INFO: [VRFC 10-2263] Analyzing Verilog file "D:/Vivado/code/SME309-RISCV-tmpl - 副本/vivado/vivado_proj.srcs/sources_1/new/id_ex.v" into library xil_defaultlib
INFO: [VRFC 10-311] analyzing module id_ex
INFO: [VRFC 10-2263] Analyzing Verilog file "D:/Vivado/code/SME309-RISCV-tmpl - 副本/vivado/vivado_proj.srcs/sources_1/new/if_id.v" into library xil_defaultlib
INFO: [VRFC 10-311] analyzing module if_id
INFO: [VRFC 10-2263] Analyzing Verilog file "D:/Vivado/code/SME309-RISCV-tmpl - 副本/vivado/vivado_proj.srcs/sources_1/new/me_wb.v" into library xil_defaultlib
INFO: [VRFC 10-311] analyzing module me_wb
INFO: [VRFC 10-2263] Analyzing Verilog file "D:/Vivado/code/SME309-RISCV-tmpl - 副本/rtl/seven_seg.v" into library xil_defaultlib
INFO: [VRFC 10-311] analyzing module seven_seg
INFO: [VRFC 10-2263] Analyzing Verilog file "D:/Vivado/code/SME309-RISCV-tmpl - 副本/vivado/top.v" into library xil_defaultlib
INFO: [VRFC 10-311] analyzing module top
INFO: [VRFC 10-2263] Analyzing Verilog file "D:/Vivado/code/SME309-RISCV-tmpl - 副本/sim/tb_top.v" into library xil_defaultlib
INFO: [VRFC 10-311] analyzing module tb_Top
INFO: [VRFC 10-2263] Analyzing Verilog file "D:/Vivado/code/SME309-RISCV-tmpl - 副本/vivado/vivado_proj.sim/sim_1/behav/xsim/glbl.v" into library xil_defaultlib
INFO: [VRFC 10-311] analyzing module glbl
INFO: [USF-XSim-69] 'compile' step finished in '3' seconds
INFO: [USF-XSim-3] XSim::Elaborate design
INFO: [USF-XSim-61] Executing 'ELABORATE' step in 'D:/Vivado/code/SME309-RISCV-tmpl - 副本/vivado/vivado_proj.sim/sim_1/behav/xsim'
Vivado Simulator 2017.4
Copyright 1986-1999, 2001-2016 Xilinx, Inc. All Rights Reserved.
Running: D:/Vivado/Vivado/2017.4/bin/unwrapped/win64.o/xelab.exe -wto 3e6eff3e2d4a4c50a15ac3f36e4eed88 --incr --debug typical --relax --mt 2 -L blk_mem_gen_v8_4_1 -L xil_defaultlib -L dist_mem_gen_v8_0_12 -L unisims_ver -L unimacro_ver -L secureip -L xpm --snapshot tb_Top_behav xil_defaultlib.tb_Top xil_defaultlib.glbl -log elaborate.log 
Using 2 slave threads.
Starting static elaboration
WARNING: [VRFC 10-278] actual bit length 32 differs from formal bit length 3 for port MemRead [D:/Vivado/code/SME309-RISCV-tmpl - 副本/rtl/cpu/CPU_TOP.v:380]
WARNING: [VRFC 10-278] actual bit length 32 differs from formal bit length 10 for port a [D:/Vivado/code/SME309-RISCV-tmpl - 副本/rtl/benchmark.v:47]
WARNING: [VRFC 10-1783] select index 62 into current_contents is out of bounds [/wrk/2017.4/nightly/2017_12_15_2086221/packages/customer/vivado/data/ip/xilinx/blk_mem_gen_v8_4/simulation/blk_mem_gen_v8_4.v:2420]
Completed static elaboration
Starting simulation data flow analysis
Completed simulation data flow analysis
Time Resolution for simulation is 1ps
Compiling module unisims_ver.IBUF
Compiling module unisims_ver.PLLE2_ADV(CLKFBOUT_MULT=17,CLKIN...
Compiling module unisims_ver.BUFG
Compiling module xil_defaultlib.pll_clk_wiz
Compiling module xil_defaultlib.pll
Compiling module xil_defaultlib.if_id
Compiling module xil_defaultlib.Decoder
Compiling module xil_defaultlib.Control
Compiling module xil_defaultlib.Extend
Compiling module xil_defaultlib.RegisterFile
Compiling module xil_defaultlib.hazard_detection_unit
Compiling module xil_defaultlib.id_ex
Compiling module xil_defaultlib.forward_unit
Compiling module xil_defaultlib.Alu
Compiling module xil_defaultlib.ex_me
Compiling module xil_defaultlib.me_wb
Compiling module xil_defaultlib.ProgramCounter
Compiling module xil_defaultlib.Memdata
Compiling module xil_defaultlib.CPU
Compiling module dist_mem_gen_v8_0_12.dist_mem_gen_v8_0_12(C_FAMILY="a...
Compiling module xil_defaultlib.IROM
Compiling module blk_mem_gen_v8_4_1.blk_mem_gen_v8_4_1_output_stage(...
Compiling module blk_mem_gen_v8_4_1.blk_mem_gen_v8_4_1_output_stage(...
Compiling module blk_mem_gen_v8_4_1.blk_mem_gen_v8_4_1_softecc_outpu...
Compiling module blk_mem_gen_v8_4_1.blk_mem_gen_v8_4_1_mem_module(C_...
Compiling module blk_mem_gen_v8_4_1.blk_mem_gen_v8_4_1(C_FAMILY="art...
Compiling module xil_defaultlib.DRAM
Compiling module xil_defaultlib.dram_driver
Compiling module xil_defaultlib.seven_seg
Compiling module xil_defaultlib.benchmark
Compiling module xil_defaultlib.top
Compiling module xil_defaultlib.tb_Top
Compiling module xil_defaultlib.glbl
Built simulation snapshot tb_Top_behav
ERROR: [Common 17-165] Too many positional options when parsing '-notrace', please type 'webtalk -help' for usage info.

run_program: Time (s): cpu = 00:00:00 ; elapsed = 00:00:06 . Memory (MB): peak = 819.426 ; gain = 0.148
INFO: [USF-XSim-69] 'elaborate' step finished in '6' seconds
INFO: [USF-XSim-4] XSim::Simulate design
INFO: [USF-XSim-61] Executing 'SIMULATE' step in 'D:/Vivado/code/SME309-RISCV-tmpl - 副本/vivado/vivado_proj.sim/sim_1/behav/xsim'
INFO: [USF-XSim-98] *** Running xsim
   with args "tb_Top_behav -key {Behavioral:sim_1:Functional:tb_Top} -tclbatch {tb_Top.tcl} -log {simulate.log}"
INFO: [USF-XSim-8] Loading simulator feature
Vivado Simulator 2017.4
Time resolution is 1 ps
source tb_Top.tcl
# set curr_wave [current_wave_config]
# if { [string length $curr_wave] == 0 } {
#   if { [llength [get_objects]] > 0} {
#     add_wave /
#     set_property needs_save false [current_wave_config]
#   } else {
#      send_msg_id Add_Wave-1 WARNING "No top level signals found. Simulator will start without a wave window. If you want to open a wave window go to 'File->New Waveform Configuration' or type 'create_wave_config' in the TCL console."
#   }
# }
# run 1000ns
WARNING: This core is supplied with a behavioral model. To model cycle-accurate behavior you must run timing simulation.
 Block Memory Generator module loading initial data...
 Block Memory Generator data initialization complete.
Block Memory Generator module tb_Top.dut.u_benchmark.dram_driver_inst.Mem_DRAM.inst.native_mem_module.blk_mem_gen_v8_4_1_inst is using a behavioral model for simulation which will not precisely model memory collision behavior.
save to testbench.wave
Warning : input CLKIN1 period and attribute CLKIN1_PERIOD on PLLE2_ADV instance tb_Top.dut.pll_inst.inst.plle2_adv_inst are not same.
INFO: [USF-XSim-96] XSim completed. Design snapshot 'tb_Top_behav' loaded.
INFO: [USF-XSim-97] XSim simulation ran for 1000ns
launch_simulation: Time (s): cpu = 00:00:04 ; elapsed = 00:00:12 . Memory (MB): peak = 839.922 ; gain = 22.113
run 1000 ns
WARNING in tb_Top.dut.u_benchmark.Mem_IROM.inst at time              1637000 ns: 
Reading from out-of-range address. Max address in tb_Top.dut.u_benchmark.Mem_IROM.inst is        1023
relaunch_sim
INFO: [Vivado 12-5698] Checking validity of IPs in the design for the 'XSim' simulator...
INFO: [Vivado 12-5682] Launching behavioral simulation in 'D:/Vivado/code/SME309-RISCV-tmpl - 副本/vivado/vivado_proj.sim/sim_1/behav/xsim'
INFO: [Vivado 12-4795] Using compiled simulation libraries for IPs
INFO: [SIM-utils-51] Simulation object is 'sim_1'
INFO: [USF-XSim-7] Finding pre-compiled libraries...
INFO: [USF-XSim-11] File 'D:/Vivado/Vivado/2017.4/data/xsim/ip/xsim_ip.ini' copied to run dir:'D:/Vivado/code/SME309-RISCV-tmpl - 副本/vivado/vivado_proj.sim/sim_1/behav/xsim'
INFO: [SIM-utils-54] Inspecting design source files for 'tb_Top' in fileset 'sim_1'...
INFO: [SIM-utils-43] Exported 'D:/Vivado/code/SME309-RISCV-tmpl - 副本/vivado/vivado_proj.sim/sim_1/behav/xsim/DRAM.mif'
INFO: [SIM-utils-43] Exported 'D:/Vivado/code/SME309-RISCV-tmpl - 副本/vivado/vivado_proj.sim/sim_1/behav/xsim/all_test_case.coe'
INFO: [SIM-utils-43] Exported 'D:/Vivado/code/SME309-RISCV-tmpl - 副本/vivado/vivado_proj.sim/sim_1/behav/xsim/IROM.mif'
INFO: [SIM-utils-43] Exported 'D:/Vivado/code/SME309-RISCV-tmpl - 副本/vivado/vivado_proj.sim/sim_1/behav/xsim/all_test.coe'
INFO: [SIM-utils-43] Exported 'D:/Vivado/code/SME309-RISCV-tmpl - 副本/vivado/vivado_proj.sim/sim_1/behav/xsim/add_loop.coe'
INFO: [USF-XSim-97] Finding global include files...
INFO: [USF-XSim-98] Fetching design files from 'sim_1'...
INFO: [USF-XSim-2] XSim::Compile design
INFO: [USF-XSim-61] Executing 'COMPILE and ANALYZE' step in 'D:/Vivado/code/SME309-RISCV-tmpl - 副本/vivado/vivado_proj.sim/sim_1/behav/xsim'
"xvlog --incr --relax -prj tb_Top_vlog.prj"
INFO: [USF-XSim-69] 'compile' step finished in '1' seconds
INFO: [Vivado 12-5698] Checking validity of IPs in the design for the 'XSim' simulator...
INFO: [Vivado 12-5682] Launching behavioral simulation in 'D:/Vivado/code/SME309-RISCV-tmpl - 副本/vivado/vivado_proj.sim/sim_1/behav/xsim'
INFO: [Vivado 12-4795] Using compiled simulation libraries for IPs
INFO: [USF-XSim-3] XSim::Elaborate design
INFO: [USF-XSim-61] Executing 'ELABORATE' step in 'D:/Vivado/code/SME309-RISCV-tmpl - 副本/vivado/vivado_proj.sim/sim_1/behav/xsim'
Vivado Simulator 2017.4
Copyright 1986-1999, 2001-2016 Xilinx, Inc. All Rights Reserved.
Running: D:/Vivado/Vivado/2017.4/bin/unwrapped/win64.o/xelab.exe -wto 3e6eff3e2d4a4c50a15ac3f36e4eed88 --incr --debug typical --relax --mt 2 -L blk_mem_gen_v8_4_1 -L xil_defaultlib -L dist_mem_gen_v8_0_12 -L unisims_ver -L unimacro_ver -L secureip -L xpm --snapshot tb_Top_behav xil_defaultlib.tb_Top xil_defaultlib.glbl -log elaborate.log 
Using 2 slave threads.
Starting static elaboration
WARNING: [VRFC 10-278] actual bit length 32 differs from formal bit length 3 for port MemRead [D:/Vivado/code/SME309-RISCV-tmpl - 副本/rtl/cpu/CPU_TOP.v:380]
WARNING: [VRFC 10-278] actual bit length 32 differs from formal bit length 10 for port a [D:/Vivado/code/SME309-RISCV-tmpl - 副本/rtl/benchmark.v:47]
WARNING: [VRFC 10-1783] select index 62 into current_contents is out of bounds [/wrk/2017.4/nightly/2017_12_15_2086221/packages/customer/vivado/data/ip/xilinx/blk_mem_gen_v8_4/simulation/blk_mem_gen_v8_4.v:2420]
Completed static elaboration
INFO: [XSIM 43-4323] No Change in HDL. Linking previously generated obj files to create kernel
INFO: [USF-XSim-69] 'elaborate' step finished in '1' seconds
Vivado Simulator 2017.4
Time resolution is 1 ps
WARNING: This core is supplied with a behavioral model. To model cycle-accurate behavior you must run timing simulation.
 Block Memory Generator module loading initial data...
 Block Memory Generator data initialization complete.
Block Memory Generator module tb_Top.dut.u_benchmark.dram_driver_inst.Mem_DRAM.inst.native_mem_module.blk_mem_gen_v8_4_1_inst is using a behavioral model for simulation which will not precisely model memory collision behavior.
save to testbench.wave
Warning : input CLKIN1 period and attribute CLKIN1_PERIOD on PLLE2_ADV instance tb_Top.dut.pll_inst.inst.plle2_adv_inst are not same.
relaunch_sim: Time (s): cpu = 00:00:01 ; elapsed = 00:00:06 . Memory (MB): peak = 884.910 ; gain = 38.410
close_sim
INFO: [Simtcl 6-16] Simulation closed
launch_simulation
INFO: [Vivado 12-5698] Checking validity of IPs in the design for the 'XSim' simulator...
INFO: [Vivado 12-5682] Launching behavioral simulation in 'D:/Vivado/code/SME309-RISCV-tmpl - 副本/vivado/vivado_proj.sim/sim_1/behav/xsim'
INFO: [Vivado 12-4795] Using compiled simulation libraries for IPs
INFO: [SIM-utils-51] Simulation object is 'sim_1'
INFO: [USF-XSim-7] Finding pre-compiled libraries...
INFO: [USF-XSim-11] File 'D:/Vivado/Vivado/2017.4/data/xsim/ip/xsim_ip.ini' copied to run dir:'D:/Vivado/code/SME309-RISCV-tmpl - 副本/vivado/vivado_proj.sim/sim_1/behav/xsim'
INFO: [SIM-utils-54] Inspecting design source files for 'tb_Top' in fileset 'sim_1'...
INFO: [SIM-utils-43] Exported 'D:/Vivado/code/SME309-RISCV-tmpl - 副本/vivado/vivado_proj.sim/sim_1/behav/xsim/DRAM.mif'
INFO: [SIM-utils-43] Exported 'D:/Vivado/code/SME309-RISCV-tmpl - 副本/vivado/vivado_proj.sim/sim_1/behav/xsim/all_test_case.coe'
INFO: [SIM-utils-43] Exported 'D:/Vivado/code/SME309-RISCV-tmpl - 副本/vivado/vivado_proj.sim/sim_1/behav/xsim/IROM.mif'
INFO: [SIM-utils-43] Exported 'D:/Vivado/code/SME309-RISCV-tmpl - 副本/vivado/vivado_proj.sim/sim_1/behav/xsim/all_test.coe'
INFO: [SIM-utils-43] Exported 'D:/Vivado/code/SME309-RISCV-tmpl - 副本/vivado/vivado_proj.sim/sim_1/behav/xsim/add_loop.coe'
INFO: [USF-XSim-97] Finding global include files...
INFO: [USF-XSim-98] Fetching design files from 'sim_1'...
INFO: [USF-XSim-2] XSim::Compile design
INFO: [USF-XSim-61] Executing 'COMPILE and ANALYZE' step in 'D:/Vivado/code/SME309-RISCV-tmpl - 副本/vivado/vivado_proj.sim/sim_1/behav/xsim'
"xvlog --incr --relax -prj tb_Top_vlog.prj"
INFO: [USF-XSim-69] 'compile' step finished in '1' seconds
INFO: [USF-XSim-3] XSim::Elaborate design
INFO: [USF-XSim-61] Executing 'ELABORATE' step in 'D:/Vivado/code/SME309-RISCV-tmpl - 副本/vivado/vivado_proj.sim/sim_1/behav/xsim'
Vivado Simulator 2017.4
Copyright 1986-1999, 2001-2016 Xilinx, Inc. All Rights Reserved.
Running: D:/Vivado/Vivado/2017.4/bin/unwrapped/win64.o/xelab.exe -wto 3e6eff3e2d4a4c50a15ac3f36e4eed88 --incr --debug typical --relax --mt 2 -L blk_mem_gen_v8_4_1 -L xil_defaultlib -L dist_mem_gen_v8_0_12 -L unisims_ver -L unimacro_ver -L secureip -L xpm --snapshot tb_Top_behav xil_defaultlib.tb_Top xil_defaultlib.glbl -log elaborate.log 
Using 2 slave threads.
Starting static elaboration
WARNING: [VRFC 10-278] actual bit length 32 differs from formal bit length 3 for port MemRead [D:/Vivado/code/SME309-RISCV-tmpl - 副本/rtl/cpu/CPU_TOP.v:380]
WARNING: [VRFC 10-278] actual bit length 32 differs from formal bit length 10 for port a [D:/Vivado/code/SME309-RISCV-tmpl - 副本/rtl/benchmark.v:47]
WARNING: [VRFC 10-1783] select index 62 into current_contents is out of bounds [/wrk/2017.4/nightly/2017_12_15_2086221/packages/customer/vivado/data/ip/xilinx/blk_mem_gen_v8_4/simulation/blk_mem_gen_v8_4.v:2420]
Completed static elaboration
INFO: [XSIM 43-4323] No Change in HDL. Linking previously generated obj files to create kernel
INFO: [USF-XSim-69] 'elaborate' step finished in '1' seconds
INFO: [USF-XSim-4] XSim::Simulate design
INFO: [USF-XSim-61] Executing 'SIMULATE' step in 'D:/Vivado/code/SME309-RISCV-tmpl - 副本/vivado/vivado_proj.sim/sim_1/behav/xsim'
INFO: [USF-XSim-98] *** Running xsim
   with args "tb_Top_behav -key {Behavioral:sim_1:Functional:tb_Top} -tclbatch {tb_Top.tcl} -log {simulate.log}"
INFO: [USF-XSim-8] Loading simulator feature
Vivado Simulator 2017.4
Time resolution is 1 ps
source tb_Top.tcl
# set curr_wave [current_wave_config]
# if { [string length $curr_wave] == 0 } {
#   if { [llength [get_objects]] > 0} {
#     add_wave /
#     set_property needs_save false [current_wave_config]
#   } else {
#      send_msg_id Add_Wave-1 WARNING "No top level signals found. Simulator will start without a wave window. If you want to open a wave window go to 'File->New Waveform Configuration' or type 'create_wave_config' in the TCL console."
#   }
# }
# run 1000ns
WARNING: This core is supplied with a behavioral model. To model cycle-accurate behavior you must run timing simulation.
 Block Memory Generator module loading initial data...
 Block Memory Generator data initialization complete.
Block Memory Generator module tb_Top.dut.u_benchmark.dram_driver_inst.Mem_DRAM.inst.native_mem_module.blk_mem_gen_v8_4_1_inst is using a behavioral model for simulation which will not precisely model memory collision behavior.
save to testbench.wave
Warning : input CLKIN1 period and attribute CLKIN1_PERIOD on PLLE2_ADV instance tb_Top.dut.pll_inst.inst.plle2_adv_inst are not same.
INFO: [USF-XSim-96] XSim completed. Design snapshot 'tb_Top_behav' loaded.
INFO: [USF-XSim-97] XSim simulation ran for 1000ns
relaunch_sim
INFO: [Vivado 12-5698] Checking validity of IPs in the design for the 'XSim' simulator...
INFO: [Vivado 12-5682] Launching behavioral simulation in 'D:/Vivado/code/SME309-RISCV-tmpl - 副本/vivado/vivado_proj.sim/sim_1/behav/xsim'
INFO: [Vivado 12-4795] Using compiled simulation libraries for IPs
INFO: [SIM-utils-51] Simulation object is 'sim_1'
INFO: [USF-XSim-7] Finding pre-compiled libraries...
INFO: [USF-XSim-11] File 'D:/Vivado/Vivado/2017.4/data/xsim/ip/xsim_ip.ini' copied to run dir:'D:/Vivado/code/SME309-RISCV-tmpl - 副本/vivado/vivado_proj.sim/sim_1/behav/xsim'
INFO: [SIM-utils-54] Inspecting design source files for 'tb_Top' in fileset 'sim_1'...
INFO: [SIM-utils-43] Exported 'D:/Vivado/code/SME309-RISCV-tmpl - 副本/vivado/vivado_proj.sim/sim_1/behav/xsim/DRAM.mif'
INFO: [SIM-utils-43] Exported 'D:/Vivado/code/SME309-RISCV-tmpl - 副本/vivado/vivado_proj.sim/sim_1/behav/xsim/all_test_case.coe'
INFO: [SIM-utils-43] Exported 'D:/Vivado/code/SME309-RISCV-tmpl - 副本/vivado/vivado_proj.sim/sim_1/behav/xsim/IROM.mif'
INFO: [SIM-utils-43] Exported 'D:/Vivado/code/SME309-RISCV-tmpl - 副本/vivado/vivado_proj.sim/sim_1/behav/xsim/all_test.coe'
INFO: [SIM-utils-43] Exported 'D:/Vivado/code/SME309-RISCV-tmpl - 副本/vivado/vivado_proj.sim/sim_1/behav/xsim/add_loop.coe'
INFO: [USF-XSim-97] Finding global include files...
INFO: [USF-XSim-98] Fetching design files from 'sim_1'...
INFO: [USF-XSim-2] XSim::Compile design
INFO: [USF-XSim-61] Executing 'COMPILE and ANALYZE' step in 'D:/Vivado/code/SME309-RISCV-tmpl - 副本/vivado/vivado_proj.sim/sim_1/behav/xsim'
"xvlog --incr --relax -prj tb_Top_vlog.prj"
INFO: [USF-XSim-69] 'compile' step finished in '1' seconds
INFO: [Vivado 12-5698] Checking validity of IPs in the design for the 'XSim' simulator...
INFO: [Vivado 12-5682] Launching behavioral simulation in 'D:/Vivado/code/SME309-RISCV-tmpl - 副本/vivado/vivado_proj.sim/sim_1/behav/xsim'
INFO: [Vivado 12-4795] Using compiled simulation libraries for IPs
INFO: [USF-XSim-3] XSim::Elaborate design
INFO: [USF-XSim-61] Executing 'ELABORATE' step in 'D:/Vivado/code/SME309-RISCV-tmpl - 副本/vivado/vivado_proj.sim/sim_1/behav/xsim'
Vivado Simulator 2017.4
Copyright 1986-1999, 2001-2016 Xilinx, Inc. All Rights Reserved.
Running: D:/Vivado/Vivado/2017.4/bin/unwrapped/win64.o/xelab.exe -wto 3e6eff3e2d4a4c50a15ac3f36e4eed88 --incr --debug typical --relax --mt 2 -L blk_mem_gen_v8_4_1 -L xil_defaultlib -L dist_mem_gen_v8_0_12 -L unisims_ver -L unimacro_ver -L secureip -L xpm --snapshot tb_Top_behav xil_defaultlib.tb_Top xil_defaultlib.glbl -log elaborate.log 
Using 2 slave threads.
Starting static elaboration
WARNING: [VRFC 10-278] actual bit length 32 differs from formal bit length 3 for port MemRead [D:/Vivado/code/SME309-RISCV-tmpl - 副本/rtl/cpu/CPU_TOP.v:380]
WARNING: [VRFC 10-278] actual bit length 32 differs from formal bit length 10 for port a [D:/Vivado/code/SME309-RISCV-tmpl - 副本/rtl/benchmark.v:47]
WARNING: [VRFC 10-1783] select index 62 into current_contents is out of bounds [/wrk/2017.4/nightly/2017_12_15_2086221/packages/customer/vivado/data/ip/xilinx/blk_mem_gen_v8_4/simulation/blk_mem_gen_v8_4.v:2420]
Completed static elaboration
INFO: [XSIM 43-4323] No Change in HDL. Linking previously generated obj files to create kernel
INFO: [USF-XSim-69] 'elaborate' step finished in '2' seconds
Vivado Simulator 2017.4
Time resolution is 1 ps
WARNING: This core is supplied with a behavioral model. To model cycle-accurate behavior you must run timing simulation.
 Block Memory Generator module loading initial data...
 Block Memory Generator data initialization complete.
Block Memory Generator module tb_Top.dut.u_benchmark.dram_driver_inst.Mem_DRAM.inst.native_mem_module.blk_mem_gen_v8_4_1_inst is using a behavioral model for simulation which will not precisely model memory collision behavior.
save to testbench.wave
Warning : input CLKIN1 period and attribute CLKIN1_PERIOD on PLLE2_ADV instance tb_Top.dut.pll_inst.inst.plle2_adv_inst are not same.
relaunch_sim: Time (s): cpu = 00:00:02 ; elapsed = 00:00:06 . Memory (MB): peak = 885.305 ; gain = 0.000
run 1000 ns
WARNING in tb_Top.dut.u_benchmark.Mem_IROM.inst at time              1637000 ns: 
Reading from out-of-range address. Max address in tb_Top.dut.u_benchmark.Mem_IROM.inst is        1023
relaunch_sim
INFO: [Vivado 12-5698] Checking validity of IPs in the design for the 'XSim' simulator...
INFO: [Vivado 12-5682] Launching behavioral simulation in 'D:/Vivado/code/SME309-RISCV-tmpl - 副本/vivado/vivado_proj.sim/sim_1/behav/xsim'
INFO: [Vivado 12-4795] Using compiled simulation libraries for IPs
INFO: [SIM-utils-51] Simulation object is 'sim_1'
INFO: [USF-XSim-7] Finding pre-compiled libraries...
INFO: [USF-XSim-11] File 'D:/Vivado/Vivado/2017.4/data/xsim/ip/xsim_ip.ini' copied to run dir:'D:/Vivado/code/SME309-RISCV-tmpl - 副本/vivado/vivado_proj.sim/sim_1/behav/xsim'
INFO: [SIM-utils-54] Inspecting design source files for 'tb_Top' in fileset 'sim_1'...
INFO: [SIM-utils-43] Exported 'D:/Vivado/code/SME309-RISCV-tmpl - 副本/vivado/vivado_proj.sim/sim_1/behav/xsim/DRAM.mif'
INFO: [SIM-utils-43] Exported 'D:/Vivado/code/SME309-RISCV-tmpl - 副本/vivado/vivado_proj.sim/sim_1/behav/xsim/all_test_case.coe'
INFO: [SIM-utils-43] Exported 'D:/Vivado/code/SME309-RISCV-tmpl - 副本/vivado/vivado_proj.sim/sim_1/behav/xsim/IROM.mif'
INFO: [SIM-utils-43] Exported 'D:/Vivado/code/SME309-RISCV-tmpl - 副本/vivado/vivado_proj.sim/sim_1/behav/xsim/all_test.coe'
INFO: [SIM-utils-43] Exported 'D:/Vivado/code/SME309-RISCV-tmpl - 副本/vivado/vivado_proj.sim/sim_1/behav/xsim/add_loop.coe'
INFO: [USF-XSim-97] Finding global include files...
INFO: [USF-XSim-98] Fetching design files from 'sim_1'...
INFO: [USF-XSim-2] XSim::Compile design
INFO: [USF-XSim-61] Executing 'COMPILE and ANALYZE' step in 'D:/Vivado/code/SME309-RISCV-tmpl - 副本/vivado/vivado_proj.sim/sim_1/behav/xsim'
"xvlog --incr --relax -prj tb_Top_vlog.prj"
INFO: [VRFC 10-2263] Analyzing Verilog file "D:/Vivado/code/SME309-RISCV-tmpl - 副本/vivado/vivado_proj.srcs/sources_1/ip/DRAM/sim/DRAM.v" into library xil_defaultlib
INFO: [VRFC 10-311] analyzing module DRAM
INFO: [VRFC 10-2263] Analyzing Verilog file "D:/Vivado/code/SME309-RISCV-tmpl - 副本/vivado/vivado_proj.srcs/sources_1/ip/IROM/sim/IROM.v" into library xil_defaultlib
INFO: [VRFC 10-311] analyzing module IROM
INFO: [VRFC 10-2263] Analyzing Verilog file "D:/Vivado/code/SME309-RISCV-tmpl - 副本/vivado/vivado_proj.srcs/sources_1/ip/pll/pll_clk_wiz.v" into library xil_defaultlib
INFO: [VRFC 10-311] analyzing module pll_clk_wiz
INFO: [VRFC 10-2263] Analyzing Verilog file "D:/Vivado/code/SME309-RISCV-tmpl - 副本/vivado/vivado_proj.srcs/sources_1/ip/pll/pll.v" into library xil_defaultlib
INFO: [VRFC 10-311] analyzing module pll
INFO: [VRFC 10-2263] Analyzing Verilog file "D:/Vivado/code/SME309-RISCV-tmpl - 副本/vivado/vivado_proj.srcs/sources_1/new/Alu.v" into library xil_defaultlib
INFO: [VRFC 10-311] analyzing module Alu
INFO: [VRFC 10-2263] Analyzing Verilog file "D:/Vivado/code/SME309-RISCV-tmpl - 副本/rtl/cpu/CPU_TOP.v" into library xil_defaultlib
INFO: [VRFC 10-311] analyzing module CPU
INFO: [VRFC 10-2263] Analyzing Verilog file "D:/Vivado/code/SME309-RISCV-tmpl - 副本/vivado/vivado_proj.srcs/sources_1/new/Control.v" into library xil_defaultlib
INFO: [VRFC 10-311] analyzing module Control
WARNING: [VRFC 10-2502] extra semicolon in $unit (global) scope [D:/Vivado/code/SME309-RISCV-tmpl - 副本/vivado/vivado_proj.srcs/sources_1/new/Control.v:279]
INFO: [VRFC 10-2263] Analyzing Verilog file "D:/Vivado/code/SME309-RISCV-tmpl - 副本/vivado/vivado_proj.srcs/sources_1/new/Decoder.v" into library xil_defaultlib
INFO: [VRFC 10-311] analyzing module Decoder
WARNING: [VRFC 10-2502] extra semicolon in $unit (global) scope [D:/Vivado/code/SME309-RISCV-tmpl - 副本/vivado/vivado_proj.srcs/sources_1/new/Decoder.v:19]
INFO: [VRFC 10-2263] Analyzing Verilog file "D:/Vivado/code/SME309-RISCV-tmpl - 副本/vivado/vivado_proj.srcs/sources_1/new/Extend.v" into library xil_defaultlib
INFO: [VRFC 10-311] analyzing module Extend
WARNING: [VRFC 10-2502] extra semicolon in $unit (global) scope [D:/Vivado/code/SME309-RISCV-tmpl - 副本/vivado/vivado_proj.srcs/sources_1/new/Extend.v:37]
INFO: [VRFC 10-2263] Analyzing Verilog file "D:/Vivado/code/SME309-RISCV-tmpl - 副本/vivado/vivado_proj.srcs/sources_1/new/Memdata.v" into library xil_defaultlib
INFO: [VRFC 10-311] analyzing module Memdata
INFO: [VRFC 10-2263] Analyzing Verilog file "D:/Vivado/code/SME309-RISCV-tmpl - 副本/vivado/vivado_proj.srcs/sources_1/new/ProgramCounter.v" into library xil_defaultlib
INFO: [VRFC 10-311] analyzing module ProgramCounter
INFO: [VRFC 10-2263] Analyzing Verilog file "D:/Vivado/code/SME309-RISCV-tmpl - 副本/vivado/vivado_proj.srcs/sources_1/new/RegisterFile.v" into library xil_defaultlib
INFO: [VRFC 10-311] analyzing module RegisterFile
INFO: [VRFC 10-2263] Analyzing Verilog file "D:/Vivado/code/SME309-RISCV-tmpl - 副本/rtl/benchmark.v" into library xil_defaultlib
WARNING: [VRFC 10-998] macro MEM_ADDR_START redefined [../../../../../rtl/define.v:6]
WARNING: [VRFC 10-998] macro MEM_ADDR_END redefined [../../../../../rtl/define.v:7]
INFO: [VRFC 10-311] analyzing module benchmark
INFO: [VRFC 10-2263] Analyzing Verilog file "D:/Vivado/code/SME309-RISCV-tmpl - 副本/rtl/dram_driver.v" into library xil_defaultlib
INFO: [VRFC 10-311] analyzing module dram_driver
INFO: [VRFC 10-2263] Analyzing Verilog file "D:/Vivado/code/SME309-RISCV-tmpl - 副本/vivado/vivado_proj.srcs/sources_1/new/ex_me.v" into library xil_defaultlib
INFO: [VRFC 10-311] analyzing module ex_me
INFO: [VRFC 10-2263] Analyzing Verilog file "D:/Vivado/code/SME309-RISCV-tmpl - 副本/vivado/vivado_proj.srcs/sources_1/new/forward_unit.v" into library xil_defaultlib
INFO: [VRFC 10-311] analyzing module forward_unit
INFO: [VRFC 10-2263] Analyzing Verilog file "D:/Vivado/code/SME309-RISCV-tmpl - 副本/vivado/vivado_proj.srcs/sources_1/new/hazard_detection_unit.v" into library xil_defaultlib
INFO: [VRFC 10-311] analyzing module hazard_detection_unit
INFO: [VRFC 10-2263] Analyzing Verilog file "D:/Vivado/code/SME309-RISCV-tmpl - 副本/vivado/vivado_proj.srcs/sources_1/new/id_ex.v" into library xil_defaultlib
INFO: [VRFC 10-311] analyzing module id_ex
INFO: [VRFC 10-2263] Analyzing Verilog file "D:/Vivado/code/SME309-RISCV-tmpl - 副本/vivado/vivado_proj.srcs/sources_1/new/if_id.v" into library xil_defaultlib
INFO: [VRFC 10-311] analyzing module if_id
INFO: [VRFC 10-2263] Analyzing Verilog file "D:/Vivado/code/SME309-RISCV-tmpl - 副本/vivado/vivado_proj.srcs/sources_1/new/me_wb.v" into library xil_defaultlib
INFO: [VRFC 10-311] analyzing module me_wb
INFO: [VRFC 10-2263] Analyzing Verilog file "D:/Vivado/code/SME309-RISCV-tmpl - 副本/rtl/seven_seg.v" into library xil_defaultlib
INFO: [VRFC 10-311] analyzing module seven_seg
INFO: [VRFC 10-2263] Analyzing Verilog file "D:/Vivado/code/SME309-RISCV-tmpl - 副本/vivado/top.v" into library xil_defaultlib
INFO: [VRFC 10-311] analyzing module top
INFO: [VRFC 10-2263] Analyzing Verilog file "D:/Vivado/code/SME309-RISCV-tmpl - 副本/sim/tb_top.v" into library xil_defaultlib
INFO: [VRFC 10-311] analyzing module tb_Top
INFO: [USF-XSim-69] 'compile' step finished in '1' seconds
INFO: [Vivado 12-5698] Checking validity of IPs in the design for the 'XSim' simulator...
INFO: [Vivado 12-5682] Launching behavioral simulation in 'D:/Vivado/code/SME309-RISCV-tmpl - 副本/vivado/vivado_proj.sim/sim_1/behav/xsim'
INFO: [Vivado 12-4795] Using compiled simulation libraries for IPs
INFO: [USF-XSim-3] XSim::Elaborate design
INFO: [USF-XSim-61] Executing 'ELABORATE' step in 'D:/Vivado/code/SME309-RISCV-tmpl - 副本/vivado/vivado_proj.sim/sim_1/behav/xsim'
Vivado Simulator 2017.4
Copyright 1986-1999, 2001-2016 Xilinx, Inc. All Rights Reserved.
Running: D:/Vivado/Vivado/2017.4/bin/unwrapped/win64.o/xelab.exe -wto 3e6eff3e2d4a4c50a15ac3f36e4eed88 --incr --debug typical --relax --mt 2 -L blk_mem_gen_v8_4_1 -L xil_defaultlib -L dist_mem_gen_v8_0_12 -L unisims_ver -L unimacro_ver -L secureip -L xpm --snapshot tb_Top_behav xil_defaultlib.tb_Top xil_defaultlib.glbl -log elaborate.log 
Using 2 slave threads.
Starting static elaboration
WARNING: [VRFC 10-278] actual bit length 32 differs from formal bit length 3 for port MemRead [D:/Vivado/code/SME309-RISCV-tmpl - 副本/rtl/cpu/CPU_TOP.v:379]
WARNING: [VRFC 10-278] actual bit length 32 differs from formal bit length 10 for port a [D:/Vivado/code/SME309-RISCV-tmpl - 副本/rtl/benchmark.v:47]
WARNING: [VRFC 10-1783] select index 62 into current_contents is out of bounds [/wrk/2017.4/nightly/2017_12_15_2086221/packages/customer/vivado/data/ip/xilinx/blk_mem_gen_v8_4/simulation/blk_mem_gen_v8_4.v:2420]
Completed static elaboration
Starting simulation data flow analysis
Completed simulation data flow analysis
Time Resolution for simulation is 1ps
Compiling module unisims_ver.IBUF
Compiling module unisims_ver.PLLE2_ADV(CLKFBOUT_MULT=17,CLKIN...
Compiling module unisims_ver.BUFG
Compiling module xil_defaultlib.pll_clk_wiz
Compiling module xil_defaultlib.pll
Compiling module xil_defaultlib.if_id
Compiling module xil_defaultlib.Decoder
Compiling module xil_defaultlib.Control
Compiling module xil_defaultlib.Extend
Compiling module xil_defaultlib.RegisterFile
Compiling module xil_defaultlib.hazard_detection_unit
Compiling module xil_defaultlib.id_ex
Compiling module xil_defaultlib.forward_unit
Compiling module xil_defaultlib.Alu
Compiling module xil_defaultlib.ex_me
Compiling module xil_defaultlib.me_wb
Compiling module xil_defaultlib.ProgramCounter
Compiling module xil_defaultlib.Memdata
Compiling module xil_defaultlib.CPU
Compiling module dist_mem_gen_v8_0_12.dist_mem_gen_v8_0_12(C_FAMILY="a...
Compiling module xil_defaultlib.IROM
Compiling module blk_mem_gen_v8_4_1.blk_mem_gen_v8_4_1_output_stage(...
Compiling module blk_mem_gen_v8_4_1.blk_mem_gen_v8_4_1_output_stage(...
Compiling module blk_mem_gen_v8_4_1.blk_mem_gen_v8_4_1_softecc_outpu...
Compiling module blk_mem_gen_v8_4_1.blk_mem_gen_v8_4_1_mem_module(C_...
Compiling module blk_mem_gen_v8_4_1.blk_mem_gen_v8_4_1(C_FAMILY="art...
Compiling module xil_defaultlib.DRAM
Compiling module xil_defaultlib.dram_driver
Compiling module xil_defaultlib.seven_seg
Compiling module xil_defaultlib.benchmark
Compiling module xil_defaultlib.top
Compiling module xil_defaultlib.tb_Top
Compiling module xil_defaultlib.glbl
Built simulation snapshot tb_Top_behav
INFO: [USF-XSim-69] 'elaborate' step finished in '3' seconds
Vivado Simulator 2017.4
Time resolution is 1 ps
WARNING: This core is supplied with a behavioral model. To model cycle-accurate behavior you must run timing simulation.
 Block Memory Generator module loading initial data...
 Block Memory Generator data initialization complete.
Block Memory Generator module tb_Top.dut.u_benchmark.dram_driver_inst.Mem_DRAM.inst.native_mem_module.blk_mem_gen_v8_4_1_inst is using a behavioral model for simulation which will not precisely model memory collision behavior.
save to testbench.wave
Warning : input CLKIN1 period and attribute CLKIN1_PERIOD on PLLE2_ADV instance tb_Top.dut.pll_inst.inst.plle2_adv_inst are not same.
relaunch_sim: Time (s): cpu = 00:00:02 ; elapsed = 00:00:07 . Memory (MB): peak = 894.961 ; gain = 3.332
run 1000 ns
WARNING in tb_Top.dut.u_benchmark.Mem_IROM.inst at time              1637000 ns: 
Reading from out-of-range address. Max address in tb_Top.dut.u_benchmark.Mem_IROM.inst is        1023
relaunch_sim
INFO: [Vivado 12-5698] Checking validity of IPs in the design for the 'XSim' simulator...
INFO: [Vivado 12-5682] Launching behavioral simulation in 'D:/Vivado/code/SME309-RISCV-tmpl - 副本/vivado/vivado_proj.sim/sim_1/behav/xsim'
INFO: [Vivado 12-4795] Using compiled simulation libraries for IPs
INFO: [SIM-utils-51] Simulation object is 'sim_1'
INFO: [USF-XSim-7] Finding pre-compiled libraries...
INFO: [USF-XSim-11] File 'D:/Vivado/Vivado/2017.4/data/xsim/ip/xsim_ip.ini' copied to run dir:'D:/Vivado/code/SME309-RISCV-tmpl - 副本/vivado/vivado_proj.sim/sim_1/behav/xsim'
INFO: [SIM-utils-54] Inspecting design source files for 'tb_Top' in fileset 'sim_1'...
INFO: [SIM-utils-43] Exported 'D:/Vivado/code/SME309-RISCV-tmpl - 副本/vivado/vivado_proj.sim/sim_1/behav/xsim/DRAM.mif'
INFO: [SIM-utils-43] Exported 'D:/Vivado/code/SME309-RISCV-tmpl - 副本/vivado/vivado_proj.sim/sim_1/behav/xsim/all_test_case.coe'
INFO: [SIM-utils-43] Exported 'D:/Vivado/code/SME309-RISCV-tmpl - 副本/vivado/vivado_proj.sim/sim_1/behav/xsim/IROM.mif'
INFO: [SIM-utils-43] Exported 'D:/Vivado/code/SME309-RISCV-tmpl - 副本/vivado/vivado_proj.sim/sim_1/behav/xsim/all_test.coe'
INFO: [SIM-utils-43] Exported 'D:/Vivado/code/SME309-RISCV-tmpl - 副本/vivado/vivado_proj.sim/sim_1/behav/xsim/add_loop.coe'
INFO: [USF-XSim-97] Finding global include files...
INFO: [USF-XSim-98] Fetching design files from 'sim_1'...
INFO: [USF-XSim-2] XSim::Compile design
INFO: [USF-XSim-61] Executing 'COMPILE and ANALYZE' step in 'D:/Vivado/code/SME309-RISCV-tmpl - 副本/vivado/vivado_proj.sim/sim_1/behav/xsim'
"xvlog --incr --relax -prj tb_Top_vlog.prj"
INFO: [VRFC 10-2263] Analyzing Verilog file "D:/Vivado/code/SME309-RISCV-tmpl - 副本/vivado/vivado_proj.srcs/sources_1/ip/DRAM/sim/DRAM.v" into library xil_defaultlib
INFO: [VRFC 10-311] analyzing module DRAM
INFO: [VRFC 10-2263] Analyzing Verilog file "D:/Vivado/code/SME309-RISCV-tmpl - 副本/vivado/vivado_proj.srcs/sources_1/ip/IROM/sim/IROM.v" into library xil_defaultlib
INFO: [VRFC 10-311] analyzing module IROM
INFO: [VRFC 10-2263] Analyzing Verilog file "D:/Vivado/code/SME309-RISCV-tmpl - 副本/vivado/vivado_proj.srcs/sources_1/ip/pll/pll_clk_wiz.v" into library xil_defaultlib
INFO: [VRFC 10-311] analyzing module pll_clk_wiz
INFO: [VRFC 10-2263] Analyzing Verilog file "D:/Vivado/code/SME309-RISCV-tmpl - 副本/vivado/vivado_proj.srcs/sources_1/ip/pll/pll.v" into library xil_defaultlib
INFO: [VRFC 10-311] analyzing module pll
INFO: [VRFC 10-2263] Analyzing Verilog file "D:/Vivado/code/SME309-RISCV-tmpl - 副本/vivado/vivado_proj.srcs/sources_1/new/Alu.v" into library xil_defaultlib
INFO: [VRFC 10-311] analyzing module Alu
INFO: [VRFC 10-2263] Analyzing Verilog file "D:/Vivado/code/SME309-RISCV-tmpl - 副本/rtl/cpu/CPU_TOP.v" into library xil_defaultlib
INFO: [VRFC 10-311] analyzing module CPU
INFO: [VRFC 10-2458] undeclared symbol NextPC, assumed default net type wire [D:/Vivado/code/SME309-RISCV-tmpl - 副本/rtl/cpu/CPU_TOP.v:120]
INFO: [VRFC 10-2263] Analyzing Verilog file "D:/Vivado/code/SME309-RISCV-tmpl - 副本/vivado/vivado_proj.srcs/sources_1/new/Control.v" into library xil_defaultlib
INFO: [VRFC 10-311] analyzing module Control
WARNING: [VRFC 10-2502] extra semicolon in $unit (global) scope [D:/Vivado/code/SME309-RISCV-tmpl - 副本/vivado/vivado_proj.srcs/sources_1/new/Control.v:279]
INFO: [VRFC 10-2263] Analyzing Verilog file "D:/Vivado/code/SME309-RISCV-tmpl - 副本/vivado/vivado_proj.srcs/sources_1/new/Decoder.v" into library xil_defaultlib
INFO: [VRFC 10-311] analyzing module Decoder
WARNING: [VRFC 10-2502] extra semicolon in $unit (global) scope [D:/Vivado/code/SME309-RISCV-tmpl - 副本/vivado/vivado_proj.srcs/sources_1/new/Decoder.v:19]
INFO: [VRFC 10-2263] Analyzing Verilog file "D:/Vivado/code/SME309-RISCV-tmpl - 副本/vivado/vivado_proj.srcs/sources_1/new/Extend.v" into library xil_defaultlib
INFO: [VRFC 10-311] analyzing module Extend
WARNING: [VRFC 10-2502] extra semicolon in $unit (global) scope [D:/Vivado/code/SME309-RISCV-tmpl - 副本/vivado/vivado_proj.srcs/sources_1/new/Extend.v:37]
INFO: [VRFC 10-2263] Analyzing Verilog file "D:/Vivado/code/SME309-RISCV-tmpl - 副本/vivado/vivado_proj.srcs/sources_1/new/Memdata.v" into library xil_defaultlib
INFO: [VRFC 10-311] analyzing module Memdata
INFO: [VRFC 10-2263] Analyzing Verilog file "D:/Vivado/code/SME309-RISCV-tmpl - 副本/vivado/vivado_proj.srcs/sources_1/new/ProgramCounter.v" into library xil_defaultlib
INFO: [VRFC 10-311] analyzing module ProgramCounter
INFO: [VRFC 10-2263] Analyzing Verilog file "D:/Vivado/code/SME309-RISCV-tmpl - 副本/vivado/vivado_proj.srcs/sources_1/new/RegisterFile.v" into library xil_defaultlib
INFO: [VRFC 10-311] analyzing module RegisterFile
INFO: [VRFC 10-2263] Analyzing Verilog file "D:/Vivado/code/SME309-RISCV-tmpl - 副本/rtl/benchmark.v" into library xil_defaultlib
WARNING: [VRFC 10-998] macro MEM_ADDR_START redefined [../../../../../rtl/define.v:6]
WARNING: [VRFC 10-998] macro MEM_ADDR_END redefined [../../../../../rtl/define.v:7]
INFO: [VRFC 10-311] analyzing module benchmark
INFO: [VRFC 10-2263] Analyzing Verilog file "D:/Vivado/code/SME309-RISCV-tmpl - 副本/rtl/dram_driver.v" into library xil_defaultlib
INFO: [VRFC 10-311] analyzing module dram_driver
INFO: [VRFC 10-2263] Analyzing Verilog file "D:/Vivado/code/SME309-RISCV-tmpl - 副本/vivado/vivado_proj.srcs/sources_1/new/ex_me.v" into library xil_defaultlib
INFO: [VRFC 10-311] analyzing module ex_me
INFO: [VRFC 10-2263] Analyzing Verilog file "D:/Vivado/code/SME309-RISCV-tmpl - 副本/vivado/vivado_proj.srcs/sources_1/new/forward_unit.v" into library xil_defaultlib
INFO: [VRFC 10-311] analyzing module forward_unit
INFO: [VRFC 10-2263] Analyzing Verilog file "D:/Vivado/code/SME309-RISCV-tmpl - 副本/vivado/vivado_proj.srcs/sources_1/new/hazard_detection_unit.v" into library xil_defaultlib
INFO: [VRFC 10-311] analyzing module hazard_detection_unit
INFO: [VRFC 10-2263] Analyzing Verilog file "D:/Vivado/code/SME309-RISCV-tmpl - 副本/vivado/vivado_proj.srcs/sources_1/new/id_ex.v" into library xil_defaultlib
INFO: [VRFC 10-311] analyzing module id_ex
INFO: [VRFC 10-2263] Analyzing Verilog file "D:/Vivado/code/SME309-RISCV-tmpl - 副本/vivado/vivado_proj.srcs/sources_1/new/if_id.v" into library xil_defaultlib
INFO: [VRFC 10-311] analyzing module if_id
INFO: [VRFC 10-2263] Analyzing Verilog file "D:/Vivado/code/SME309-RISCV-tmpl - 副本/vivado/vivado_proj.srcs/sources_1/new/me_wb.v" into library xil_defaultlib
INFO: [VRFC 10-311] analyzing module me_wb
INFO: [VRFC 10-2263] Analyzing Verilog file "D:/Vivado/code/SME309-RISCV-tmpl - 副本/rtl/seven_seg.v" into library xil_defaultlib
INFO: [VRFC 10-311] analyzing module seven_seg
INFO: [VRFC 10-2263] Analyzing Verilog file "D:/Vivado/code/SME309-RISCV-tmpl - 副本/vivado/top.v" into library xil_defaultlib
INFO: [VRFC 10-311] analyzing module top
INFO: [VRFC 10-2263] Analyzing Verilog file "D:/Vivado/code/SME309-RISCV-tmpl - 副本/sim/tb_top.v" into library xil_defaultlib
INFO: [VRFC 10-311] analyzing module tb_Top
INFO: [USF-XSim-69] 'compile' step finished in '1' seconds
INFO: [Vivado 12-5698] Checking validity of IPs in the design for the 'XSim' simulator...
INFO: [Vivado 12-5682] Launching behavioral simulation in 'D:/Vivado/code/SME309-RISCV-tmpl - 副本/vivado/vivado_proj.sim/sim_1/behav/xsim'
INFO: [Vivado 12-4795] Using compiled simulation libraries for IPs
INFO: [USF-XSim-3] XSim::Elaborate design
INFO: [USF-XSim-61] Executing 'ELABORATE' step in 'D:/Vivado/code/SME309-RISCV-tmpl - 副本/vivado/vivado_proj.sim/sim_1/behav/xsim'
Vivado Simulator 2017.4
Copyright 1986-1999, 2001-2016 Xilinx, Inc. All Rights Reserved.
Running: D:/Vivado/Vivado/2017.4/bin/unwrapped/win64.o/xelab.exe -wto 3e6eff3e2d4a4c50a15ac3f36e4eed88 --incr --debug typical --relax --mt 2 -L blk_mem_gen_v8_4_1 -L xil_defaultlib -L dist_mem_gen_v8_0_12 -L unisims_ver -L unimacro_ver -L secureip -L xpm --snapshot tb_Top_behav xil_defaultlib.tb_Top xil_defaultlib.glbl -log elaborate.log 
Using 2 slave threads.
Starting static elaboration
WARNING: [VRFC 10-278] actual bit length 1 differs from formal bit length 32 for port NextPC [D:/Vivado/code/SME309-RISCV-tmpl - 副本/rtl/cpu/CPU_TOP.v:357]
WARNING: [VRFC 10-278] actual bit length 32 differs from formal bit length 3 for port MemRead [D:/Vivado/code/SME309-RISCV-tmpl - 副本/rtl/cpu/CPU_TOP.v:373]
WARNING: [VRFC 10-278] actual bit length 32 differs from formal bit length 10 for port a [D:/Vivado/code/SME309-RISCV-tmpl - 副本/rtl/benchmark.v:47]
WARNING: [VRFC 10-1783] select index 62 into current_contents is out of bounds [/wrk/2017.4/nightly/2017_12_15_2086221/packages/customer/vivado/data/ip/xilinx/blk_mem_gen_v8_4/simulation/blk_mem_gen_v8_4.v:2420]
Completed static elaboration
Starting simulation data flow analysis
Completed simulation data flow analysis
Time Resolution for simulation is 1ps
Compiling module unisims_ver.IBUF
Compiling module unisims_ver.PLLE2_ADV(CLKFBOUT_MULT=17,CLKIN...
Compiling module unisims_ver.BUFG
Compiling module xil_defaultlib.pll_clk_wiz
Compiling module xil_defaultlib.pll
Compiling module xil_defaultlib.if_id
Compiling module xil_defaultlib.Decoder
Compiling module xil_defaultlib.Control
Compiling module xil_defaultlib.Extend
Compiling module xil_defaultlib.RegisterFile
Compiling module xil_defaultlib.hazard_detection_unit
Compiling module xil_defaultlib.id_ex
Compiling module xil_defaultlib.forward_unit
Compiling module xil_defaultlib.Alu
Compiling module xil_defaultlib.ex_me
Compiling module xil_defaultlib.me_wb
Compiling module xil_defaultlib.ProgramCounter
Compiling module xil_defaultlib.Memdata
Compiling module xil_defaultlib.CPU
Compiling module dist_mem_gen_v8_0_12.dist_mem_gen_v8_0_12(C_FAMILY="a...
Compiling module xil_defaultlib.IROM
Compiling module blk_mem_gen_v8_4_1.blk_mem_gen_v8_4_1_output_stage(...
Compiling module blk_mem_gen_v8_4_1.blk_mem_gen_v8_4_1_output_stage(...
Compiling module blk_mem_gen_v8_4_1.blk_mem_gen_v8_4_1_softecc_outpu...
Compiling module blk_mem_gen_v8_4_1.blk_mem_gen_v8_4_1_mem_module(C_...
Compiling module blk_mem_gen_v8_4_1.blk_mem_gen_v8_4_1(C_FAMILY="art...
Compiling module xil_defaultlib.DRAM
Compiling module xil_defaultlib.dram_driver
Compiling module xil_defaultlib.seven_seg
Compiling module xil_defaultlib.benchmark
Compiling module xil_defaultlib.top
Compiling module xil_defaultlib.tb_Top
Compiling module xil_defaultlib.glbl
Built simulation snapshot tb_Top_behav
INFO: [USF-XSim-69] 'elaborate' step finished in '3' seconds
Vivado Simulator 2017.4
Time resolution is 1 ps
WARNING: This core is supplied with a behavioral model. To model cycle-accurate behavior you must run timing simulation.
 Block Memory Generator module loading initial data...
 Block Memory Generator data initialization complete.
Block Memory Generator module tb_Top.dut.u_benchmark.dram_driver_inst.Mem_DRAM.inst.native_mem_module.blk_mem_gen_v8_4_1_inst is using a behavioral model for simulation which will not precisely model memory collision behavior.
save to testbench.wave
Warning : input CLKIN1 period and attribute CLKIN1_PERIOD on PLLE2_ADV instance tb_Top.dut.pll_inst.inst.plle2_adv_inst are not same.
WARNING in tb_Top.dut.u_benchmark.Mem_IROM.inst at time               341000 ns: 
Reading from out-of-range address. Max address in tb_Top.dut.u_benchmark.Mem_IROM.inst is        1023
relaunch_sim: Time (s): cpu = 00:00:00 ; elapsed = 00:00:09 . Memory (MB): peak = 898.660 ; gain = 1.078
run 1000 ns
relaunch_sim
INFO: [Vivado 12-5698] Checking validity of IPs in the design for the 'XSim' simulator...
INFO: [Vivado 12-5682] Launching behavioral simulation in 'D:/Vivado/code/SME309-RISCV-tmpl - 副本/vivado/vivado_proj.sim/sim_1/behav/xsim'
INFO: [Vivado 12-4795] Using compiled simulation libraries for IPs
INFO: [SIM-utils-51] Simulation object is 'sim_1'
INFO: [USF-XSim-7] Finding pre-compiled libraries...
INFO: [USF-XSim-11] File 'D:/Vivado/Vivado/2017.4/data/xsim/ip/xsim_ip.ini' copied to run dir:'D:/Vivado/code/SME309-RISCV-tmpl - 副本/vivado/vivado_proj.sim/sim_1/behav/xsim'
INFO: [SIM-utils-54] Inspecting design source files for 'tb_Top' in fileset 'sim_1'...
INFO: [SIM-utils-43] Exported 'D:/Vivado/code/SME309-RISCV-tmpl - 副本/vivado/vivado_proj.sim/sim_1/behav/xsim/DRAM.mif'
INFO: [SIM-utils-43] Exported 'D:/Vivado/code/SME309-RISCV-tmpl - 副本/vivado/vivado_proj.sim/sim_1/behav/xsim/all_test_case.coe'
INFO: [SIM-utils-43] Exported 'D:/Vivado/code/SME309-RISCV-tmpl - 副本/vivado/vivado_proj.sim/sim_1/behav/xsim/IROM.mif'
INFO: [SIM-utils-43] Exported 'D:/Vivado/code/SME309-RISCV-tmpl - 副本/vivado/vivado_proj.sim/sim_1/behav/xsim/all_test.coe'
INFO: [SIM-utils-43] Exported 'D:/Vivado/code/SME309-RISCV-tmpl - 副本/vivado/vivado_proj.sim/sim_1/behav/xsim/add_loop.coe'
INFO: [USF-XSim-97] Finding global include files...
INFO: [USF-XSim-98] Fetching design files from 'sim_1'...
INFO: [USF-XSim-2] XSim::Compile design
INFO: [USF-XSim-61] Executing 'COMPILE and ANALYZE' step in 'D:/Vivado/code/SME309-RISCV-tmpl - 副本/vivado/vivado_proj.sim/sim_1/behav/xsim'
"xvlog --incr --relax -prj tb_Top_vlog.prj"
INFO: [VRFC 10-2263] Analyzing Verilog file "D:/Vivado/code/SME309-RISCV-tmpl - 副本/vivado/vivado_proj.srcs/sources_1/ip/DRAM/sim/DRAM.v" into library xil_defaultlib
INFO: [VRFC 10-311] analyzing module DRAM
INFO: [VRFC 10-2263] Analyzing Verilog file "D:/Vivado/code/SME309-RISCV-tmpl - 副本/vivado/vivado_proj.srcs/sources_1/ip/IROM/sim/IROM.v" into library xil_defaultlib
INFO: [VRFC 10-311] analyzing module IROM
INFO: [VRFC 10-2263] Analyzing Verilog file "D:/Vivado/code/SME309-RISCV-tmpl - 副本/vivado/vivado_proj.srcs/sources_1/ip/pll/pll_clk_wiz.v" into library xil_defaultlib
INFO: [VRFC 10-311] analyzing module pll_clk_wiz
INFO: [VRFC 10-2263] Analyzing Verilog file "D:/Vivado/code/SME309-RISCV-tmpl - 副本/vivado/vivado_proj.srcs/sources_1/ip/pll/pll.v" into library xil_defaultlib
INFO: [VRFC 10-311] analyzing module pll
INFO: [VRFC 10-2263] Analyzing Verilog file "D:/Vivado/code/SME309-RISCV-tmpl - 副本/vivado/vivado_proj.srcs/sources_1/new/Alu.v" into library xil_defaultlib
INFO: [VRFC 10-311] analyzing module Alu
INFO: [VRFC 10-2263] Analyzing Verilog file "D:/Vivado/code/SME309-RISCV-tmpl - 副本/rtl/cpu/CPU_TOP.v" into library xil_defaultlib
INFO: [VRFC 10-311] analyzing module CPU
INFO: [VRFC 10-2458] undeclared symbol NextPC, assumed default net type wire [D:/Vivado/code/SME309-RISCV-tmpl - 副本/rtl/cpu/CPU_TOP.v:120]
INFO: [VRFC 10-2263] Analyzing Verilog file "D:/Vivado/code/SME309-RISCV-tmpl - 副本/vivado/vivado_proj.srcs/sources_1/new/Control.v" into library xil_defaultlib
INFO: [VRFC 10-311] analyzing module Control
WARNING: [VRFC 10-2502] extra semicolon in $unit (global) scope [D:/Vivado/code/SME309-RISCV-tmpl - 副本/vivado/vivado_proj.srcs/sources_1/new/Control.v:279]
INFO: [VRFC 10-2263] Analyzing Verilog file "D:/Vivado/code/SME309-RISCV-tmpl - 副本/vivado/vivado_proj.srcs/sources_1/new/Decoder.v" into library xil_defaultlib
INFO: [VRFC 10-311] analyzing module Decoder
WARNING: [VRFC 10-2502] extra semicolon in $unit (global) scope [D:/Vivado/code/SME309-RISCV-tmpl - 副本/vivado/vivado_proj.srcs/sources_1/new/Decoder.v:19]
INFO: [VRFC 10-2263] Analyzing Verilog file "D:/Vivado/code/SME309-RISCV-tmpl - 副本/vivado/vivado_proj.srcs/sources_1/new/Extend.v" into library xil_defaultlib
INFO: [VRFC 10-311] analyzing module Extend
WARNING: [VRFC 10-2502] extra semicolon in $unit (global) scope [D:/Vivado/code/SME309-RISCV-tmpl - 副本/vivado/vivado_proj.srcs/sources_1/new/Extend.v:37]
INFO: [VRFC 10-2263] Analyzing Verilog file "D:/Vivado/code/SME309-RISCV-tmpl - 副本/vivado/vivado_proj.srcs/sources_1/new/Memdata.v" into library xil_defaultlib
INFO: [VRFC 10-311] analyzing module Memdata
INFO: [VRFC 10-2263] Analyzing Verilog file "D:/Vivado/code/SME309-RISCV-tmpl - 副本/vivado/vivado_proj.srcs/sources_1/new/ProgramCounter.v" into library xil_defaultlib
INFO: [VRFC 10-311] analyzing module ProgramCounter
INFO: [VRFC 10-2263] Analyzing Verilog file "D:/Vivado/code/SME309-RISCV-tmpl - 副本/vivado/vivado_proj.srcs/sources_1/new/RegisterFile.v" into library xil_defaultlib
INFO: [VRFC 10-311] analyzing module RegisterFile
INFO: [VRFC 10-2263] Analyzing Verilog file "D:/Vivado/code/SME309-RISCV-tmpl - 副本/rtl/benchmark.v" into library xil_defaultlib
WARNING: [VRFC 10-998] macro MEM_ADDR_START redefined [../../../../../rtl/define.v:6]
WARNING: [VRFC 10-998] macro MEM_ADDR_END redefined [../../../../../rtl/define.v:7]
INFO: [VRFC 10-311] analyzing module benchmark
INFO: [VRFC 10-2263] Analyzing Verilog file "D:/Vivado/code/SME309-RISCV-tmpl - 副本/rtl/dram_driver.v" into library xil_defaultlib
INFO: [VRFC 10-311] analyzing module dram_driver
INFO: [VRFC 10-2263] Analyzing Verilog file "D:/Vivado/code/SME309-RISCV-tmpl - 副本/vivado/vivado_proj.srcs/sources_1/new/ex_me.v" into library xil_defaultlib
INFO: [VRFC 10-311] analyzing module ex_me
INFO: [VRFC 10-2263] Analyzing Verilog file "D:/Vivado/code/SME309-RISCV-tmpl - 副本/vivado/vivado_proj.srcs/sources_1/new/forward_unit.v" into library xil_defaultlib
INFO: [VRFC 10-311] analyzing module forward_unit
INFO: [VRFC 10-2263] Analyzing Verilog file "D:/Vivado/code/SME309-RISCV-tmpl - 副本/vivado/vivado_proj.srcs/sources_1/new/hazard_detection_unit.v" into library xil_defaultlib
INFO: [VRFC 10-311] analyzing module hazard_detection_unit
INFO: [VRFC 10-2263] Analyzing Verilog file "D:/Vivado/code/SME309-RISCV-tmpl - 副本/vivado/vivado_proj.srcs/sources_1/new/id_ex.v" into library xil_defaultlib
INFO: [VRFC 10-311] analyzing module id_ex
INFO: [VRFC 10-2263] Analyzing Verilog file "D:/Vivado/code/SME309-RISCV-tmpl - 副本/vivado/vivado_proj.srcs/sources_1/new/if_id.v" into library xil_defaultlib
INFO: [VRFC 10-311] analyzing module if_id
INFO: [VRFC 10-2263] Analyzing Verilog file "D:/Vivado/code/SME309-RISCV-tmpl - 副本/vivado/vivado_proj.srcs/sources_1/new/me_wb.v" into library xil_defaultlib
INFO: [VRFC 10-311] analyzing module me_wb
INFO: [VRFC 10-2263] Analyzing Verilog file "D:/Vivado/code/SME309-RISCV-tmpl - 副本/rtl/seven_seg.v" into library xil_defaultlib
INFO: [VRFC 10-311] analyzing module seven_seg
INFO: [VRFC 10-2263] Analyzing Verilog file "D:/Vivado/code/SME309-RISCV-tmpl - 副本/vivado/top.v" into library xil_defaultlib
INFO: [VRFC 10-311] analyzing module top
INFO: [VRFC 10-2263] Analyzing Verilog file "D:/Vivado/code/SME309-RISCV-tmpl - 副本/sim/tb_top.v" into library xil_defaultlib
INFO: [VRFC 10-311] analyzing module tb_Top
INFO: [USF-XSim-69] 'compile' step finished in '2' seconds
INFO: [Vivado 12-5698] Checking validity of IPs in the design for the 'XSim' simulator...
INFO: [Vivado 12-5682] Launching behavioral simulation in 'D:/Vivado/code/SME309-RISCV-tmpl - 副本/vivado/vivado_proj.sim/sim_1/behav/xsim'
INFO: [Vivado 12-4795] Using compiled simulation libraries for IPs
INFO: [USF-XSim-3] XSim::Elaborate design
INFO: [USF-XSim-61] Executing 'ELABORATE' step in 'D:/Vivado/code/SME309-RISCV-tmpl - 副本/vivado/vivado_proj.sim/sim_1/behav/xsim'
Vivado Simulator 2017.4
Copyright 1986-1999, 2001-2016 Xilinx, Inc. All Rights Reserved.
Running: D:/Vivado/Vivado/2017.4/bin/unwrapped/win64.o/xelab.exe -wto 3e6eff3e2d4a4c50a15ac3f36e4eed88 --incr --debug typical --relax --mt 2 -L blk_mem_gen_v8_4_1 -L xil_defaultlib -L dist_mem_gen_v8_0_12 -L unisims_ver -L unimacro_ver -L secureip -L xpm --snapshot tb_Top_behav xil_defaultlib.tb_Top xil_defaultlib.glbl -log elaborate.log 
Using 2 slave threads.
Starting static elaboration
WARNING: [VRFC 10-278] actual bit length 1 differs from formal bit length 32 for port NextPC [D:/Vivado/code/SME309-RISCV-tmpl - 副本/rtl/cpu/CPU_TOP.v:357]
WARNING: [VRFC 10-278] actual bit length 32 differs from formal bit length 3 for port MemRead [D:/Vivado/code/SME309-RISCV-tmpl - 副本/rtl/cpu/CPU_TOP.v:373]
WARNING: [VRFC 10-278] actual bit length 32 differs from formal bit length 10 for port a [D:/Vivado/code/SME309-RISCV-tmpl - 副本/rtl/benchmark.v:47]
WARNING: [VRFC 10-1783] select index 62 into current_contents is out of bounds [/wrk/2017.4/nightly/2017_12_15_2086221/packages/customer/vivado/data/ip/xilinx/blk_mem_gen_v8_4/simulation/blk_mem_gen_v8_4.v:2420]
Completed static elaboration
Starting simulation data flow analysis
Completed simulation data flow analysis
Time Resolution for simulation is 1ps
Compiling module unisims_ver.IBUF
Compiling module unisims_ver.PLLE2_ADV(CLKFBOUT_MULT=17,CLKIN...
Compiling module unisims_ver.BUFG
Compiling module xil_defaultlib.pll_clk_wiz
Compiling module xil_defaultlib.pll
Compiling module xil_defaultlib.if_id
Compiling module xil_defaultlib.Decoder
Compiling module xil_defaultlib.Control
Compiling module xil_defaultlib.Extend
Compiling module xil_defaultlib.RegisterFile
Compiling module xil_defaultlib.hazard_detection_unit
Compiling module xil_defaultlib.id_ex
Compiling module xil_defaultlib.forward_unit
Compiling module xil_defaultlib.Alu
Compiling module xil_defaultlib.ex_me
Compiling module xil_defaultlib.me_wb
Compiling module xil_defaultlib.ProgramCounter
Compiling module xil_defaultlib.Memdata
Compiling module xil_defaultlib.CPU
Compiling module dist_mem_gen_v8_0_12.dist_mem_gen_v8_0_12(C_FAMILY="a...
Compiling module xil_defaultlib.IROM
Compiling module blk_mem_gen_v8_4_1.blk_mem_gen_v8_4_1_output_stage(...
Compiling module blk_mem_gen_v8_4_1.blk_mem_gen_v8_4_1_output_stage(...
Compiling module blk_mem_gen_v8_4_1.blk_mem_gen_v8_4_1_softecc_outpu...
Compiling module blk_mem_gen_v8_4_1.blk_mem_gen_v8_4_1_mem_module(C_...
Compiling module blk_mem_gen_v8_4_1.blk_mem_gen_v8_4_1(C_FAMILY="art...
Compiling module xil_defaultlib.DRAM
Compiling module xil_defaultlib.dram_driver
Compiling module xil_defaultlib.seven_seg
Compiling module xil_defaultlib.benchmark
Compiling module xil_defaultlib.top
Compiling module xil_defaultlib.tb_Top
Compiling module xil_defaultlib.glbl
Built simulation snapshot tb_Top_behav
INFO: [USF-XSim-69] 'elaborate' step finished in '3' seconds
Vivado Simulator 2017.4
Time resolution is 1 ps
WARNING: This core is supplied with a behavioral model. To model cycle-accurate behavior you must run timing simulation.
 Block Memory Generator module loading initial data...
 Block Memory Generator data initialization complete.
Block Memory Generator module tb_Top.dut.u_benchmark.dram_driver_inst.Mem_DRAM.inst.native_mem_module.blk_mem_gen_v8_4_1_inst is using a behavioral model for simulation which will not precisely model memory collision behavior.
save to testbench.wave
Warning : input CLKIN1 period and attribute CLKIN1_PERIOD on PLLE2_ADV instance tb_Top.dut.pll_inst.inst.plle2_adv_inst are not same.
WARNING in tb_Top.dut.u_benchmark.Mem_IROM.inst at time               341000 ns: 
Reading from out-of-range address. Max address in tb_Top.dut.u_benchmark.Mem_IROM.inst is        1023
relaunch_sim: Time (s): cpu = 00:00:01 ; elapsed = 00:00:09 . Memory (MB): peak = 900.672 ; gain = 1.637
relaunch_sim
INFO: [Vivado 12-5698] Checking validity of IPs in the design for the 'XSim' simulator...
INFO: [Vivado 12-5682] Launching behavioral simulation in 'D:/Vivado/code/SME309-RISCV-tmpl - 副本/vivado/vivado_proj.sim/sim_1/behav/xsim'
INFO: [Vivado 12-4795] Using compiled simulation libraries for IPs
INFO: [SIM-utils-51] Simulation object is 'sim_1'
INFO: [USF-XSim-7] Finding pre-compiled libraries...
INFO: [USF-XSim-11] File 'D:/Vivado/Vivado/2017.4/data/xsim/ip/xsim_ip.ini' copied to run dir:'D:/Vivado/code/SME309-RISCV-tmpl - 副本/vivado/vivado_proj.sim/sim_1/behav/xsim'
INFO: [SIM-utils-54] Inspecting design source files for 'tb_Top' in fileset 'sim_1'...
INFO: [SIM-utils-43] Exported 'D:/Vivado/code/SME309-RISCV-tmpl - 副本/vivado/vivado_proj.sim/sim_1/behav/xsim/DRAM.mif'
INFO: [SIM-utils-43] Exported 'D:/Vivado/code/SME309-RISCV-tmpl - 副本/vivado/vivado_proj.sim/sim_1/behav/xsim/all_test_case.coe'
INFO: [SIM-utils-43] Exported 'D:/Vivado/code/SME309-RISCV-tmpl - 副本/vivado/vivado_proj.sim/sim_1/behav/xsim/IROM.mif'
INFO: [SIM-utils-43] Exported 'D:/Vivado/code/SME309-RISCV-tmpl - 副本/vivado/vivado_proj.sim/sim_1/behav/xsim/all_test.coe'
INFO: [SIM-utils-43] Exported 'D:/Vivado/code/SME309-RISCV-tmpl - 副本/vivado/vivado_proj.sim/sim_1/behav/xsim/add_loop.coe'
INFO: [USF-XSim-97] Finding global include files...
INFO: [USF-XSim-98] Fetching design files from 'sim_1'...
INFO: [USF-XSim-2] XSim::Compile design
INFO: [USF-XSim-61] Executing 'COMPILE and ANALYZE' step in 'D:/Vivado/code/SME309-RISCV-tmpl - 副本/vivado/vivado_proj.sim/sim_1/behav/xsim'
"xvlog --incr --relax -prj tb_Top_vlog.prj"
INFO: [VRFC 10-2263] Analyzing Verilog file "D:/Vivado/code/SME309-RISCV-tmpl - 副本/vivado/vivado_proj.srcs/sources_1/ip/DRAM/sim/DRAM.v" into library xil_defaultlib
INFO: [VRFC 10-311] analyzing module DRAM
INFO: [VRFC 10-2263] Analyzing Verilog file "D:/Vivado/code/SME309-RISCV-tmpl - 副本/vivado/vivado_proj.srcs/sources_1/ip/IROM/sim/IROM.v" into library xil_defaultlib
INFO: [VRFC 10-311] analyzing module IROM
INFO: [VRFC 10-2263] Analyzing Verilog file "D:/Vivado/code/SME309-RISCV-tmpl - 副本/vivado/vivado_proj.srcs/sources_1/ip/pll/pll_clk_wiz.v" into library xil_defaultlib
INFO: [VRFC 10-311] analyzing module pll_clk_wiz
INFO: [VRFC 10-2263] Analyzing Verilog file "D:/Vivado/code/SME309-RISCV-tmpl - 副本/vivado/vivado_proj.srcs/sources_1/ip/pll/pll.v" into library xil_defaultlib
INFO: [VRFC 10-311] analyzing module pll
INFO: [VRFC 10-2263] Analyzing Verilog file "D:/Vivado/code/SME309-RISCV-tmpl - 副本/vivado/vivado_proj.srcs/sources_1/new/Alu.v" into library xil_defaultlib
INFO: [VRFC 10-311] analyzing module Alu
INFO: [VRFC 10-2263] Analyzing Verilog file "D:/Vivado/code/SME309-RISCV-tmpl - 副本/rtl/cpu/CPU_TOP.v" into library xil_defaultlib
INFO: [VRFC 10-311] analyzing module CPU
INFO: [VRFC 10-2458] undeclared symbol NextPC, assumed default net type wire [D:/Vivado/code/SME309-RISCV-tmpl - 副本/rtl/cpu/CPU_TOP.v:120]
INFO: [VRFC 10-2263] Analyzing Verilog file "D:/Vivado/code/SME309-RISCV-tmpl - 副本/vivado/vivado_proj.srcs/sources_1/new/Control.v" into library xil_defaultlib
INFO: [VRFC 10-311] analyzing module Control
WARNING: [VRFC 10-2502] extra semicolon in $unit (global) scope [D:/Vivado/code/SME309-RISCV-tmpl - 副本/vivado/vivado_proj.srcs/sources_1/new/Control.v:279]
INFO: [VRFC 10-2263] Analyzing Verilog file "D:/Vivado/code/SME309-RISCV-tmpl - 副本/vivado/vivado_proj.srcs/sources_1/new/Decoder.v" into library xil_defaultlib
INFO: [VRFC 10-311] analyzing module Decoder
WARNING: [VRFC 10-2502] extra semicolon in $unit (global) scope [D:/Vivado/code/SME309-RISCV-tmpl - 副本/vivado/vivado_proj.srcs/sources_1/new/Decoder.v:19]
INFO: [VRFC 10-2263] Analyzing Verilog file "D:/Vivado/code/SME309-RISCV-tmpl - 副本/vivado/vivado_proj.srcs/sources_1/new/Extend.v" into library xil_defaultlib
INFO: [VRFC 10-311] analyzing module Extend
WARNING: [VRFC 10-2502] extra semicolon in $unit (global) scope [D:/Vivado/code/SME309-RISCV-tmpl - 副本/vivado/vivado_proj.srcs/sources_1/new/Extend.v:37]
INFO: [VRFC 10-2263] Analyzing Verilog file "D:/Vivado/code/SME309-RISCV-tmpl - 副本/vivado/vivado_proj.srcs/sources_1/new/Memdata.v" into library xil_defaultlib
INFO: [VRFC 10-311] analyzing module Memdata
INFO: [VRFC 10-2263] Analyzing Verilog file "D:/Vivado/code/SME309-RISCV-tmpl - 副本/vivado/vivado_proj.srcs/sources_1/new/ProgramCounter.v" into library xil_defaultlib
INFO: [VRFC 10-311] analyzing module ProgramCounter
INFO: [VRFC 10-2263] Analyzing Verilog file "D:/Vivado/code/SME309-RISCV-tmpl - 副本/vivado/vivado_proj.srcs/sources_1/new/RegisterFile.v" into library xil_defaultlib
INFO: [VRFC 10-311] analyzing module RegisterFile
INFO: [VRFC 10-2263] Analyzing Verilog file "D:/Vivado/code/SME309-RISCV-tmpl - 副本/rtl/benchmark.v" into library xil_defaultlib
WARNING: [VRFC 10-998] macro MEM_ADDR_START redefined [../../../../../rtl/define.v:6]
WARNING: [VRFC 10-998] macro MEM_ADDR_END redefined [../../../../../rtl/define.v:7]
INFO: [VRFC 10-311] analyzing module benchmark
INFO: [VRFC 10-2263] Analyzing Verilog file "D:/Vivado/code/SME309-RISCV-tmpl - 副本/rtl/dram_driver.v" into library xil_defaultlib
INFO: [VRFC 10-311] analyzing module dram_driver
INFO: [VRFC 10-2263] Analyzing Verilog file "D:/Vivado/code/SME309-RISCV-tmpl - 副本/vivado/vivado_proj.srcs/sources_1/new/ex_me.v" into library xil_defaultlib
INFO: [VRFC 10-311] analyzing module ex_me
INFO: [VRFC 10-2263] Analyzing Verilog file "D:/Vivado/code/SME309-RISCV-tmpl - 副本/vivado/vivado_proj.srcs/sources_1/new/forward_unit.v" into library xil_defaultlib
INFO: [VRFC 10-311] analyzing module forward_unit
INFO: [VRFC 10-2263] Analyzing Verilog file "D:/Vivado/code/SME309-RISCV-tmpl - 副本/vivado/vivado_proj.srcs/sources_1/new/hazard_detection_unit.v" into library xil_defaultlib
INFO: [VRFC 10-311] analyzing module hazard_detection_unit
INFO: [VRFC 10-2263] Analyzing Verilog file "D:/Vivado/code/SME309-RISCV-tmpl - 副本/vivado/vivado_proj.srcs/sources_1/new/id_ex.v" into library xil_defaultlib
INFO: [VRFC 10-311] analyzing module id_ex
INFO: [VRFC 10-2263] Analyzing Verilog file "D:/Vivado/code/SME309-RISCV-tmpl - 副本/vivado/vivado_proj.srcs/sources_1/new/if_id.v" into library xil_defaultlib
INFO: [VRFC 10-311] analyzing module if_id
INFO: [VRFC 10-2263] Analyzing Verilog file "D:/Vivado/code/SME309-RISCV-tmpl - 副本/vivado/vivado_proj.srcs/sources_1/new/me_wb.v" into library xil_defaultlib
INFO: [VRFC 10-311] analyzing module me_wb
INFO: [VRFC 10-2263] Analyzing Verilog file "D:/Vivado/code/SME309-RISCV-tmpl - 副本/rtl/seven_seg.v" into library xil_defaultlib
INFO: [VRFC 10-311] analyzing module seven_seg
INFO: [VRFC 10-2263] Analyzing Verilog file "D:/Vivado/code/SME309-RISCV-tmpl - 副本/vivado/top.v" into library xil_defaultlib
INFO: [VRFC 10-311] analyzing module top
INFO: [VRFC 10-2263] Analyzing Verilog file "D:/Vivado/code/SME309-RISCV-tmpl - 副本/sim/tb_top.v" into library xil_defaultlib
INFO: [VRFC 10-311] analyzing module tb_Top
INFO: [USF-XSim-69] 'compile' step finished in '1' seconds
INFO: [Vivado 12-5698] Checking validity of IPs in the design for the 'XSim' simulator...
INFO: [Vivado 12-5682] Launching behavioral simulation in 'D:/Vivado/code/SME309-RISCV-tmpl - 副本/vivado/vivado_proj.sim/sim_1/behav/xsim'
INFO: [Vivado 12-4795] Using compiled simulation libraries for IPs
INFO: [USF-XSim-3] XSim::Elaborate design
INFO: [USF-XSim-61] Executing 'ELABORATE' step in 'D:/Vivado/code/SME309-RISCV-tmpl - 副本/vivado/vivado_proj.sim/sim_1/behav/xsim'
Vivado Simulator 2017.4
Copyright 1986-1999, 2001-2016 Xilinx, Inc. All Rights Reserved.
Running: D:/Vivado/Vivado/2017.4/bin/unwrapped/win64.o/xelab.exe -wto 3e6eff3e2d4a4c50a15ac3f36e4eed88 --incr --debug typical --relax --mt 2 -L blk_mem_gen_v8_4_1 -L xil_defaultlib -L dist_mem_gen_v8_0_12 -L unisims_ver -L unimacro_ver -L secureip -L xpm --snapshot tb_Top_behav xil_defaultlib.tb_Top xil_defaultlib.glbl -log elaborate.log 
Using 2 slave threads.
Starting static elaboration
WARNING: [VRFC 10-278] actual bit length 1 differs from formal bit length 32 for port NextPC [D:/Vivado/code/SME309-RISCV-tmpl - 副本/rtl/cpu/CPU_TOP.v:357]
WARNING: [VRFC 10-278] actual bit length 32 differs from formal bit length 3 for port MemRead [D:/Vivado/code/SME309-RISCV-tmpl - 副本/rtl/cpu/CPU_TOP.v:373]
WARNING: [VRFC 10-278] actual bit length 32 differs from formal bit length 10 for port a [D:/Vivado/code/SME309-RISCV-tmpl - 副本/rtl/benchmark.v:47]
WARNING: [VRFC 10-1783] select index 62 into current_contents is out of bounds [/wrk/2017.4/nightly/2017_12_15_2086221/packages/customer/vivado/data/ip/xilinx/blk_mem_gen_v8_4/simulation/blk_mem_gen_v8_4.v:2420]
Completed static elaboration
Starting simulation data flow analysis
Completed simulation data flow analysis
Time Resolution for simulation is 1ps
Compiling module unisims_ver.IBUF
Compiling module unisims_ver.PLLE2_ADV(CLKFBOUT_MULT=17,CLKIN...
Compiling module unisims_ver.BUFG
Compiling module xil_defaultlib.pll_clk_wiz
Compiling module xil_defaultlib.pll
Compiling module xil_defaultlib.if_id
Compiling module xil_defaultlib.Decoder
Compiling module xil_defaultlib.Control
Compiling module xil_defaultlib.Extend
Compiling module xil_defaultlib.RegisterFile
Compiling module xil_defaultlib.hazard_detection_unit
Compiling module xil_defaultlib.id_ex
Compiling module xil_defaultlib.forward_unit
Compiling module xil_defaultlib.Alu
Compiling module xil_defaultlib.ex_me
Compiling module xil_defaultlib.me_wb
Compiling module xil_defaultlib.ProgramCounter
Compiling module xil_defaultlib.Memdata
Compiling module xil_defaultlib.CPU
Compiling module dist_mem_gen_v8_0_12.dist_mem_gen_v8_0_12(C_FAMILY="a...
Compiling module xil_defaultlib.IROM
Compiling module blk_mem_gen_v8_4_1.blk_mem_gen_v8_4_1_output_stage(...
Compiling module blk_mem_gen_v8_4_1.blk_mem_gen_v8_4_1_output_stage(...
Compiling module blk_mem_gen_v8_4_1.blk_mem_gen_v8_4_1_softecc_outpu...
Compiling module blk_mem_gen_v8_4_1.blk_mem_gen_v8_4_1_mem_module(C_...
Compiling module blk_mem_gen_v8_4_1.blk_mem_gen_v8_4_1(C_FAMILY="art...
Compiling module xil_defaultlib.DRAM
Compiling module xil_defaultlib.dram_driver
Compiling module xil_defaultlib.seven_seg
Compiling module xil_defaultlib.benchmark
Compiling module xil_defaultlib.top
Compiling module xil_defaultlib.tb_Top
Compiling module xil_defaultlib.glbl
Built simulation snapshot tb_Top_behav
INFO: [USF-XSim-69] 'elaborate' step finished in '3' seconds
Vivado Simulator 2017.4
Time resolution is 1 ps
WARNING: This core is supplied with a behavioral model. To model cycle-accurate behavior you must run timing simulation.
 Block Memory Generator module loading initial data...
 Block Memory Generator data initialization complete.
Block Memory Generator module tb_Top.dut.u_benchmark.dram_driver_inst.Mem_DRAM.inst.native_mem_module.blk_mem_gen_v8_4_1_inst is using a behavioral model for simulation which will not precisely model memory collision behavior.
save to testbench.wave
Warning : input CLKIN1 period and attribute CLKIN1_PERIOD on PLLE2_ADV instance tb_Top.dut.pll_inst.inst.plle2_adv_inst are not same.
WARNING in tb_Top.dut.u_benchmark.Mem_IROM.inst at time               341000 ns: 
Reading from out-of-range address. Max address in tb_Top.dut.u_benchmark.Mem_IROM.inst is        1023
relaunch_sim: Time (s): cpu = 00:00:01 ; elapsed = 00:00:07 . Memory (MB): peak = 901.289 ; gain = 0.367
relaunch_sim
INFO: [Vivado 12-5698] Checking validity of IPs in the design for the 'XSim' simulator...
INFO: [Vivado 12-5682] Launching behavioral simulation in 'D:/Vivado/code/SME309-RISCV-tmpl - 副本/vivado/vivado_proj.sim/sim_1/behav/xsim'
INFO: [Vivado 12-4795] Using compiled simulation libraries for IPs
INFO: [SIM-utils-51] Simulation object is 'sim_1'
INFO: [USF-XSim-7] Finding pre-compiled libraries...
INFO: [USF-XSim-11] File 'D:/Vivado/Vivado/2017.4/data/xsim/ip/xsim_ip.ini' copied to run dir:'D:/Vivado/code/SME309-RISCV-tmpl - 副本/vivado/vivado_proj.sim/sim_1/behav/xsim'
INFO: [SIM-utils-54] Inspecting design source files for 'tb_Top' in fileset 'sim_1'...
INFO: [SIM-utils-43] Exported 'D:/Vivado/code/SME309-RISCV-tmpl - 副本/vivado/vivado_proj.sim/sim_1/behav/xsim/DRAM.mif'
INFO: [SIM-utils-43] Exported 'D:/Vivado/code/SME309-RISCV-tmpl - 副本/vivado/vivado_proj.sim/sim_1/behav/xsim/all_test_case.coe'
INFO: [SIM-utils-43] Exported 'D:/Vivado/code/SME309-RISCV-tmpl - 副本/vivado/vivado_proj.sim/sim_1/behav/xsim/IROM.mif'
INFO: [SIM-utils-43] Exported 'D:/Vivado/code/SME309-RISCV-tmpl - 副本/vivado/vivado_proj.sim/sim_1/behav/xsim/all_test.coe'
INFO: [SIM-utils-43] Exported 'D:/Vivado/code/SME309-RISCV-tmpl - 副本/vivado/vivado_proj.sim/sim_1/behav/xsim/add_loop.coe'
INFO: [USF-XSim-97] Finding global include files...
INFO: [USF-XSim-98] Fetching design files from 'sim_1'...
INFO: [USF-XSim-2] XSim::Compile design
INFO: [USF-XSim-61] Executing 'COMPILE and ANALYZE' step in 'D:/Vivado/code/SME309-RISCV-tmpl - 副本/vivado/vivado_proj.sim/sim_1/behav/xsim'
"xvlog --incr --relax -prj tb_Top_vlog.prj"
INFO: [VRFC 10-2263] Analyzing Verilog file "D:/Vivado/code/SME309-RISCV-tmpl - 副本/vivado/vivado_proj.srcs/sources_1/ip/DRAM/sim/DRAM.v" into library xil_defaultlib
INFO: [VRFC 10-311] analyzing module DRAM
INFO: [VRFC 10-2263] Analyzing Verilog file "D:/Vivado/code/SME309-RISCV-tmpl - 副本/vivado/vivado_proj.srcs/sources_1/ip/IROM/sim/IROM.v" into library xil_defaultlib
INFO: [VRFC 10-311] analyzing module IROM
INFO: [VRFC 10-2263] Analyzing Verilog file "D:/Vivado/code/SME309-RISCV-tmpl - 副本/vivado/vivado_proj.srcs/sources_1/ip/pll/pll_clk_wiz.v" into library xil_defaultlib
INFO: [VRFC 10-311] analyzing module pll_clk_wiz
INFO: [VRFC 10-2263] Analyzing Verilog file "D:/Vivado/code/SME309-RISCV-tmpl - 副本/vivado/vivado_proj.srcs/sources_1/ip/pll/pll.v" into library xil_defaultlib
INFO: [VRFC 10-311] analyzing module pll
INFO: [VRFC 10-2263] Analyzing Verilog file "D:/Vivado/code/SME309-RISCV-tmpl - 副本/vivado/vivado_proj.srcs/sources_1/new/Alu.v" into library xil_defaultlib
INFO: [VRFC 10-311] analyzing module Alu
INFO: [VRFC 10-2263] Analyzing Verilog file "D:/Vivado/code/SME309-RISCV-tmpl - 副本/rtl/cpu/CPU_TOP.v" into library xil_defaultlib
INFO: [VRFC 10-311] analyzing module CPU
INFO: [VRFC 10-2458] undeclared symbol NextPC, assumed default net type wire [D:/Vivado/code/SME309-RISCV-tmpl - 副本/rtl/cpu/CPU_TOP.v:120]
INFO: [VRFC 10-2263] Analyzing Verilog file "D:/Vivado/code/SME309-RISCV-tmpl - 副本/vivado/vivado_proj.srcs/sources_1/new/Control.v" into library xil_defaultlib
INFO: [VRFC 10-311] analyzing module Control
WARNING: [VRFC 10-2502] extra semicolon in $unit (global) scope [D:/Vivado/code/SME309-RISCV-tmpl - 副本/vivado/vivado_proj.srcs/sources_1/new/Control.v:279]
INFO: [VRFC 10-2263] Analyzing Verilog file "D:/Vivado/code/SME309-RISCV-tmpl - 副本/vivado/vivado_proj.srcs/sources_1/new/Decoder.v" into library xil_defaultlib
INFO: [VRFC 10-311] analyzing module Decoder
WARNING: [VRFC 10-2502] extra semicolon in $unit (global) scope [D:/Vivado/code/SME309-RISCV-tmpl - 副本/vivado/vivado_proj.srcs/sources_1/new/Decoder.v:19]
INFO: [VRFC 10-2263] Analyzing Verilog file "D:/Vivado/code/SME309-RISCV-tmpl - 副本/vivado/vivado_proj.srcs/sources_1/new/Extend.v" into library xil_defaultlib
INFO: [VRFC 10-311] analyzing module Extend
WARNING: [VRFC 10-2502] extra semicolon in $unit (global) scope [D:/Vivado/code/SME309-RISCV-tmpl - 副本/vivado/vivado_proj.srcs/sources_1/new/Extend.v:37]
INFO: [VRFC 10-2263] Analyzing Verilog file "D:/Vivado/code/SME309-RISCV-tmpl - 副本/vivado/vivado_proj.srcs/sources_1/new/Memdata.v" into library xil_defaultlib
INFO: [VRFC 10-311] analyzing module Memdata
INFO: [VRFC 10-2263] Analyzing Verilog file "D:/Vivado/code/SME309-RISCV-tmpl - 副本/vivado/vivado_proj.srcs/sources_1/new/ProgramCounter.v" into library xil_defaultlib
INFO: [VRFC 10-311] analyzing module ProgramCounter
INFO: [VRFC 10-2263] Analyzing Verilog file "D:/Vivado/code/SME309-RISCV-tmpl - 副本/vivado/vivado_proj.srcs/sources_1/new/RegisterFile.v" into library xil_defaultlib
INFO: [VRFC 10-311] analyzing module RegisterFile
INFO: [VRFC 10-2263] Analyzing Verilog file "D:/Vivado/code/SME309-RISCV-tmpl - 副本/rtl/benchmark.v" into library xil_defaultlib
WARNING: [VRFC 10-998] macro MEM_ADDR_START redefined [../../../../../rtl/define.v:6]
WARNING: [VRFC 10-998] macro MEM_ADDR_END redefined [../../../../../rtl/define.v:7]
INFO: [VRFC 10-311] analyzing module benchmark
INFO: [VRFC 10-2263] Analyzing Verilog file "D:/Vivado/code/SME309-RISCV-tmpl - 副本/rtl/dram_driver.v" into library xil_defaultlib
INFO: [VRFC 10-311] analyzing module dram_driver
INFO: [VRFC 10-2263] Analyzing Verilog file "D:/Vivado/code/SME309-RISCV-tmpl - 副本/vivado/vivado_proj.srcs/sources_1/new/ex_me.v" into library xil_defaultlib
INFO: [VRFC 10-311] analyzing module ex_me
INFO: [VRFC 10-2263] Analyzing Verilog file "D:/Vivado/code/SME309-RISCV-tmpl - 副本/vivado/vivado_proj.srcs/sources_1/new/forward_unit.v" into library xil_defaultlib
INFO: [VRFC 10-311] analyzing module forward_unit
INFO: [VRFC 10-2263] Analyzing Verilog file "D:/Vivado/code/SME309-RISCV-tmpl - 副本/vivado/vivado_proj.srcs/sources_1/new/hazard_detection_unit.v" into library xil_defaultlib
INFO: [VRFC 10-311] analyzing module hazard_detection_unit
INFO: [VRFC 10-2263] Analyzing Verilog file "D:/Vivado/code/SME309-RISCV-tmpl - 副本/vivado/vivado_proj.srcs/sources_1/new/id_ex.v" into library xil_defaultlib
INFO: [VRFC 10-311] analyzing module id_ex
INFO: [VRFC 10-2263] Analyzing Verilog file "D:/Vivado/code/SME309-RISCV-tmpl - 副本/vivado/vivado_proj.srcs/sources_1/new/if_id.v" into library xil_defaultlib
INFO: [VRFC 10-311] analyzing module if_id
INFO: [VRFC 10-2263] Analyzing Verilog file "D:/Vivado/code/SME309-RISCV-tmpl - 副本/vivado/vivado_proj.srcs/sources_1/new/me_wb.v" into library xil_defaultlib
INFO: [VRFC 10-311] analyzing module me_wb
INFO: [VRFC 10-2263] Analyzing Verilog file "D:/Vivado/code/SME309-RISCV-tmpl - 副本/rtl/seven_seg.v" into library xil_defaultlib
INFO: [VRFC 10-311] analyzing module seven_seg
INFO: [VRFC 10-2263] Analyzing Verilog file "D:/Vivado/code/SME309-RISCV-tmpl - 副本/vivado/top.v" into library xil_defaultlib
INFO: [VRFC 10-311] analyzing module top
INFO: [VRFC 10-2263] Analyzing Verilog file "D:/Vivado/code/SME309-RISCV-tmpl - 副本/sim/tb_top.v" into library xil_defaultlib
INFO: [VRFC 10-311] analyzing module tb_Top
INFO: [USF-XSim-69] 'compile' step finished in '1' seconds
INFO: [Vivado 12-5698] Checking validity of IPs in the design for the 'XSim' simulator...
INFO: [Vivado 12-5682] Launching behavioral simulation in 'D:/Vivado/code/SME309-RISCV-tmpl - 副本/vivado/vivado_proj.sim/sim_1/behav/xsim'
INFO: [Vivado 12-4795] Using compiled simulation libraries for IPs
INFO: [USF-XSim-3] XSim::Elaborate design
INFO: [USF-XSim-61] Executing 'ELABORATE' step in 'D:/Vivado/code/SME309-RISCV-tmpl - 副本/vivado/vivado_proj.sim/sim_1/behav/xsim'
Vivado Simulator 2017.4
Copyright 1986-1999, 2001-2016 Xilinx, Inc. All Rights Reserved.
Running: D:/Vivado/Vivado/2017.4/bin/unwrapped/win64.o/xelab.exe -wto 3e6eff3e2d4a4c50a15ac3f36e4eed88 --incr --debug typical --relax --mt 2 -L blk_mem_gen_v8_4_1 -L xil_defaultlib -L dist_mem_gen_v8_0_12 -L unisims_ver -L unimacro_ver -L secureip -L xpm --snapshot tb_Top_behav xil_defaultlib.tb_Top xil_defaultlib.glbl -log elaborate.log 
Using 2 slave threads.
Starting static elaboration
WARNING: [VRFC 10-278] actual bit length 1 differs from formal bit length 32 for port NextPC [D:/Vivado/code/SME309-RISCV-tmpl - 副本/rtl/cpu/CPU_TOP.v:357]
WARNING: [VRFC 10-278] actual bit length 32 differs from formal bit length 3 for port MemRead [D:/Vivado/code/SME309-RISCV-tmpl - 副本/rtl/cpu/CPU_TOP.v:374]
WARNING: [VRFC 10-278] actual bit length 32 differs from formal bit length 10 for port a [D:/Vivado/code/SME309-RISCV-tmpl - 副本/rtl/benchmark.v:47]
WARNING: [VRFC 10-1783] select index 62 into current_contents is out of bounds [/wrk/2017.4/nightly/2017_12_15_2086221/packages/customer/vivado/data/ip/xilinx/blk_mem_gen_v8_4/simulation/blk_mem_gen_v8_4.v:2420]
Completed static elaboration
Starting simulation data flow analysis
Completed simulation data flow analysis
Time Resolution for simulation is 1ps
Compiling module unisims_ver.IBUF
Compiling module unisims_ver.PLLE2_ADV(CLKFBOUT_MULT=17,CLKIN...
Compiling module unisims_ver.BUFG
Compiling module xil_defaultlib.pll_clk_wiz
Compiling module xil_defaultlib.pll
Compiling module xil_defaultlib.if_id
Compiling module xil_defaultlib.Decoder
Compiling module xil_defaultlib.Control
Compiling module xil_defaultlib.Extend
Compiling module xil_defaultlib.RegisterFile
Compiling module xil_defaultlib.hazard_detection_unit
Compiling module xil_defaultlib.id_ex
Compiling module xil_defaultlib.forward_unit
Compiling module xil_defaultlib.Alu
Compiling module xil_defaultlib.ex_me
Compiling module xil_defaultlib.me_wb
Compiling module xil_defaultlib.ProgramCounter
Compiling module xil_defaultlib.Memdata
Compiling module xil_defaultlib.CPU
Compiling module dist_mem_gen_v8_0_12.dist_mem_gen_v8_0_12(C_FAMILY="a...
Compiling module xil_defaultlib.IROM
Compiling module blk_mem_gen_v8_4_1.blk_mem_gen_v8_4_1_output_stage(...
Compiling module blk_mem_gen_v8_4_1.blk_mem_gen_v8_4_1_output_stage(...
Compiling module blk_mem_gen_v8_4_1.blk_mem_gen_v8_4_1_softecc_outpu...
Compiling module blk_mem_gen_v8_4_1.blk_mem_gen_v8_4_1_mem_module(C_...
Compiling module blk_mem_gen_v8_4_1.blk_mem_gen_v8_4_1(C_FAMILY="art...
Compiling module xil_defaultlib.DRAM
Compiling module xil_defaultlib.dram_driver
Compiling module xil_defaultlib.seven_seg
Compiling module xil_defaultlib.benchmark
Compiling module xil_defaultlib.top
Compiling module xil_defaultlib.tb_Top
Compiling module xil_defaultlib.glbl
Built simulation snapshot tb_Top_behav
INFO: [USF-XSim-69] 'elaborate' step finished in '3' seconds
Vivado Simulator 2017.4
Time resolution is 1 ps
WARNING: This core is supplied with a behavioral model. To model cycle-accurate behavior you must run timing simulation.
 Block Memory Generator module loading initial data...
 Block Memory Generator data initialization complete.
Block Memory Generator module tb_Top.dut.u_benchmark.dram_driver_inst.Mem_DRAM.inst.native_mem_module.blk_mem_gen_v8_4_1_inst is using a behavioral model for simulation which will not precisely model memory collision behavior.
save to testbench.wave
Warning : input CLKIN1 period and attribute CLKIN1_PERIOD on PLLE2_ADV instance tb_Top.dut.pll_inst.inst.plle2_adv_inst are not same.
WARNING in tb_Top.dut.u_benchmark.Mem_IROM.inst at time               341000 ns: 
Reading from out-of-range address. Max address in tb_Top.dut.u_benchmark.Mem_IROM.inst is        1023
relaunch_sim: Time (s): cpu = 00:00:01 ; elapsed = 00:00:07 . Memory (MB): peak = 904.555 ; gain = 1.914
relaunch_sim
INFO: [Vivado 12-5698] Checking validity of IPs in the design for the 'XSim' simulator...
INFO: [Vivado 12-5682] Launching behavioral simulation in 'D:/Vivado/code/SME309-RISCV-tmpl - 副本/vivado/vivado_proj.sim/sim_1/behav/xsim'
INFO: [Vivado 12-4795] Using compiled simulation libraries for IPs
INFO: [SIM-utils-51] Simulation object is 'sim_1'
INFO: [USF-XSim-7] Finding pre-compiled libraries...
INFO: [USF-XSim-11] File 'D:/Vivado/Vivado/2017.4/data/xsim/ip/xsim_ip.ini' copied to run dir:'D:/Vivado/code/SME309-RISCV-tmpl - 副本/vivado/vivado_proj.sim/sim_1/behav/xsim'
INFO: [SIM-utils-54] Inspecting design source files for 'tb_Top' in fileset 'sim_1'...
INFO: [SIM-utils-43] Exported 'D:/Vivado/code/SME309-RISCV-tmpl - 副本/vivado/vivado_proj.sim/sim_1/behav/xsim/DRAM.mif'
INFO: [SIM-utils-43] Exported 'D:/Vivado/code/SME309-RISCV-tmpl - 副本/vivado/vivado_proj.sim/sim_1/behav/xsim/all_test_case.coe'
INFO: [SIM-utils-43] Exported 'D:/Vivado/code/SME309-RISCV-tmpl - 副本/vivado/vivado_proj.sim/sim_1/behav/xsim/IROM.mif'
INFO: [SIM-utils-43] Exported 'D:/Vivado/code/SME309-RISCV-tmpl - 副本/vivado/vivado_proj.sim/sim_1/behav/xsim/all_test.coe'
INFO: [SIM-utils-43] Exported 'D:/Vivado/code/SME309-RISCV-tmpl - 副本/vivado/vivado_proj.sim/sim_1/behav/xsim/add_loop.coe'
INFO: [USF-XSim-97] Finding global include files...
INFO: [USF-XSim-98] Fetching design files from 'sim_1'...
INFO: [USF-XSim-2] XSim::Compile design
INFO: [USF-XSim-61] Executing 'COMPILE and ANALYZE' step in 'D:/Vivado/code/SME309-RISCV-tmpl - 副本/vivado/vivado_proj.sim/sim_1/behav/xsim'
"xvlog --incr --relax -prj tb_Top_vlog.prj"
INFO: [VRFC 10-2263] Analyzing Verilog file "D:/Vivado/code/SME309-RISCV-tmpl - 副本/vivado/vivado_proj.srcs/sources_1/ip/DRAM/sim/DRAM.v" into library xil_defaultlib
INFO: [VRFC 10-311] analyzing module DRAM
INFO: [VRFC 10-2263] Analyzing Verilog file "D:/Vivado/code/SME309-RISCV-tmpl - 副本/vivado/vivado_proj.srcs/sources_1/ip/IROM/sim/IROM.v" into library xil_defaultlib
INFO: [VRFC 10-311] analyzing module IROM
INFO: [VRFC 10-2263] Analyzing Verilog file "D:/Vivado/code/SME309-RISCV-tmpl - 副本/vivado/vivado_proj.srcs/sources_1/ip/pll/pll_clk_wiz.v" into library xil_defaultlib
INFO: [VRFC 10-311] analyzing module pll_clk_wiz
INFO: [VRFC 10-2263] Analyzing Verilog file "D:/Vivado/code/SME309-RISCV-tmpl - 副本/vivado/vivado_proj.srcs/sources_1/ip/pll/pll.v" into library xil_defaultlib
INFO: [VRFC 10-311] analyzing module pll
INFO: [VRFC 10-2263] Analyzing Verilog file "D:/Vivado/code/SME309-RISCV-tmpl - 副本/vivado/vivado_proj.srcs/sources_1/new/Alu.v" into library xil_defaultlib
INFO: [VRFC 10-311] analyzing module Alu
INFO: [VRFC 10-2263] Analyzing Verilog file "D:/Vivado/code/SME309-RISCV-tmpl - 副本/rtl/cpu/CPU_TOP.v" into library xil_defaultlib
INFO: [VRFC 10-311] analyzing module CPU
INFO: [VRFC 10-2458] undeclared symbol NextPC, assumed default net type wire [D:/Vivado/code/SME309-RISCV-tmpl - 副本/rtl/cpu/CPU_TOP.v:119]
INFO: [VRFC 10-2263] Analyzing Verilog file "D:/Vivado/code/SME309-RISCV-tmpl - 副本/vivado/vivado_proj.srcs/sources_1/new/Control.v" into library xil_defaultlib
INFO: [VRFC 10-311] analyzing module Control
WARNING: [VRFC 10-2502] extra semicolon in $unit (global) scope [D:/Vivado/code/SME309-RISCV-tmpl - 副本/vivado/vivado_proj.srcs/sources_1/new/Control.v:279]
INFO: [VRFC 10-2263] Analyzing Verilog file "D:/Vivado/code/SME309-RISCV-tmpl - 副本/vivado/vivado_proj.srcs/sources_1/new/Decoder.v" into library xil_defaultlib
INFO: [VRFC 10-311] analyzing module Decoder
WARNING: [VRFC 10-2502] extra semicolon in $unit (global) scope [D:/Vivado/code/SME309-RISCV-tmpl - 副本/vivado/vivado_proj.srcs/sources_1/new/Decoder.v:19]
INFO: [VRFC 10-2263] Analyzing Verilog file "D:/Vivado/code/SME309-RISCV-tmpl - 副本/vivado/vivado_proj.srcs/sources_1/new/Extend.v" into library xil_defaultlib
INFO: [VRFC 10-311] analyzing module Extend
WARNING: [VRFC 10-2502] extra semicolon in $unit (global) scope [D:/Vivado/code/SME309-RISCV-tmpl - 副本/vivado/vivado_proj.srcs/sources_1/new/Extend.v:37]
INFO: [VRFC 10-2263] Analyzing Verilog file "D:/Vivado/code/SME309-RISCV-tmpl - 副本/vivado/vivado_proj.srcs/sources_1/new/Memdata.v" into library xil_defaultlib
INFO: [VRFC 10-311] analyzing module Memdata
INFO: [VRFC 10-2263] Analyzing Verilog file "D:/Vivado/code/SME309-RISCV-tmpl - 副本/vivado/vivado_proj.srcs/sources_1/new/ProgramCounter.v" into library xil_defaultlib
INFO: [VRFC 10-311] analyzing module ProgramCounter
INFO: [VRFC 10-2263] Analyzing Verilog file "D:/Vivado/code/SME309-RISCV-tmpl - 副本/vivado/vivado_proj.srcs/sources_1/new/RegisterFile.v" into library xil_defaultlib
INFO: [VRFC 10-311] analyzing module RegisterFile
INFO: [VRFC 10-2263] Analyzing Verilog file "D:/Vivado/code/SME309-RISCV-tmpl - 副本/rtl/benchmark.v" into library xil_defaultlib
WARNING: [VRFC 10-998] macro MEM_ADDR_START redefined [../../../../../rtl/define.v:6]
WARNING: [VRFC 10-998] macro MEM_ADDR_END redefined [../../../../../rtl/define.v:7]
INFO: [VRFC 10-311] analyzing module benchmark
INFO: [VRFC 10-2263] Analyzing Verilog file "D:/Vivado/code/SME309-RISCV-tmpl - 副本/rtl/dram_driver.v" into library xil_defaultlib
INFO: [VRFC 10-311] analyzing module dram_driver
INFO: [VRFC 10-2263] Analyzing Verilog file "D:/Vivado/code/SME309-RISCV-tmpl - 副本/vivado/vivado_proj.srcs/sources_1/new/ex_me.v" into library xil_defaultlib
INFO: [VRFC 10-311] analyzing module ex_me
INFO: [VRFC 10-2263] Analyzing Verilog file "D:/Vivado/code/SME309-RISCV-tmpl - 副本/vivado/vivado_proj.srcs/sources_1/new/forward_unit.v" into library xil_defaultlib
INFO: [VRFC 10-311] analyzing module forward_unit
INFO: [VRFC 10-2263] Analyzing Verilog file "D:/Vivado/code/SME309-RISCV-tmpl - 副本/vivado/vivado_proj.srcs/sources_1/new/hazard_detection_unit.v" into library xil_defaultlib
INFO: [VRFC 10-311] analyzing module hazard_detection_unit
INFO: [VRFC 10-2263] Analyzing Verilog file "D:/Vivado/code/SME309-RISCV-tmpl - 副本/vivado/vivado_proj.srcs/sources_1/new/id_ex.v" into library xil_defaultlib
INFO: [VRFC 10-311] analyzing module id_ex
INFO: [VRFC 10-2263] Analyzing Verilog file "D:/Vivado/code/SME309-RISCV-tmpl - 副本/vivado/vivado_proj.srcs/sources_1/new/if_id.v" into library xil_defaultlib
INFO: [VRFC 10-311] analyzing module if_id
INFO: [VRFC 10-2263] Analyzing Verilog file "D:/Vivado/code/SME309-RISCV-tmpl - 副本/vivado/vivado_proj.srcs/sources_1/new/me_wb.v" into library xil_defaultlib
INFO: [VRFC 10-311] analyzing module me_wb
INFO: [VRFC 10-2263] Analyzing Verilog file "D:/Vivado/code/SME309-RISCV-tmpl - 副本/rtl/seven_seg.v" into library xil_defaultlib
INFO: [VRFC 10-311] analyzing module seven_seg
INFO: [VRFC 10-2263] Analyzing Verilog file "D:/Vivado/code/SME309-RISCV-tmpl - 副本/vivado/top.v" into library xil_defaultlib
INFO: [VRFC 10-311] analyzing module top
INFO: [VRFC 10-2263] Analyzing Verilog file "D:/Vivado/code/SME309-RISCV-tmpl - 副本/sim/tb_top.v" into library xil_defaultlib
INFO: [VRFC 10-311] analyzing module tb_Top
INFO: [USF-XSim-69] 'compile' step finished in '1' seconds
INFO: [Vivado 12-5698] Checking validity of IPs in the design for the 'XSim' simulator...
INFO: [Vivado 12-5682] Launching behavioral simulation in 'D:/Vivado/code/SME309-RISCV-tmpl - 副本/vivado/vivado_proj.sim/sim_1/behav/xsim'
INFO: [Vivado 12-4795] Using compiled simulation libraries for IPs
INFO: [USF-XSim-3] XSim::Elaborate design
INFO: [USF-XSim-61] Executing 'ELABORATE' step in 'D:/Vivado/code/SME309-RISCV-tmpl - 副本/vivado/vivado_proj.sim/sim_1/behav/xsim'
Vivado Simulator 2017.4
Copyright 1986-1999, 2001-2016 Xilinx, Inc. All Rights Reserved.
Running: D:/Vivado/Vivado/2017.4/bin/unwrapped/win64.o/xelab.exe -wto 3e6eff3e2d4a4c50a15ac3f36e4eed88 --incr --debug typical --relax --mt 2 -L blk_mem_gen_v8_4_1 -L xil_defaultlib -L dist_mem_gen_v8_0_12 -L unisims_ver -L unimacro_ver -L secureip -L xpm --snapshot tb_Top_behav xil_defaultlib.tb_Top xil_defaultlib.glbl -log elaborate.log 
Using 2 slave threads.
Starting static elaboration
WARNING: [VRFC 10-278] actual bit length 1 differs from formal bit length 32 for port NextPC [D:/Vivado/code/SME309-RISCV-tmpl - 副本/rtl/cpu/CPU_TOP.v:357]
WARNING: [VRFC 10-278] actual bit length 32 differs from formal bit length 3 for port MemRead [D:/Vivado/code/SME309-RISCV-tmpl - 副本/rtl/cpu/CPU_TOP.v:374]
WARNING: [VRFC 10-278] actual bit length 32 differs from formal bit length 10 for port a [D:/Vivado/code/SME309-RISCV-tmpl - 副本/rtl/benchmark.v:47]
WARNING: [VRFC 10-1783] select index 62 into current_contents is out of bounds [/wrk/2017.4/nightly/2017_12_15_2086221/packages/customer/vivado/data/ip/xilinx/blk_mem_gen_v8_4/simulation/blk_mem_gen_v8_4.v:2420]
Completed static elaboration
Starting simulation data flow analysis
Completed simulation data flow analysis
Time Resolution for simulation is 1ps
Compiling module unisims_ver.IBUF
Compiling module unisims_ver.PLLE2_ADV(CLKFBOUT_MULT=17,CLKIN...
Compiling module unisims_ver.BUFG
Compiling module xil_defaultlib.pll_clk_wiz
Compiling module xil_defaultlib.pll
Compiling module xil_defaultlib.if_id
Compiling module xil_defaultlib.Decoder
Compiling module xil_defaultlib.Control
Compiling module xil_defaultlib.Extend
Compiling module xil_defaultlib.RegisterFile
Compiling module xil_defaultlib.hazard_detection_unit
Compiling module xil_defaultlib.id_ex
Compiling module xil_defaultlib.forward_unit
Compiling module xil_defaultlib.Alu
Compiling module xil_defaultlib.ex_me
Compiling module xil_defaultlib.me_wb
Compiling module xil_defaultlib.ProgramCounter
Compiling module xil_defaultlib.Memdata
Compiling module xil_defaultlib.CPU
Compiling module dist_mem_gen_v8_0_12.dist_mem_gen_v8_0_12(C_FAMILY="a...
Compiling module xil_defaultlib.IROM
Compiling module blk_mem_gen_v8_4_1.blk_mem_gen_v8_4_1_output_stage(...
Compiling module blk_mem_gen_v8_4_1.blk_mem_gen_v8_4_1_output_stage(...
Compiling module blk_mem_gen_v8_4_1.blk_mem_gen_v8_4_1_softecc_outpu...
Compiling module blk_mem_gen_v8_4_1.blk_mem_gen_v8_4_1_mem_module(C_...
Compiling module blk_mem_gen_v8_4_1.blk_mem_gen_v8_4_1(C_FAMILY="art...
Compiling module xil_defaultlib.DRAM
Compiling module xil_defaultlib.dram_driver
Compiling module xil_defaultlib.seven_seg
Compiling module xil_defaultlib.benchmark
Compiling module xil_defaultlib.top
Compiling module xil_defaultlib.tb_Top
Compiling module xil_defaultlib.glbl
Built simulation snapshot tb_Top_behav
INFO: [USF-XSim-69] 'elaborate' step finished in '3' seconds
Vivado Simulator 2017.4
Time resolution is 1 ps
WARNING: This core is supplied with a behavioral model. To model cycle-accurate behavior you must run timing simulation.
 Block Memory Generator module loading initial data...
 Block Memory Generator data initialization complete.
Block Memory Generator module tb_Top.dut.u_benchmark.dram_driver_inst.Mem_DRAM.inst.native_mem_module.blk_mem_gen_v8_4_1_inst is using a behavioral model for simulation which will not precisely model memory collision behavior.
save to testbench.wave
Warning : input CLKIN1 period and attribute CLKIN1_PERIOD on PLLE2_ADV instance tb_Top.dut.pll_inst.inst.plle2_adv_inst are not same.
WARNING in tb_Top.dut.u_benchmark.Mem_IROM.inst at time               341000 ns: 
Reading from out-of-range address. Max address in tb_Top.dut.u_benchmark.Mem_IROM.inst is        1023
relaunch_sim: Time (s): cpu = 00:00:01 ; elapsed = 00:00:07 . Memory (MB): peak = 906.977 ; gain = 2.301
relaunch_sim
INFO: [Vivado 12-5698] Checking validity of IPs in the design for the 'XSim' simulator...
INFO: [Vivado 12-5682] Launching behavioral simulation in 'D:/Vivado/code/SME309-RISCV-tmpl - 副本/vivado/vivado_proj.sim/sim_1/behav/xsim'
INFO: [Vivado 12-4795] Using compiled simulation libraries for IPs
INFO: [SIM-utils-51] Simulation object is 'sim_1'
INFO: [USF-XSim-7] Finding pre-compiled libraries...
INFO: [USF-XSim-11] File 'D:/Vivado/Vivado/2017.4/data/xsim/ip/xsim_ip.ini' copied to run dir:'D:/Vivado/code/SME309-RISCV-tmpl - 副本/vivado/vivado_proj.sim/sim_1/behav/xsim'
INFO: [SIM-utils-54] Inspecting design source files for 'tb_Top' in fileset 'sim_1'...
INFO: [SIM-utils-43] Exported 'D:/Vivado/code/SME309-RISCV-tmpl - 副本/vivado/vivado_proj.sim/sim_1/behav/xsim/DRAM.mif'
INFO: [SIM-utils-43] Exported 'D:/Vivado/code/SME309-RISCV-tmpl - 副本/vivado/vivado_proj.sim/sim_1/behav/xsim/all_test_case.coe'
INFO: [SIM-utils-43] Exported 'D:/Vivado/code/SME309-RISCV-tmpl - 副本/vivado/vivado_proj.sim/sim_1/behav/xsim/IROM.mif'
INFO: [SIM-utils-43] Exported 'D:/Vivado/code/SME309-RISCV-tmpl - 副本/vivado/vivado_proj.sim/sim_1/behav/xsim/all_test.coe'
INFO: [SIM-utils-43] Exported 'D:/Vivado/code/SME309-RISCV-tmpl - 副本/vivado/vivado_proj.sim/sim_1/behav/xsim/add_loop.coe'
INFO: [USF-XSim-97] Finding global include files...
INFO: [USF-XSim-98] Fetching design files from 'sim_1'...
INFO: [USF-XSim-2] XSim::Compile design
INFO: [USF-XSim-61] Executing 'COMPILE and ANALYZE' step in 'D:/Vivado/code/SME309-RISCV-tmpl - 副本/vivado/vivado_proj.sim/sim_1/behav/xsim'
"xvlog --incr --relax -prj tb_Top_vlog.prj"
INFO: [VRFC 10-2263] Analyzing Verilog file "D:/Vivado/code/SME309-RISCV-tmpl - 副本/vivado/vivado_proj.srcs/sources_1/ip/DRAM/sim/DRAM.v" into library xil_defaultlib
INFO: [VRFC 10-311] analyzing module DRAM
INFO: [VRFC 10-2263] Analyzing Verilog file "D:/Vivado/code/SME309-RISCV-tmpl - 副本/vivado/vivado_proj.srcs/sources_1/ip/IROM/sim/IROM.v" into library xil_defaultlib
INFO: [VRFC 10-311] analyzing module IROM
INFO: [VRFC 10-2263] Analyzing Verilog file "D:/Vivado/code/SME309-RISCV-tmpl - 副本/vivado/vivado_proj.srcs/sources_1/ip/pll/pll_clk_wiz.v" into library xil_defaultlib
INFO: [VRFC 10-311] analyzing module pll_clk_wiz
INFO: [VRFC 10-2263] Analyzing Verilog file "D:/Vivado/code/SME309-RISCV-tmpl - 副本/vivado/vivado_proj.srcs/sources_1/ip/pll/pll.v" into library xil_defaultlib
INFO: [VRFC 10-311] analyzing module pll
INFO: [VRFC 10-2263] Analyzing Verilog file "D:/Vivado/code/SME309-RISCV-tmpl - 副本/vivado/vivado_proj.srcs/sources_1/new/Alu.v" into library xil_defaultlib
INFO: [VRFC 10-311] analyzing module Alu
INFO: [VRFC 10-2263] Analyzing Verilog file "D:/Vivado/code/SME309-RISCV-tmpl - 副本/rtl/cpu/CPU_TOP.v" into library xil_defaultlib
INFO: [VRFC 10-311] analyzing module CPU
INFO: [VRFC 10-2458] undeclared symbol NextPC, assumed default net type wire [D:/Vivado/code/SME309-RISCV-tmpl - 副本/rtl/cpu/CPU_TOP.v:119]
INFO: [VRFC 10-2263] Analyzing Verilog file "D:/Vivado/code/SME309-RISCV-tmpl - 副本/vivado/vivado_proj.srcs/sources_1/new/Control.v" into library xil_defaultlib
INFO: [VRFC 10-311] analyzing module Control
WARNING: [VRFC 10-2502] extra semicolon in $unit (global) scope [D:/Vivado/code/SME309-RISCV-tmpl - 副本/vivado/vivado_proj.srcs/sources_1/new/Control.v:279]
INFO: [VRFC 10-2263] Analyzing Verilog file "D:/Vivado/code/SME309-RISCV-tmpl - 副本/vivado/vivado_proj.srcs/sources_1/new/Decoder.v" into library xil_defaultlib
INFO: [VRFC 10-311] analyzing module Decoder
WARNING: [VRFC 10-2502] extra semicolon in $unit (global) scope [D:/Vivado/code/SME309-RISCV-tmpl - 副本/vivado/vivado_proj.srcs/sources_1/new/Decoder.v:19]
INFO: [VRFC 10-2263] Analyzing Verilog file "D:/Vivado/code/SME309-RISCV-tmpl - 副本/vivado/vivado_proj.srcs/sources_1/new/Extend.v" into library xil_defaultlib
INFO: [VRFC 10-311] analyzing module Extend
WARNING: [VRFC 10-2502] extra semicolon in $unit (global) scope [D:/Vivado/code/SME309-RISCV-tmpl - 副本/vivado/vivado_proj.srcs/sources_1/new/Extend.v:37]
INFO: [VRFC 10-2263] Analyzing Verilog file "D:/Vivado/code/SME309-RISCV-tmpl - 副本/vivado/vivado_proj.srcs/sources_1/new/Memdata.v" into library xil_defaultlib
INFO: [VRFC 10-311] analyzing module Memdata
INFO: [VRFC 10-2263] Analyzing Verilog file "D:/Vivado/code/SME309-RISCV-tmpl - 副本/vivado/vivado_proj.srcs/sources_1/new/ProgramCounter.v" into library xil_defaultlib
INFO: [VRFC 10-311] analyzing module ProgramCounter
INFO: [VRFC 10-2263] Analyzing Verilog file "D:/Vivado/code/SME309-RISCV-tmpl - 副本/vivado/vivado_proj.srcs/sources_1/new/RegisterFile.v" into library xil_defaultlib
INFO: [VRFC 10-311] analyzing module RegisterFile
INFO: [VRFC 10-2263] Analyzing Verilog file "D:/Vivado/code/SME309-RISCV-tmpl - 副本/rtl/benchmark.v" into library xil_defaultlib
WARNING: [VRFC 10-998] macro MEM_ADDR_START redefined [../../../../../rtl/define.v:6]
WARNING: [VRFC 10-998] macro MEM_ADDR_END redefined [../../../../../rtl/define.v:7]
INFO: [VRFC 10-311] analyzing module benchmark
INFO: [VRFC 10-2263] Analyzing Verilog file "D:/Vivado/code/SME309-RISCV-tmpl - 副本/rtl/dram_driver.v" into library xil_defaultlib
INFO: [VRFC 10-311] analyzing module dram_driver
INFO: [VRFC 10-2263] Analyzing Verilog file "D:/Vivado/code/SME309-RISCV-tmpl - 副本/vivado/vivado_proj.srcs/sources_1/new/ex_me.v" into library xil_defaultlib
INFO: [VRFC 10-311] analyzing module ex_me
INFO: [VRFC 10-2263] Analyzing Verilog file "D:/Vivado/code/SME309-RISCV-tmpl - 副本/vivado/vivado_proj.srcs/sources_1/new/forward_unit.v" into library xil_defaultlib
INFO: [VRFC 10-311] analyzing module forward_unit
INFO: [VRFC 10-2263] Analyzing Verilog file "D:/Vivado/code/SME309-RISCV-tmpl - 副本/vivado/vivado_proj.srcs/sources_1/new/hazard_detection_unit.v" into library xil_defaultlib
INFO: [VRFC 10-311] analyzing module hazard_detection_unit
INFO: [VRFC 10-2263] Analyzing Verilog file "D:/Vivado/code/SME309-RISCV-tmpl - 副本/vivado/vivado_proj.srcs/sources_1/new/id_ex.v" into library xil_defaultlib
INFO: [VRFC 10-311] analyzing module id_ex
INFO: [VRFC 10-2263] Analyzing Verilog file "D:/Vivado/code/SME309-RISCV-tmpl - 副本/vivado/vivado_proj.srcs/sources_1/new/if_id.v" into library xil_defaultlib
INFO: [VRFC 10-311] analyzing module if_id
INFO: [VRFC 10-2263] Analyzing Verilog file "D:/Vivado/code/SME309-RISCV-tmpl - 副本/vivado/vivado_proj.srcs/sources_1/new/me_wb.v" into library xil_defaultlib
INFO: [VRFC 10-311] analyzing module me_wb
INFO: [VRFC 10-2263] Analyzing Verilog file "D:/Vivado/code/SME309-RISCV-tmpl - 副本/rtl/seven_seg.v" into library xil_defaultlib
INFO: [VRFC 10-311] analyzing module seven_seg
INFO: [VRFC 10-2263] Analyzing Verilog file "D:/Vivado/code/SME309-RISCV-tmpl - 副本/vivado/top.v" into library xil_defaultlib
INFO: [VRFC 10-311] analyzing module top
INFO: [VRFC 10-2263] Analyzing Verilog file "D:/Vivado/code/SME309-RISCV-tmpl - 副本/sim/tb_top.v" into library xil_defaultlib
INFO: [VRFC 10-311] analyzing module tb_Top
INFO: [USF-XSim-69] 'compile' step finished in '1' seconds
INFO: [Vivado 12-5698] Checking validity of IPs in the design for the 'XSim' simulator...
INFO: [Vivado 12-5682] Launching behavioral simulation in 'D:/Vivado/code/SME309-RISCV-tmpl - 副本/vivado/vivado_proj.sim/sim_1/behav/xsim'
INFO: [Vivado 12-4795] Using compiled simulation libraries for IPs
INFO: [USF-XSim-3] XSim::Elaborate design
INFO: [USF-XSim-61] Executing 'ELABORATE' step in 'D:/Vivado/code/SME309-RISCV-tmpl - 副本/vivado/vivado_proj.sim/sim_1/behav/xsim'
Vivado Simulator 2017.4
Copyright 1986-1999, 2001-2016 Xilinx, Inc. All Rights Reserved.
Running: D:/Vivado/Vivado/2017.4/bin/unwrapped/win64.o/xelab.exe -wto 3e6eff3e2d4a4c50a15ac3f36e4eed88 --incr --debug typical --relax --mt 2 -L blk_mem_gen_v8_4_1 -L xil_defaultlib -L dist_mem_gen_v8_0_12 -L unisims_ver -L unimacro_ver -L secureip -L xpm --snapshot tb_Top_behav xil_defaultlib.tb_Top xil_defaultlib.glbl -log elaborate.log 
Using 2 slave threads.
Starting static elaboration
WARNING: [VRFC 10-278] actual bit length 1 differs from formal bit length 32 for port NextPC [D:/Vivado/code/SME309-RISCV-tmpl - 副本/rtl/cpu/CPU_TOP.v:362]
WARNING: [VRFC 10-278] actual bit length 32 differs from formal bit length 10 for port a [D:/Vivado/code/SME309-RISCV-tmpl - 副本/rtl/benchmark.v:47]
WARNING: [VRFC 10-1783] select index 62 into current_contents is out of bounds [/wrk/2017.4/nightly/2017_12_15_2086221/packages/customer/vivado/data/ip/xilinx/blk_mem_gen_v8_4/simulation/blk_mem_gen_v8_4.v:2420]
Completed static elaboration
Starting simulation data flow analysis
Completed simulation data flow analysis
Time Resolution for simulation is 1ps
Compiling module unisims_ver.IBUF
Compiling module unisims_ver.PLLE2_ADV(CLKFBOUT_MULT=17,CLKIN...
Compiling module unisims_ver.BUFG
Compiling module xil_defaultlib.pll_clk_wiz
Compiling module xil_defaultlib.pll
Compiling module xil_defaultlib.if_id
Compiling module xil_defaultlib.Decoder
Compiling module xil_defaultlib.Control
Compiling module xil_defaultlib.Extend
Compiling module xil_defaultlib.RegisterFile
Compiling module xil_defaultlib.hazard_detection_unit
Compiling module xil_defaultlib.id_ex
Compiling module xil_defaultlib.forward_unit
Compiling module xil_defaultlib.Alu
Compiling module xil_defaultlib.ex_me
Compiling module xil_defaultlib.Memdata
Compiling module xil_defaultlib.me_wb
Compiling module xil_defaultlib.ProgramCounter
Compiling module xil_defaultlib.CPU
Compiling module dist_mem_gen_v8_0_12.dist_mem_gen_v8_0_12(C_FAMILY="a...
Compiling module xil_defaultlib.IROM
Compiling module blk_mem_gen_v8_4_1.blk_mem_gen_v8_4_1_output_stage(...
Compiling module blk_mem_gen_v8_4_1.blk_mem_gen_v8_4_1_output_stage(...
Compiling module blk_mem_gen_v8_4_1.blk_mem_gen_v8_4_1_softecc_outpu...
Compiling module blk_mem_gen_v8_4_1.blk_mem_gen_v8_4_1_mem_module(C_...
Compiling module blk_mem_gen_v8_4_1.blk_mem_gen_v8_4_1(C_FAMILY="art...
Compiling module xil_defaultlib.DRAM
Compiling module xil_defaultlib.dram_driver
Compiling module xil_defaultlib.seven_seg
Compiling module xil_defaultlib.benchmark
Compiling module xil_defaultlib.top
Compiling module xil_defaultlib.tb_Top
Compiling module xil_defaultlib.glbl
Built simulation snapshot tb_Top_behav
INFO: [USF-XSim-69] 'elaborate' step finished in '3' seconds
Vivado Simulator 2017.4
Time resolution is 1 ps
WARNING: This core is supplied with a behavioral model. To model cycle-accurate behavior you must run timing simulation.
 Block Memory Generator module loading initial data...
 Block Memory Generator data initialization complete.
Block Memory Generator module tb_Top.dut.u_benchmark.dram_driver_inst.Mem_DRAM.inst.native_mem_module.blk_mem_gen_v8_4_1_inst is using a behavioral model for simulation which will not precisely model memory collision behavior.
save to testbench.wave
Warning : input CLKIN1 period and attribute CLKIN1_PERIOD on PLLE2_ADV instance tb_Top.dut.pll_inst.inst.plle2_adv_inst are not same.
WARNING in tb_Top.dut.u_benchmark.Mem_IROM.inst at time               341000 ns: 
Reading from out-of-range address. Max address in tb_Top.dut.u_benchmark.Mem_IROM.inst is        1023
relaunch_sim: Time (s): cpu = 00:00:02 ; elapsed = 00:00:07 . Memory (MB): peak = 907.641 ; gain = 0.664
relaunch_sim
INFO: [Vivado 12-5698] Checking validity of IPs in the design for the 'XSim' simulator...
INFO: [Vivado 12-5682] Launching behavioral simulation in 'D:/Vivado/code/SME309-RISCV-tmpl - 副本/vivado/vivado_proj.sim/sim_1/behav/xsim'
INFO: [Vivado 12-4795] Using compiled simulation libraries for IPs
INFO: [SIM-utils-51] Simulation object is 'sim_1'
INFO: [USF-XSim-7] Finding pre-compiled libraries...
INFO: [USF-XSim-11] File 'D:/Vivado/Vivado/2017.4/data/xsim/ip/xsim_ip.ini' copied to run dir:'D:/Vivado/code/SME309-RISCV-tmpl - 副本/vivado/vivado_proj.sim/sim_1/behav/xsim'
INFO: [SIM-utils-54] Inspecting design source files for 'tb_Top' in fileset 'sim_1'...
INFO: [SIM-utils-43] Exported 'D:/Vivado/code/SME309-RISCV-tmpl - 副本/vivado/vivado_proj.sim/sim_1/behav/xsim/DRAM.mif'
INFO: [SIM-utils-43] Exported 'D:/Vivado/code/SME309-RISCV-tmpl - 副本/vivado/vivado_proj.sim/sim_1/behav/xsim/all_test_case.coe'
INFO: [SIM-utils-43] Exported 'D:/Vivado/code/SME309-RISCV-tmpl - 副本/vivado/vivado_proj.sim/sim_1/behav/xsim/IROM.mif'
INFO: [SIM-utils-43] Exported 'D:/Vivado/code/SME309-RISCV-tmpl - 副本/vivado/vivado_proj.sim/sim_1/behav/xsim/all_test.coe'
INFO: [SIM-utils-43] Exported 'D:/Vivado/code/SME309-RISCV-tmpl - 副本/vivado/vivado_proj.sim/sim_1/behav/xsim/add_loop.coe'
INFO: [USF-XSim-97] Finding global include files...
INFO: [USF-XSim-98] Fetching design files from 'sim_1'...
INFO: [USF-XSim-2] XSim::Compile design
INFO: [USF-XSim-61] Executing 'COMPILE and ANALYZE' step in 'D:/Vivado/code/SME309-RISCV-tmpl - 副本/vivado/vivado_proj.sim/sim_1/behav/xsim'
"xvlog --incr --relax -prj tb_Top_vlog.prj"
INFO: [VRFC 10-2263] Analyzing Verilog file "D:/Vivado/code/SME309-RISCV-tmpl - 副本/vivado/vivado_proj.srcs/sources_1/ip/DRAM/sim/DRAM.v" into library xil_defaultlib
INFO: [VRFC 10-311] analyzing module DRAM
INFO: [VRFC 10-2263] Analyzing Verilog file "D:/Vivado/code/SME309-RISCV-tmpl - 副本/vivado/vivado_proj.srcs/sources_1/ip/IROM/sim/IROM.v" into library xil_defaultlib
INFO: [VRFC 10-311] analyzing module IROM
INFO: [VRFC 10-2263] Analyzing Verilog file "D:/Vivado/code/SME309-RISCV-tmpl - 副本/vivado/vivado_proj.srcs/sources_1/ip/pll/pll_clk_wiz.v" into library xil_defaultlib
INFO: [VRFC 10-311] analyzing module pll_clk_wiz
INFO: [VRFC 10-2263] Analyzing Verilog file "D:/Vivado/code/SME309-RISCV-tmpl - 副本/vivado/vivado_proj.srcs/sources_1/ip/pll/pll.v" into library xil_defaultlib
INFO: [VRFC 10-311] analyzing module pll
INFO: [VRFC 10-2263] Analyzing Verilog file "D:/Vivado/code/SME309-RISCV-tmpl - 副本/vivado/vivado_proj.srcs/sources_1/new/Alu.v" into library xil_defaultlib
INFO: [VRFC 10-311] analyzing module Alu
INFO: [VRFC 10-2263] Analyzing Verilog file "D:/Vivado/code/SME309-RISCV-tmpl - 副本/rtl/cpu/CPU_TOP.v" into library xil_defaultlib
INFO: [VRFC 10-311] analyzing module CPU
INFO: [VRFC 10-2263] Analyzing Verilog file "D:/Vivado/code/SME309-RISCV-tmpl - 副本/vivado/vivado_proj.srcs/sources_1/new/Control.v" into library xil_defaultlib
INFO: [VRFC 10-311] analyzing module Control
WARNING: [VRFC 10-2502] extra semicolon in $unit (global) scope [D:/Vivado/code/SME309-RISCV-tmpl - 副本/vivado/vivado_proj.srcs/sources_1/new/Control.v:279]
INFO: [VRFC 10-2263] Analyzing Verilog file "D:/Vivado/code/SME309-RISCV-tmpl - 副本/vivado/vivado_proj.srcs/sources_1/new/Decoder.v" into library xil_defaultlib
INFO: [VRFC 10-311] analyzing module Decoder
WARNING: [VRFC 10-2502] extra semicolon in $unit (global) scope [D:/Vivado/code/SME309-RISCV-tmpl - 副本/vivado/vivado_proj.srcs/sources_1/new/Decoder.v:19]
INFO: [VRFC 10-2263] Analyzing Verilog file "D:/Vivado/code/SME309-RISCV-tmpl - 副本/vivado/vivado_proj.srcs/sources_1/new/Extend.v" into library xil_defaultlib
INFO: [VRFC 10-311] analyzing module Extend
WARNING: [VRFC 10-2502] extra semicolon in $unit (global) scope [D:/Vivado/code/SME309-RISCV-tmpl - 副本/vivado/vivado_proj.srcs/sources_1/new/Extend.v:37]
INFO: [VRFC 10-2263] Analyzing Verilog file "D:/Vivado/code/SME309-RISCV-tmpl - 副本/vivado/vivado_proj.srcs/sources_1/new/Memdata.v" into library xil_defaultlib
INFO: [VRFC 10-311] analyzing module Memdata
INFO: [VRFC 10-2263] Analyzing Verilog file "D:/Vivado/code/SME309-RISCV-tmpl - 副本/vivado/vivado_proj.srcs/sources_1/new/ProgramCounter.v" into library xil_defaultlib
INFO: [VRFC 10-311] analyzing module ProgramCounter
INFO: [VRFC 10-2263] Analyzing Verilog file "D:/Vivado/code/SME309-RISCV-tmpl - 副本/vivado/vivado_proj.srcs/sources_1/new/RegisterFile.v" into library xil_defaultlib
INFO: [VRFC 10-311] analyzing module RegisterFile
INFO: [VRFC 10-2263] Analyzing Verilog file "D:/Vivado/code/SME309-RISCV-tmpl - 副本/rtl/benchmark.v" into library xil_defaultlib
WARNING: [VRFC 10-998] macro MEM_ADDR_START redefined [../../../../../rtl/define.v:6]
WARNING: [VRFC 10-998] macro MEM_ADDR_END redefined [../../../../../rtl/define.v:7]
INFO: [VRFC 10-311] analyzing module benchmark
INFO: [VRFC 10-2263] Analyzing Verilog file "D:/Vivado/code/SME309-RISCV-tmpl - 副本/rtl/dram_driver.v" into library xil_defaultlib
INFO: [VRFC 10-311] analyzing module dram_driver
INFO: [VRFC 10-2263] Analyzing Verilog file "D:/Vivado/code/SME309-RISCV-tmpl - 副本/vivado/vivado_proj.srcs/sources_1/new/ex_me.v" into library xil_defaultlib
INFO: [VRFC 10-311] analyzing module ex_me
INFO: [VRFC 10-2263] Analyzing Verilog file "D:/Vivado/code/SME309-RISCV-tmpl - 副本/vivado/vivado_proj.srcs/sources_1/new/forward_unit.v" into library xil_defaultlib
INFO: [VRFC 10-311] analyzing module forward_unit
INFO: [VRFC 10-2263] Analyzing Verilog file "D:/Vivado/code/SME309-RISCV-tmpl - 副本/vivado/vivado_proj.srcs/sources_1/new/hazard_detection_unit.v" into library xil_defaultlib
INFO: [VRFC 10-311] analyzing module hazard_detection_unit
INFO: [VRFC 10-2263] Analyzing Verilog file "D:/Vivado/code/SME309-RISCV-tmpl - 副本/vivado/vivado_proj.srcs/sources_1/new/id_ex.v" into library xil_defaultlib
INFO: [VRFC 10-311] analyzing module id_ex
INFO: [VRFC 10-2263] Analyzing Verilog file "D:/Vivado/code/SME309-RISCV-tmpl - 副本/vivado/vivado_proj.srcs/sources_1/new/if_id.v" into library xil_defaultlib
INFO: [VRFC 10-311] analyzing module if_id
INFO: [VRFC 10-2263] Analyzing Verilog file "D:/Vivado/code/SME309-RISCV-tmpl - 副本/vivado/vivado_proj.srcs/sources_1/new/me_wb.v" into library xil_defaultlib
INFO: [VRFC 10-311] analyzing module me_wb
INFO: [VRFC 10-2263] Analyzing Verilog file "D:/Vivado/code/SME309-RISCV-tmpl - 副本/rtl/seven_seg.v" into library xil_defaultlib
INFO: [VRFC 10-311] analyzing module seven_seg
INFO: [VRFC 10-2263] Analyzing Verilog file "D:/Vivado/code/SME309-RISCV-tmpl - 副本/vivado/top.v" into library xil_defaultlib
INFO: [VRFC 10-311] analyzing module top
INFO: [VRFC 10-2263] Analyzing Verilog file "D:/Vivado/code/SME309-RISCV-tmpl - 副本/sim/tb_top.v" into library xil_defaultlib
INFO: [VRFC 10-311] analyzing module tb_Top
INFO: [USF-XSim-69] 'compile' step finished in '1' seconds
INFO: [Vivado 12-5698] Checking validity of IPs in the design for the 'XSim' simulator...
INFO: [Vivado 12-5682] Launching behavioral simulation in 'D:/Vivado/code/SME309-RISCV-tmpl - 副本/vivado/vivado_proj.sim/sim_1/behav/xsim'
INFO: [Vivado 12-4795] Using compiled simulation libraries for IPs
INFO: [USF-XSim-3] XSim::Elaborate design
INFO: [USF-XSim-61] Executing 'ELABORATE' step in 'D:/Vivado/code/SME309-RISCV-tmpl - 副本/vivado/vivado_proj.sim/sim_1/behav/xsim'
Vivado Simulator 2017.4
Copyright 1986-1999, 2001-2016 Xilinx, Inc. All Rights Reserved.
Running: D:/Vivado/Vivado/2017.4/bin/unwrapped/win64.o/xelab.exe -wto 3e6eff3e2d4a4c50a15ac3f36e4eed88 --incr --debug typical --relax --mt 2 -L blk_mem_gen_v8_4_1 -L xil_defaultlib -L dist_mem_gen_v8_0_12 -L unisims_ver -L unimacro_ver -L secureip -L xpm --snapshot tb_Top_behav xil_defaultlib.tb_Top xil_defaultlib.glbl -log elaborate.log 
Using 2 slave threads.
Starting static elaboration
WARNING: [VRFC 10-278] actual bit length 32 differs from formal bit length 10 for port a [D:/Vivado/code/SME309-RISCV-tmpl - 副本/rtl/benchmark.v:47]
WARNING: [VRFC 10-1783] select index 62 into current_contents is out of bounds [/wrk/2017.4/nightly/2017_12_15_2086221/packages/customer/vivado/data/ip/xilinx/blk_mem_gen_v8_4/simulation/blk_mem_gen_v8_4.v:2420]
Completed static elaboration
Starting simulation data flow analysis
Completed simulation data flow analysis
Time Resolution for simulation is 1ps
Compiling module unisims_ver.IBUF
Compiling module unisims_ver.PLLE2_ADV(CLKFBOUT_MULT=17,CLKIN...
Compiling module unisims_ver.BUFG
Compiling module xil_defaultlib.pll_clk_wiz
Compiling module xil_defaultlib.pll
Compiling module xil_defaultlib.if_id
Compiling module xil_defaultlib.Decoder
Compiling module xil_defaultlib.Control
Compiling module xil_defaultlib.Extend
Compiling module xil_defaultlib.RegisterFile
Compiling module xil_defaultlib.hazard_detection_unit
Compiling module xil_defaultlib.id_ex
Compiling module xil_defaultlib.forward_unit
Compiling module xil_defaultlib.Alu
Compiling module xil_defaultlib.ex_me
Compiling module xil_defaultlib.Memdata
Compiling module xil_defaultlib.me_wb
Compiling module xil_defaultlib.ProgramCounter
Compiling module xil_defaultlib.CPU
Compiling module dist_mem_gen_v8_0_12.dist_mem_gen_v8_0_12(C_FAMILY="a...
Compiling module xil_defaultlib.IROM
Compiling module blk_mem_gen_v8_4_1.blk_mem_gen_v8_4_1_output_stage(...
Compiling module blk_mem_gen_v8_4_1.blk_mem_gen_v8_4_1_output_stage(...
Compiling module blk_mem_gen_v8_4_1.blk_mem_gen_v8_4_1_softecc_outpu...
Compiling module blk_mem_gen_v8_4_1.blk_mem_gen_v8_4_1_mem_module(C_...
Compiling module blk_mem_gen_v8_4_1.blk_mem_gen_v8_4_1(C_FAMILY="art...
Compiling module xil_defaultlib.DRAM
Compiling module xil_defaultlib.dram_driver
Compiling module xil_defaultlib.seven_seg
Compiling module xil_defaultlib.benchmark
Compiling module xil_defaultlib.top
Compiling module xil_defaultlib.tb_Top
Compiling module xil_defaultlib.glbl
Built simulation snapshot tb_Top_behav
INFO: [USF-XSim-69] 'elaborate' step finished in '4' seconds
Vivado Simulator 2017.4
Time resolution is 1 ps
WARNING: This core is supplied with a behavioral model. To model cycle-accurate behavior you must run timing simulation.
 Block Memory Generator module loading initial data...
 Block Memory Generator data initialization complete.
Block Memory Generator module tb_Top.dut.u_benchmark.dram_driver_inst.Mem_DRAM.inst.native_mem_module.blk_mem_gen_v8_4_1_inst is using a behavioral model for simulation which will not precisely model memory collision behavior.
save to testbench.wave
Warning : input CLKIN1 period and attribute CLKIN1_PERIOD on PLLE2_ADV instance tb_Top.dut.pll_inst.inst.plle2_adv_inst are not same.
relaunch_sim: Time (s): cpu = 00:00:00 ; elapsed = 00:00:07 . Memory (MB): peak = 910.227 ; gain = 1.246
run 1000 ns
run 1000 ns
run 1000 ns
run 1000 ns
launch_runs impl_1 -to_step write_bitstream -jobs 8
[Thu Jan  8 03:52:41 2026] Launched pll_synth_1, synth_1...
Run output will be captured here:
pll_synth_1: D:/Vivado/code/SME309-RISCV-tmpl - 副本/vivado/vivado_proj.runs/pll_synth_1/runme.log
synth_1: D:/Vivado/code/SME309-RISCV-tmpl - 副本/vivado/vivado_proj.runs/synth_1/runme.log
[Thu Jan  8 03:52:42 2026] Launched impl_1...
Run output will be captured here: D:/Vivado/code/SME309-RISCV-tmpl - 副本/vivado/vivado_proj.runs/impl_1/runme.log
relaunch_sim
INFO: [Vivado 12-5698] Checking validity of IPs in the design for the 'XSim' simulator...
INFO: [Vivado 12-5682] Launching behavioral simulation in 'D:/Vivado/code/SME309-RISCV-tmpl - 副本/vivado/vivado_proj.sim/sim_1/behav/xsim'
INFO: [Vivado 12-4795] Using compiled simulation libraries for IPs
INFO: [SIM-utils-51] Simulation object is 'sim_1'
INFO: [USF-XSim-7] Finding pre-compiled libraries...
INFO: [USF-XSim-11] File 'D:/Vivado/Vivado/2017.4/data/xsim/ip/xsim_ip.ini' copied to run dir:'D:/Vivado/code/SME309-RISCV-tmpl - 副本/vivado/vivado_proj.sim/sim_1/behav/xsim'
INFO: [SIM-utils-54] Inspecting design source files for 'tb_Top' in fileset 'sim_1'...
INFO: [SIM-utils-43] Exported 'D:/Vivado/code/SME309-RISCV-tmpl - 副本/vivado/vivado_proj.sim/sim_1/behav/xsim/DRAM.mif'
INFO: [SIM-utils-43] Exported 'D:/Vivado/code/SME309-RISCV-tmpl - 副本/vivado/vivado_proj.sim/sim_1/behav/xsim/all_test_case.coe'
INFO: [SIM-utils-43] Exported 'D:/Vivado/code/SME309-RISCV-tmpl - 副本/vivado/vivado_proj.sim/sim_1/behav/xsim/IROM.mif'
INFO: [SIM-utils-43] Exported 'D:/Vivado/code/SME309-RISCV-tmpl - 副本/vivado/vivado_proj.sim/sim_1/behav/xsim/all_test.coe'
INFO: [SIM-utils-43] Exported 'D:/Vivado/code/SME309-RISCV-tmpl - 副本/vivado/vivado_proj.sim/sim_1/behav/xsim/add_loop.coe'
INFO: [USF-XSim-97] Finding global include files...
INFO: [USF-XSim-98] Fetching design files from 'sim_1'...
INFO: [USF-XSim-2] XSim::Compile design
INFO: [USF-XSim-61] Executing 'COMPILE and ANALYZE' step in 'D:/Vivado/code/SME309-RISCV-tmpl - 副本/vivado/vivado_proj.sim/sim_1/behav/xsim'
"xvlog --incr --relax -prj tb_Top_vlog.prj"
INFO: [VRFC 10-2263] Analyzing Verilog file "D:/Vivado/code/SME309-RISCV-tmpl - 副本/vivado/vivado_proj.srcs/sources_1/ip/DRAM/sim/DRAM.v" into library xil_defaultlib
INFO: [VRFC 10-311] analyzing module DRAM
INFO: [VRFC 10-2263] Analyzing Verilog file "D:/Vivado/code/SME309-RISCV-tmpl - 副本/vivado/vivado_proj.srcs/sources_1/ip/IROM/sim/IROM.v" into library xil_defaultlib
INFO: [VRFC 10-311] analyzing module IROM
INFO: [VRFC 10-2263] Analyzing Verilog file "D:/Vivado/code/SME309-RISCV-tmpl - 副本/vivado/vivado_proj.srcs/sources_1/ip/pll/pll_clk_wiz.v" into library xil_defaultlib
INFO: [VRFC 10-311] analyzing module pll_clk_wiz
INFO: [VRFC 10-2263] Analyzing Verilog file "D:/Vivado/code/SME309-RISCV-tmpl - 副本/vivado/vivado_proj.srcs/sources_1/ip/pll/pll.v" into library xil_defaultlib
INFO: [VRFC 10-311] analyzing module pll
INFO: [VRFC 10-2263] Analyzing Verilog file "D:/Vivado/code/SME309-RISCV-tmpl - 副本/vivado/vivado_proj.srcs/sources_1/new/Alu.v" into library xil_defaultlib
INFO: [VRFC 10-311] analyzing module Alu
INFO: [VRFC 10-2263] Analyzing Verilog file "D:/Vivado/code/SME309-RISCV-tmpl - 副本/rtl/cpu/CPU_TOP.v" into library xil_defaultlib
INFO: [VRFC 10-311] analyzing module CPU
INFO: [VRFC 10-2263] Analyzing Verilog file "D:/Vivado/code/SME309-RISCV-tmpl - 副本/vivado/vivado_proj.srcs/sources_1/new/Control.v" into library xil_defaultlib
INFO: [VRFC 10-311] analyzing module Control
WARNING: [VRFC 10-2502] extra semicolon in $unit (global) scope [D:/Vivado/code/SME309-RISCV-tmpl - 副本/vivado/vivado_proj.srcs/sources_1/new/Control.v:279]
INFO: [VRFC 10-2263] Analyzing Verilog file "D:/Vivado/code/SME309-RISCV-tmpl - 副本/vivado/vivado_proj.srcs/sources_1/new/Decoder.v" into library xil_defaultlib
INFO: [VRFC 10-311] analyzing module Decoder
WARNING: [VRFC 10-2502] extra semicolon in $unit (global) scope [D:/Vivado/code/SME309-RISCV-tmpl - 副本/vivado/vivado_proj.srcs/sources_1/new/Decoder.v:19]
INFO: [VRFC 10-2263] Analyzing Verilog file "D:/Vivado/code/SME309-RISCV-tmpl - 副本/vivado/vivado_proj.srcs/sources_1/new/Extend.v" into library xil_defaultlib
INFO: [VRFC 10-311] analyzing module Extend
WARNING: [VRFC 10-2502] extra semicolon in $unit (global) scope [D:/Vivado/code/SME309-RISCV-tmpl - 副本/vivado/vivado_proj.srcs/sources_1/new/Extend.v:37]
INFO: [VRFC 10-2263] Analyzing Verilog file "D:/Vivado/code/SME309-RISCV-tmpl - 副本/vivado/vivado_proj.srcs/sources_1/new/Memdata.v" into library xil_defaultlib
INFO: [VRFC 10-311] analyzing module Memdata
INFO: [VRFC 10-2263] Analyzing Verilog file "D:/Vivado/code/SME309-RISCV-tmpl - 副本/vivado/vivado_proj.srcs/sources_1/new/ProgramCounter.v" into library xil_defaultlib
INFO: [VRFC 10-311] analyzing module ProgramCounter
INFO: [VRFC 10-2263] Analyzing Verilog file "D:/Vivado/code/SME309-RISCV-tmpl - 副本/vivado/vivado_proj.srcs/sources_1/new/RegisterFile.v" into library xil_defaultlib
INFO: [VRFC 10-311] analyzing module RegisterFile
INFO: [VRFC 10-2263] Analyzing Verilog file "D:/Vivado/code/SME309-RISCV-tmpl - 副本/rtl/benchmark.v" into library xil_defaultlib
WARNING: [VRFC 10-998] macro MEM_ADDR_START redefined [../../../../../rtl/define.v:6]
WARNING: [VRFC 10-998] macro MEM_ADDR_END redefined [../../../../../rtl/define.v:7]
INFO: [VRFC 10-311] analyzing module benchmark
INFO: [VRFC 10-2263] Analyzing Verilog file "D:/Vivado/code/SME309-RISCV-tmpl - 副本/rtl/dram_driver.v" into library xil_defaultlib
INFO: [VRFC 10-311] analyzing module dram_driver
INFO: [VRFC 10-2263] Analyzing Verilog file "D:/Vivado/code/SME309-RISCV-tmpl - 副本/vivado/vivado_proj.srcs/sources_1/new/ex_me.v" into library xil_defaultlib
INFO: [VRFC 10-311] analyzing module ex_me
INFO: [VRFC 10-2263] Analyzing Verilog file "D:/Vivado/code/SME309-RISCV-tmpl - 副本/vivado/vivado_proj.srcs/sources_1/new/forward_unit.v" into library xil_defaultlib
INFO: [VRFC 10-311] analyzing module forward_unit
INFO: [VRFC 10-2263] Analyzing Verilog file "D:/Vivado/code/SME309-RISCV-tmpl - 副本/vivado/vivado_proj.srcs/sources_1/new/hazard_detection_unit.v" into library xil_defaultlib
INFO: [VRFC 10-311] analyzing module hazard_detection_unit
INFO: [VRFC 10-2263] Analyzing Verilog file "D:/Vivado/code/SME309-RISCV-tmpl - 副本/vivado/vivado_proj.srcs/sources_1/new/id_ex.v" into library xil_defaultlib
INFO: [VRFC 10-311] analyzing module id_ex
INFO: [VRFC 10-2263] Analyzing Verilog file "D:/Vivado/code/SME309-RISCV-tmpl - 副本/vivado/vivado_proj.srcs/sources_1/new/if_id.v" into library xil_defaultlib
INFO: [VRFC 10-311] analyzing module if_id
INFO: [VRFC 10-2263] Analyzing Verilog file "D:/Vivado/code/SME309-RISCV-tmpl - 副本/vivado/vivado_proj.srcs/sources_1/new/me_wb.v" into library xil_defaultlib
INFO: [VRFC 10-311] analyzing module me_wb
INFO: [VRFC 10-2263] Analyzing Verilog file "D:/Vivado/code/SME309-RISCV-tmpl - 副本/rtl/seven_seg.v" into library xil_defaultlib
INFO: [VRFC 10-311] analyzing module seven_seg
INFO: [VRFC 10-2263] Analyzing Verilog file "D:/Vivado/code/SME309-RISCV-tmpl - 副本/vivado/top.v" into library xil_defaultlib
INFO: [VRFC 10-311] analyzing module top
INFO: [VRFC 10-2263] Analyzing Verilog file "D:/Vivado/code/SME309-RISCV-tmpl - 副本/sim/tb_top.v" into library xil_defaultlib
INFO: [VRFC 10-311] analyzing module tb_Top
INFO: [USF-XSim-69] 'compile' step finished in '1' seconds
INFO: [Vivado 12-5698] Checking validity of IPs in the design for the 'XSim' simulator...
INFO: [Vivado 12-5682] Launching behavioral simulation in 'D:/Vivado/code/SME309-RISCV-tmpl - 副本/vivado/vivado_proj.sim/sim_1/behav/xsim'
INFO: [Vivado 12-4795] Using compiled simulation libraries for IPs
INFO: [USF-XSim-3] XSim::Elaborate design
INFO: [USF-XSim-61] Executing 'ELABORATE' step in 'D:/Vivado/code/SME309-RISCV-tmpl - 副本/vivado/vivado_proj.sim/sim_1/behav/xsim'
Vivado Simulator 2017.4
Copyright 1986-1999, 2001-2016 Xilinx, Inc. All Rights Reserved.
Running: D:/Vivado/Vivado/2017.4/bin/unwrapped/win64.o/xelab.exe -wto 3e6eff3e2d4a4c50a15ac3f36e4eed88 --incr --debug typical --relax --mt 2 -L blk_mem_gen_v8_4_1 -L xil_defaultlib -L dist_mem_gen_v8_0_12 -L unisims_ver -L unimacro_ver -L secureip -L xpm --snapshot tb_Top_behav xil_defaultlib.tb_Top xil_defaultlib.glbl -log elaborate.log 
Using 2 slave threads.
Starting static elaboration
WARNING: [VRFC 10-278] actual bit length 32 differs from formal bit length 10 for port a [D:/Vivado/code/SME309-RISCV-tmpl - 副本/rtl/benchmark.v:47]
WARNING: [VRFC 10-1783] select index 62 into current_contents is out of bounds [/wrk/2017.4/nightly/2017_12_15_2086221/packages/customer/vivado/data/ip/xilinx/blk_mem_gen_v8_4/simulation/blk_mem_gen_v8_4.v:2420]
Completed static elaboration
Starting simulation data flow analysis
Completed simulation data flow analysis
Time Resolution for simulation is 1ps
Compiling module unisims_ver.IBUF
Compiling module unisims_ver.PLLE2_ADV(CLKFBOUT_MULT=17,CLKIN...
Compiling module unisims_ver.BUFG
Compiling module xil_defaultlib.pll_clk_wiz
Compiling module xil_defaultlib.pll
Compiling module xil_defaultlib.if_id
Compiling module xil_defaultlib.Decoder
Compiling module xil_defaultlib.Control
Compiling module xil_defaultlib.Extend
Compiling module xil_defaultlib.RegisterFile
Compiling module xil_defaultlib.hazard_detection_unit
Compiling module xil_defaultlib.id_ex
Compiling module xil_defaultlib.forward_unit
Compiling module xil_defaultlib.Alu
Compiling module xil_defaultlib.ex_me
Compiling module xil_defaultlib.Memdata
Compiling module xil_defaultlib.me_wb
Compiling module xil_defaultlib.ProgramCounter
Compiling module xil_defaultlib.CPU
Compiling module dist_mem_gen_v8_0_12.dist_mem_gen_v8_0_12(C_FAMILY="a...
Compiling module xil_defaultlib.IROM
Compiling module blk_mem_gen_v8_4_1.blk_mem_gen_v8_4_1_output_stage(...
Compiling module blk_mem_gen_v8_4_1.blk_mem_gen_v8_4_1_output_stage(...
Compiling module blk_mem_gen_v8_4_1.blk_mem_gen_v8_4_1_softecc_outpu...
Compiling module blk_mem_gen_v8_4_1.blk_mem_gen_v8_4_1_mem_module(C_...
Compiling module blk_mem_gen_v8_4_1.blk_mem_gen_v8_4_1(C_FAMILY="art...
Compiling module xil_defaultlib.DRAM
Compiling module xil_defaultlib.dram_driver
Compiling module xil_defaultlib.seven_seg
Compiling module xil_defaultlib.benchmark
Compiling module xil_defaultlib.top
Compiling module xil_defaultlib.tb_Top
Compiling module xil_defaultlib.glbl
Built simulation snapshot tb_Top_behav
INFO: [USF-XSim-69] 'elaborate' step finished in '3' seconds
Vivado Simulator 2017.4
Time resolution is 1 ps
WARNING: This core is supplied with a behavioral model. To model cycle-accurate behavior you must run timing simulation.
 Block Memory Generator module loading initial data...
 Block Memory Generator data initialization complete.
Block Memory Generator module tb_Top.dut.u_benchmark.dram_driver_inst.Mem_DRAM.inst.native_mem_module.blk_mem_gen_v8_4_1_inst is using a behavioral model for simulation which will not precisely model memory collision behavior.
save to testbench.wave
Warning : input CLKIN1 period and attribute CLKIN1_PERIOD on PLLE2_ADV instance tb_Top.dut.pll_inst.inst.plle2_adv_inst are not same.
relaunch_sim: Time (s): cpu = 00:00:02 ; elapsed = 00:00:07 . Memory (MB): peak = 935.473 ; gain = 0.000
run 1000 ns
run 1000 ns
relaunch_sim
INFO: [Vivado 12-5698] Checking validity of IPs in the design for the 'XSim' simulator...
INFO: [Vivado 12-5682] Launching behavioral simulation in 'D:/Vivado/code/SME309-RISCV-tmpl - 副本/vivado/vivado_proj.sim/sim_1/behav/xsim'
INFO: [Vivado 12-4795] Using compiled simulation libraries for IPs
INFO: [SIM-utils-51] Simulation object is 'sim_1'
INFO: [USF-XSim-7] Finding pre-compiled libraries...
INFO: [USF-XSim-11] File 'D:/Vivado/Vivado/2017.4/data/xsim/ip/xsim_ip.ini' copied to run dir:'D:/Vivado/code/SME309-RISCV-tmpl - 副本/vivado/vivado_proj.sim/sim_1/behav/xsim'
INFO: [SIM-utils-54] Inspecting design source files for 'tb_Top' in fileset 'sim_1'...
INFO: [SIM-utils-43] Exported 'D:/Vivado/code/SME309-RISCV-tmpl - 副本/vivado/vivado_proj.sim/sim_1/behav/xsim/DRAM.mif'
INFO: [SIM-utils-43] Exported 'D:/Vivado/code/SME309-RISCV-tmpl - 副本/vivado/vivado_proj.sim/sim_1/behav/xsim/all_test_case.coe'
INFO: [SIM-utils-43] Exported 'D:/Vivado/code/SME309-RISCV-tmpl - 副本/vivado/vivado_proj.sim/sim_1/behav/xsim/IROM.mif'
INFO: [SIM-utils-43] Exported 'D:/Vivado/code/SME309-RISCV-tmpl - 副本/vivado/vivado_proj.sim/sim_1/behav/xsim/all_test.coe'
INFO: [SIM-utils-43] Exported 'D:/Vivado/code/SME309-RISCV-tmpl - 副本/vivado/vivado_proj.sim/sim_1/behav/xsim/add_loop.coe'
INFO: [USF-XSim-97] Finding global include files...
INFO: [USF-XSim-98] Fetching design files from 'sim_1'...
INFO: [USF-XSim-2] XSim::Compile design
INFO: [USF-XSim-61] Executing 'COMPILE and ANALYZE' step in 'D:/Vivado/code/SME309-RISCV-tmpl - 副本/vivado/vivado_proj.sim/sim_1/behav/xsim'
"xvlog --incr --relax -prj tb_Top_vlog.prj"
INFO: [VRFC 10-2263] Analyzing Verilog file "D:/Vivado/code/SME309-RISCV-tmpl - 副本/vivado/vivado_proj.srcs/sources_1/ip/DRAM/sim/DRAM.v" into library xil_defaultlib
INFO: [VRFC 10-311] analyzing module DRAM
INFO: [VRFC 10-2263] Analyzing Verilog file "D:/Vivado/code/SME309-RISCV-tmpl - 副本/vivado/vivado_proj.srcs/sources_1/ip/IROM/sim/IROM.v" into library xil_defaultlib
INFO: [VRFC 10-311] analyzing module IROM
INFO: [VRFC 10-2263] Analyzing Verilog file "D:/Vivado/code/SME309-RISCV-tmpl - 副本/vivado/vivado_proj.srcs/sources_1/ip/pll/pll_clk_wiz.v" into library xil_defaultlib
INFO: [VRFC 10-311] analyzing module pll_clk_wiz
INFO: [VRFC 10-2263] Analyzing Verilog file "D:/Vivado/code/SME309-RISCV-tmpl - 副本/vivado/vivado_proj.srcs/sources_1/ip/pll/pll.v" into library xil_defaultlib
INFO: [VRFC 10-311] analyzing module pll
INFO: [VRFC 10-2263] Analyzing Verilog file "D:/Vivado/code/SME309-RISCV-tmpl - 副本/vivado/vivado_proj.srcs/sources_1/new/Alu.v" into library xil_defaultlib
INFO: [VRFC 10-311] analyzing module Alu
INFO: [VRFC 10-2263] Analyzing Verilog file "D:/Vivado/code/SME309-RISCV-tmpl - 副本/rtl/cpu/CPU_TOP.v" into library xil_defaultlib
INFO: [VRFC 10-311] analyzing module CPU
INFO: [VRFC 10-2263] Analyzing Verilog file "D:/Vivado/code/SME309-RISCV-tmpl - 副本/vivado/vivado_proj.srcs/sources_1/new/Control.v" into library xil_defaultlib
INFO: [VRFC 10-311] analyzing module Control
WARNING: [VRFC 10-2502] extra semicolon in $unit (global) scope [D:/Vivado/code/SME309-RISCV-tmpl - 副本/vivado/vivado_proj.srcs/sources_1/new/Control.v:279]
INFO: [VRFC 10-2263] Analyzing Verilog file "D:/Vivado/code/SME309-RISCV-tmpl - 副本/vivado/vivado_proj.srcs/sources_1/new/Decoder.v" into library xil_defaultlib
INFO: [VRFC 10-311] analyzing module Decoder
WARNING: [VRFC 10-2502] extra semicolon in $unit (global) scope [D:/Vivado/code/SME309-RISCV-tmpl - 副本/vivado/vivado_proj.srcs/sources_1/new/Decoder.v:19]
INFO: [VRFC 10-2263] Analyzing Verilog file "D:/Vivado/code/SME309-RISCV-tmpl - 副本/vivado/vivado_proj.srcs/sources_1/new/Extend.v" into library xil_defaultlib
INFO: [VRFC 10-311] analyzing module Extend
WARNING: [VRFC 10-2502] extra semicolon in $unit (global) scope [D:/Vivado/code/SME309-RISCV-tmpl - 副本/vivado/vivado_proj.srcs/sources_1/new/Extend.v:37]
INFO: [VRFC 10-2263] Analyzing Verilog file "D:/Vivado/code/SME309-RISCV-tmpl - 副本/vivado/vivado_proj.srcs/sources_1/new/Memdata.v" into library xil_defaultlib
INFO: [VRFC 10-311] analyzing module Memdata
INFO: [VRFC 10-2263] Analyzing Verilog file "D:/Vivado/code/SME309-RISCV-tmpl - 副本/vivado/vivado_proj.srcs/sources_1/new/ProgramCounter.v" into library xil_defaultlib
INFO: [VRFC 10-311] analyzing module ProgramCounter
INFO: [VRFC 10-2263] Analyzing Verilog file "D:/Vivado/code/SME309-RISCV-tmpl - 副本/vivado/vivado_proj.srcs/sources_1/new/RegisterFile.v" into library xil_defaultlib
INFO: [VRFC 10-311] analyzing module RegisterFile
INFO: [VRFC 10-2263] Analyzing Verilog file "D:/Vivado/code/SME309-RISCV-tmpl - 副本/rtl/benchmark.v" into library xil_defaultlib
WARNING: [VRFC 10-998] macro MEM_ADDR_START redefined [../../../../../rtl/define.v:6]
WARNING: [VRFC 10-998] macro MEM_ADDR_END redefined [../../../../../rtl/define.v:7]
INFO: [VRFC 10-311] analyzing module benchmark
INFO: [VRFC 10-2263] Analyzing Verilog file "D:/Vivado/code/SME309-RISCV-tmpl - 副本/rtl/dram_driver.v" into library xil_defaultlib
INFO: [VRFC 10-311] analyzing module dram_driver
INFO: [VRFC 10-2263] Analyzing Verilog file "D:/Vivado/code/SME309-RISCV-tmpl - 副本/vivado/vivado_proj.srcs/sources_1/new/ex_me.v" into library xil_defaultlib
INFO: [VRFC 10-311] analyzing module ex_me
INFO: [VRFC 10-2263] Analyzing Verilog file "D:/Vivado/code/SME309-RISCV-tmpl - 副本/vivado/vivado_proj.srcs/sources_1/new/forward_unit.v" into library xil_defaultlib
INFO: [VRFC 10-311] analyzing module forward_unit
INFO: [VRFC 10-2263] Analyzing Verilog file "D:/Vivado/code/SME309-RISCV-tmpl - 副本/vivado/vivado_proj.srcs/sources_1/new/hazard_detection_unit.v" into library xil_defaultlib
INFO: [VRFC 10-311] analyzing module hazard_detection_unit
INFO: [VRFC 10-2263] Analyzing Verilog file "D:/Vivado/code/SME309-RISCV-tmpl - 副本/vivado/vivado_proj.srcs/sources_1/new/id_ex.v" into library xil_defaultlib
INFO: [VRFC 10-311] analyzing module id_ex
INFO: [VRFC 10-2263] Analyzing Verilog file "D:/Vivado/code/SME309-RISCV-tmpl - 副本/vivado/vivado_proj.srcs/sources_1/new/if_id.v" into library xil_defaultlib
INFO: [VRFC 10-311] analyzing module if_id
INFO: [VRFC 10-2263] Analyzing Verilog file "D:/Vivado/code/SME309-RISCV-tmpl - 副本/vivado/vivado_proj.srcs/sources_1/new/me_wb.v" into library xil_defaultlib
INFO: [VRFC 10-311] analyzing module me_wb
INFO: [VRFC 10-2263] Analyzing Verilog file "D:/Vivado/code/SME309-RISCV-tmpl - 副本/rtl/seven_seg.v" into library xil_defaultlib
INFO: [VRFC 10-311] analyzing module seven_seg
INFO: [VRFC 10-2263] Analyzing Verilog file "D:/Vivado/code/SME309-RISCV-tmpl - 副本/vivado/top.v" into library xil_defaultlib
INFO: [VRFC 10-311] analyzing module top
INFO: [VRFC 10-2263] Analyzing Verilog file "D:/Vivado/code/SME309-RISCV-tmpl - 副本/sim/tb_top.v" into library xil_defaultlib
INFO: [VRFC 10-311] analyzing module tb_Top
INFO: [USF-XSim-69] 'compile' step finished in '2' seconds
INFO: [Vivado 12-5698] Checking validity of IPs in the design for the 'XSim' simulator...
INFO: [Vivado 12-5682] Launching behavioral simulation in 'D:/Vivado/code/SME309-RISCV-tmpl - 副本/vivado/vivado_proj.sim/sim_1/behav/xsim'
INFO: [Vivado 12-4795] Using compiled simulation libraries for IPs
INFO: [USF-XSim-3] XSim::Elaborate design
INFO: [USF-XSim-61] Executing 'ELABORATE' step in 'D:/Vivado/code/SME309-RISCV-tmpl - 副本/vivado/vivado_proj.sim/sim_1/behav/xsim'
Vivado Simulator 2017.4
Copyright 1986-1999, 2001-2016 Xilinx, Inc. All Rights Reserved.
Running: D:/Vivado/Vivado/2017.4/bin/unwrapped/win64.o/xelab.exe -wto 3e6eff3e2d4a4c50a15ac3f36e4eed88 --incr --debug typical --relax --mt 2 -L blk_mem_gen_v8_4_1 -L xil_defaultlib -L dist_mem_gen_v8_0_12 -L unisims_ver -L unimacro_ver -L secureip -L xpm --snapshot tb_Top_behav xil_defaultlib.tb_Top xil_defaultlib.glbl -log elaborate.log 
Using 2 slave threads.
Starting static elaboration
WARNING: [VRFC 10-278] actual bit length 32 differs from formal bit length 10 for port a [D:/Vivado/code/SME309-RISCV-tmpl - 副本/rtl/benchmark.v:47]
WARNING: [VRFC 10-1783] select index 62 into current_contents is out of bounds [/wrk/2017.4/nightly/2017_12_15_2086221/packages/customer/vivado/data/ip/xilinx/blk_mem_gen_v8_4/simulation/blk_mem_gen_v8_4.v:2420]
Completed static elaboration
Starting simulation data flow analysis
Completed simulation data flow analysis
Time Resolution for simulation is 1ps
Compiling module unisims_ver.IBUF
Compiling module unisims_ver.PLLE2_ADV(CLKFBOUT_MULT=17,CLKIN...
Compiling module unisims_ver.BUFG
Compiling module xil_defaultlib.pll_clk_wiz
Compiling module xil_defaultlib.pll
Compiling module xil_defaultlib.if_id
Compiling module xil_defaultlib.Decoder
Compiling module xil_defaultlib.Control
Compiling module xil_defaultlib.Extend
Compiling module xil_defaultlib.RegisterFile
Compiling module xil_defaultlib.hazard_detection_unit
Compiling module xil_defaultlib.id_ex
Compiling module xil_defaultlib.forward_unit
Compiling module xil_defaultlib.Alu
Compiling module xil_defaultlib.ex_me
Compiling module xil_defaultlib.Memdata
Compiling module xil_defaultlib.me_wb
Compiling module xil_defaultlib.ProgramCounter
Compiling module xil_defaultlib.CPU
Compiling module dist_mem_gen_v8_0_12.dist_mem_gen_v8_0_12(C_FAMILY="a...
Compiling module xil_defaultlib.IROM
Compiling module blk_mem_gen_v8_4_1.blk_mem_gen_v8_4_1_output_stage(...
Compiling module blk_mem_gen_v8_4_1.blk_mem_gen_v8_4_1_output_stage(...
Compiling module blk_mem_gen_v8_4_1.blk_mem_gen_v8_4_1_softecc_outpu...
Compiling module blk_mem_gen_v8_4_1.blk_mem_gen_v8_4_1_mem_module(C_...
Compiling module blk_mem_gen_v8_4_1.blk_mem_gen_v8_4_1(C_FAMILY="art...
Compiling module xil_defaultlib.DRAM
Compiling module xil_defaultlib.dram_driver
Compiling module xil_defaultlib.seven_seg
Compiling module xil_defaultlib.benchmark
Compiling module xil_defaultlib.top
Compiling module xil_defaultlib.tb_Top
Compiling module xil_defaultlib.glbl
Built simulation snapshot tb_Top_behav
INFO: [USF-XSim-69] 'elaborate' step finished in '3' seconds
Vivado Simulator 2017.4
Time resolution is 1 ps
WARNING: This core is supplied with a behavioral model. To model cycle-accurate behavior you must run timing simulation.
 Block Memory Generator module loading initial data...
 Block Memory Generator data initialization complete.
Block Memory Generator module tb_Top.dut.u_benchmark.dram_driver_inst.Mem_DRAM.inst.native_mem_module.blk_mem_gen_v8_4_1_inst is using a behavioral model for simulation which will not precisely model memory collision behavior.
save to testbench.wave
Warning : input CLKIN1 period and attribute CLKIN1_PERIOD on PLLE2_ADV instance tb_Top.dut.pll_inst.inst.plle2_adv_inst are not same.
relaunch_sim: Time (s): cpu = 00:00:02 ; elapsed = 00:00:07 . Memory (MB): peak = 935.473 ; gain = 0.000
relaunch_sim
INFO: [Vivado 12-5698] Checking validity of IPs in the design for the 'XSim' simulator...
INFO: [Vivado 12-5682] Launching behavioral simulation in 'D:/Vivado/code/SME309-RISCV-tmpl - 副本/vivado/vivado_proj.sim/sim_1/behav/xsim'
INFO: [Vivado 12-4795] Using compiled simulation libraries for IPs
INFO: [SIM-utils-51] Simulation object is 'sim_1'
INFO: [USF-XSim-7] Finding pre-compiled libraries...
INFO: [USF-XSim-11] File 'D:/Vivado/Vivado/2017.4/data/xsim/ip/xsim_ip.ini' copied to run dir:'D:/Vivado/code/SME309-RISCV-tmpl - 副本/vivado/vivado_proj.sim/sim_1/behav/xsim'
INFO: [SIM-utils-54] Inspecting design source files for 'tb_Top' in fileset 'sim_1'...
INFO: [SIM-utils-43] Exported 'D:/Vivado/code/SME309-RISCV-tmpl - 副本/vivado/vivado_proj.sim/sim_1/behav/xsim/DRAM.mif'
INFO: [SIM-utils-43] Exported 'D:/Vivado/code/SME309-RISCV-tmpl - 副本/vivado/vivado_proj.sim/sim_1/behav/xsim/all_test_case.coe'
INFO: [SIM-utils-43] Exported 'D:/Vivado/code/SME309-RISCV-tmpl - 副本/vivado/vivado_proj.sim/sim_1/behav/xsim/IROM.mif'
INFO: [SIM-utils-43] Exported 'D:/Vivado/code/SME309-RISCV-tmpl - 副本/vivado/vivado_proj.sim/sim_1/behav/xsim/all_test.coe'
INFO: [SIM-utils-43] Exported 'D:/Vivado/code/SME309-RISCV-tmpl - 副本/vivado/vivado_proj.sim/sim_1/behav/xsim/add_loop.coe'
INFO: [USF-XSim-97] Finding global include files...
INFO: [USF-XSim-98] Fetching design files from 'sim_1'...
INFO: [USF-XSim-2] XSim::Compile design
INFO: [USF-XSim-61] Executing 'COMPILE and ANALYZE' step in 'D:/Vivado/code/SME309-RISCV-tmpl - 副本/vivado/vivado_proj.sim/sim_1/behav/xsim'
"xvlog --incr --relax -prj tb_Top_vlog.prj"
INFO: [VRFC 10-2263] Analyzing Verilog file "D:/Vivado/code/SME309-RISCV-tmpl - 副本/vivado/vivado_proj.srcs/sources_1/ip/DRAM/sim/DRAM.v" into library xil_defaultlib
INFO: [VRFC 10-311] analyzing module DRAM
INFO: [VRFC 10-2263] Analyzing Verilog file "D:/Vivado/code/SME309-RISCV-tmpl - 副本/vivado/vivado_proj.srcs/sources_1/ip/IROM/sim/IROM.v" into library xil_defaultlib
INFO: [VRFC 10-311] analyzing module IROM
INFO: [VRFC 10-2263] Analyzing Verilog file "D:/Vivado/code/SME309-RISCV-tmpl - 副本/vivado/vivado_proj.srcs/sources_1/ip/pll/pll_clk_wiz.v" into library xil_defaultlib
INFO: [VRFC 10-311] analyzing module pll_clk_wiz
INFO: [VRFC 10-2263] Analyzing Verilog file "D:/Vivado/code/SME309-RISCV-tmpl - 副本/vivado/vivado_proj.srcs/sources_1/ip/pll/pll.v" into library xil_defaultlib
INFO: [VRFC 10-311] analyzing module pll
INFO: [VRFC 10-2263] Analyzing Verilog file "D:/Vivado/code/SME309-RISCV-tmpl - 副本/vivado/vivado_proj.srcs/sources_1/new/Alu.v" into library xil_defaultlib
INFO: [VRFC 10-311] analyzing module Alu
INFO: [VRFC 10-2263] Analyzing Verilog file "D:/Vivado/code/SME309-RISCV-tmpl - 副本/rtl/cpu/CPU_TOP.v" into library xil_defaultlib
INFO: [VRFC 10-311] analyzing module CPU
INFO: [VRFC 10-2263] Analyzing Verilog file "D:/Vivado/code/SME309-RISCV-tmpl - 副本/vivado/vivado_proj.srcs/sources_1/new/Control.v" into library xil_defaultlib
INFO: [VRFC 10-311] analyzing module Control
WARNING: [VRFC 10-2502] extra semicolon in $unit (global) scope [D:/Vivado/code/SME309-RISCV-tmpl - 副本/vivado/vivado_proj.srcs/sources_1/new/Control.v:279]
INFO: [VRFC 10-2263] Analyzing Verilog file "D:/Vivado/code/SME309-RISCV-tmpl - 副本/vivado/vivado_proj.srcs/sources_1/new/Decoder.v" into library xil_defaultlib
INFO: [VRFC 10-311] analyzing module Decoder
WARNING: [VRFC 10-2502] extra semicolon in $unit (global) scope [D:/Vivado/code/SME309-RISCV-tmpl - 副本/vivado/vivado_proj.srcs/sources_1/new/Decoder.v:19]
INFO: [VRFC 10-2263] Analyzing Verilog file "D:/Vivado/code/SME309-RISCV-tmpl - 副本/vivado/vivado_proj.srcs/sources_1/new/Extend.v" into library xil_defaultlib
INFO: [VRFC 10-311] analyzing module Extend
WARNING: [VRFC 10-2502] extra semicolon in $unit (global) scope [D:/Vivado/code/SME309-RISCV-tmpl - 副本/vivado/vivado_proj.srcs/sources_1/new/Extend.v:37]
INFO: [VRFC 10-2263] Analyzing Verilog file "D:/Vivado/code/SME309-RISCV-tmpl - 副本/vivado/vivado_proj.srcs/sources_1/new/Memdata.v" into library xil_defaultlib
INFO: [VRFC 10-311] analyzing module Memdata
INFO: [VRFC 10-2263] Analyzing Verilog file "D:/Vivado/code/SME309-RISCV-tmpl - 副本/vivado/vivado_proj.srcs/sources_1/new/ProgramCounter.v" into library xil_defaultlib
INFO: [VRFC 10-311] analyzing module ProgramCounter
INFO: [VRFC 10-2263] Analyzing Verilog file "D:/Vivado/code/SME309-RISCV-tmpl - 副本/vivado/vivado_proj.srcs/sources_1/new/RegisterFile.v" into library xil_defaultlib
INFO: [VRFC 10-311] analyzing module RegisterFile
INFO: [VRFC 10-2263] Analyzing Verilog file "D:/Vivado/code/SME309-RISCV-tmpl - 副本/rtl/benchmark.v" into library xil_defaultlib
WARNING: [VRFC 10-998] macro MEM_ADDR_START redefined [../../../../../rtl/define.v:6]
WARNING: [VRFC 10-998] macro MEM_ADDR_END redefined [../../../../../rtl/define.v:7]
INFO: [VRFC 10-311] analyzing module benchmark
INFO: [VRFC 10-2263] Analyzing Verilog file "D:/Vivado/code/SME309-RISCV-tmpl - 副本/rtl/dram_driver.v" into library xil_defaultlib
INFO: [VRFC 10-311] analyzing module dram_driver
INFO: [VRFC 10-2263] Analyzing Verilog file "D:/Vivado/code/SME309-RISCV-tmpl - 副本/vivado/vivado_proj.srcs/sources_1/new/ex_me.v" into library xil_defaultlib
INFO: [VRFC 10-311] analyzing module ex_me
INFO: [VRFC 10-2263] Analyzing Verilog file "D:/Vivado/code/SME309-RISCV-tmpl - 副本/vivado/vivado_proj.srcs/sources_1/new/forward_unit.v" into library xil_defaultlib
INFO: [VRFC 10-311] analyzing module forward_unit
INFO: [VRFC 10-2263] Analyzing Verilog file "D:/Vivado/code/SME309-RISCV-tmpl - 副本/vivado/vivado_proj.srcs/sources_1/new/hazard_detection_unit.v" into library xil_defaultlib
INFO: [VRFC 10-311] analyzing module hazard_detection_unit
INFO: [VRFC 10-2263] Analyzing Verilog file "D:/Vivado/code/SME309-RISCV-tmpl - 副本/vivado/vivado_proj.srcs/sources_1/new/id_ex.v" into library xil_defaultlib
INFO: [VRFC 10-311] analyzing module id_ex
INFO: [VRFC 10-2263] Analyzing Verilog file "D:/Vivado/code/SME309-RISCV-tmpl - 副本/vivado/vivado_proj.srcs/sources_1/new/if_id.v" into library xil_defaultlib
INFO: [VRFC 10-311] analyzing module if_id
INFO: [VRFC 10-2263] Analyzing Verilog file "D:/Vivado/code/SME309-RISCV-tmpl - 副本/vivado/vivado_proj.srcs/sources_1/new/me_wb.v" into library xil_defaultlib
INFO: [VRFC 10-311] analyzing module me_wb
INFO: [VRFC 10-2263] Analyzing Verilog file "D:/Vivado/code/SME309-RISCV-tmpl - 副本/rtl/seven_seg.v" into library xil_defaultlib
INFO: [VRFC 10-311] analyzing module seven_seg
INFO: [VRFC 10-2263] Analyzing Verilog file "D:/Vivado/code/SME309-RISCV-tmpl - 副本/vivado/top.v" into library xil_defaultlib
INFO: [VRFC 10-311] analyzing module top
INFO: [VRFC 10-2263] Analyzing Verilog file "D:/Vivado/code/SME309-RISCV-tmpl - 副本/sim/tb_top.v" into library xil_defaultlib
INFO: [VRFC 10-311] analyzing module tb_Top
INFO: [USF-XSim-69] 'compile' step finished in '1' seconds
INFO: [Vivado 12-5698] Checking validity of IPs in the design for the 'XSim' simulator...
INFO: [Vivado 12-5682] Launching behavioral simulation in 'D:/Vivado/code/SME309-RISCV-tmpl - 副本/vivado/vivado_proj.sim/sim_1/behav/xsim'
INFO: [Vivado 12-4795] Using compiled simulation libraries for IPs
INFO: [USF-XSim-3] XSim::Elaborate design
INFO: [USF-XSim-61] Executing 'ELABORATE' step in 'D:/Vivado/code/SME309-RISCV-tmpl - 副本/vivado/vivado_proj.sim/sim_1/behav/xsim'
Vivado Simulator 2017.4
Copyright 1986-1999, 2001-2016 Xilinx, Inc. All Rights Reserved.
Running: D:/Vivado/Vivado/2017.4/bin/unwrapped/win64.o/xelab.exe -wto 3e6eff3e2d4a4c50a15ac3f36e4eed88 --incr --debug typical --relax --mt 2 -L blk_mem_gen_v8_4_1 -L xil_defaultlib -L dist_mem_gen_v8_0_12 -L unisims_ver -L unimacro_ver -L secureip -L xpm --snapshot tb_Top_behav xil_defaultlib.tb_Top xil_defaultlib.glbl -log elaborate.log 
Using 2 slave threads.
Starting static elaboration
WARNING: [VRFC 10-278] actual bit length 32 differs from formal bit length 10 for port a [D:/Vivado/code/SME309-RISCV-tmpl - 副本/rtl/benchmark.v:47]
WARNING: [VRFC 10-1783] select index 62 into current_contents is out of bounds [/wrk/2017.4/nightly/2017_12_15_2086221/packages/customer/vivado/data/ip/xilinx/blk_mem_gen_v8_4/simulation/blk_mem_gen_v8_4.v:2420]
Completed static elaboration
Starting simulation data flow analysis
Completed simulation data flow analysis
Time Resolution for simulation is 1ps
Compiling module unisims_ver.IBUF
Compiling module unisims_ver.PLLE2_ADV(CLKFBOUT_MULT=17,CLKIN...
Compiling module unisims_ver.BUFG
Compiling module xil_defaultlib.pll_clk_wiz
Compiling module xil_defaultlib.pll
Compiling module xil_defaultlib.if_id
Compiling module xil_defaultlib.Decoder
Compiling module xil_defaultlib.Control
Compiling module xil_defaultlib.Extend
Compiling module xil_defaultlib.RegisterFile
Compiling module xil_defaultlib.hazard_detection_unit
Compiling module xil_defaultlib.id_ex
Compiling module xil_defaultlib.forward_unit
Compiling module xil_defaultlib.Alu
Compiling module xil_defaultlib.ex_me
Compiling module xil_defaultlib.Memdata
Compiling module xil_defaultlib.me_wb
Compiling module xil_defaultlib.ProgramCounter
Compiling module xil_defaultlib.CPU
Compiling module dist_mem_gen_v8_0_12.dist_mem_gen_v8_0_12(C_FAMILY="a...
Compiling module xil_defaultlib.IROM
Compiling module blk_mem_gen_v8_4_1.blk_mem_gen_v8_4_1_output_stage(...
Compiling module blk_mem_gen_v8_4_1.blk_mem_gen_v8_4_1_output_stage(...
Compiling module blk_mem_gen_v8_4_1.blk_mem_gen_v8_4_1_softecc_outpu...
Compiling module blk_mem_gen_v8_4_1.blk_mem_gen_v8_4_1_mem_module(C_...
Compiling module blk_mem_gen_v8_4_1.blk_mem_gen_v8_4_1(C_FAMILY="art...
Compiling module xil_defaultlib.DRAM
Compiling module xil_defaultlib.dram_driver
Compiling module xil_defaultlib.seven_seg
Compiling module xil_defaultlib.benchmark
Compiling module xil_defaultlib.top
Compiling module xil_defaultlib.tb_Top
Compiling module xil_defaultlib.glbl
Built simulation snapshot tb_Top_behav
INFO: [USF-XSim-69] 'elaborate' step finished in '3' seconds
Vivado Simulator 2017.4
Time resolution is 1 ps
WARNING: This core is supplied with a behavioral model. To model cycle-accurate behavior you must run timing simulation.
 Block Memory Generator module loading initial data...
 Block Memory Generator data initialization complete.
Block Memory Generator module tb_Top.dut.u_benchmark.dram_driver_inst.Mem_DRAM.inst.native_mem_module.blk_mem_gen_v8_4_1_inst is using a behavioral model for simulation which will not precisely model memory collision behavior.
save to testbench.wave
Warning : input CLKIN1 period and attribute CLKIN1_PERIOD on PLLE2_ADV instance tb_Top.dut.pll_inst.inst.plle2_adv_inst are not same.
relaunch_sim: Time (s): cpu = 00:00:01 ; elapsed = 00:00:07 . Memory (MB): peak = 935.473 ; gain = 0.000
run 1000 ns
run 1000 ns
run 1000 ns
relaunch_sim
INFO: [Vivado 12-5698] Checking validity of IPs in the design for the 'XSim' simulator...
INFO: [Vivado 12-5682] Launching behavioral simulation in 'D:/Vivado/code/SME309-RISCV-tmpl - 副本/vivado/vivado_proj.sim/sim_1/behav/xsim'
INFO: [Vivado 12-4795] Using compiled simulation libraries for IPs
INFO: [SIM-utils-51] Simulation object is 'sim_1'
INFO: [USF-XSim-7] Finding pre-compiled libraries...
INFO: [USF-XSim-11] File 'D:/Vivado/Vivado/2017.4/data/xsim/ip/xsim_ip.ini' copied to run dir:'D:/Vivado/code/SME309-RISCV-tmpl - 副本/vivado/vivado_proj.sim/sim_1/behav/xsim'
INFO: [SIM-utils-54] Inspecting design source files for 'tb_Top' in fileset 'sim_1'...
INFO: [SIM-utils-43] Exported 'D:/Vivado/code/SME309-RISCV-tmpl - 副本/vivado/vivado_proj.sim/sim_1/behav/xsim/DRAM.mif'
INFO: [SIM-utils-43] Exported 'D:/Vivado/code/SME309-RISCV-tmpl - 副本/vivado/vivado_proj.sim/sim_1/behav/xsim/all_test_case.coe'
INFO: [SIM-utils-43] Exported 'D:/Vivado/code/SME309-RISCV-tmpl - 副本/vivado/vivado_proj.sim/sim_1/behav/xsim/IROM.mif'
INFO: [SIM-utils-43] Exported 'D:/Vivado/code/SME309-RISCV-tmpl - 副本/vivado/vivado_proj.sim/sim_1/behav/xsim/all_test.coe'
INFO: [SIM-utils-43] Exported 'D:/Vivado/code/SME309-RISCV-tmpl - 副本/vivado/vivado_proj.sim/sim_1/behav/xsim/add_loop.coe'
INFO: [USF-XSim-97] Finding global include files...
INFO: [USF-XSim-98] Fetching design files from 'sim_1'...
INFO: [USF-XSim-2] XSim::Compile design
INFO: [USF-XSim-61] Executing 'COMPILE and ANALYZE' step in 'D:/Vivado/code/SME309-RISCV-tmpl - 副本/vivado/vivado_proj.sim/sim_1/behav/xsim'
"xvlog --incr --relax -prj tb_Top_vlog.prj"
INFO: [VRFC 10-2263] Analyzing Verilog file "D:/Vivado/code/SME309-RISCV-tmpl - 副本/vivado/vivado_proj.srcs/sources_1/ip/DRAM/sim/DRAM.v" into library xil_defaultlib
INFO: [VRFC 10-311] analyzing module DRAM
INFO: [VRFC 10-2263] Analyzing Verilog file "D:/Vivado/code/SME309-RISCV-tmpl - 副本/vivado/vivado_proj.srcs/sources_1/ip/IROM/sim/IROM.v" into library xil_defaultlib
INFO: [VRFC 10-311] analyzing module IROM
INFO: [VRFC 10-2263] Analyzing Verilog file "D:/Vivado/code/SME309-RISCV-tmpl - 副本/vivado/vivado_proj.srcs/sources_1/ip/pll/pll_clk_wiz.v" into library xil_defaultlib
INFO: [VRFC 10-311] analyzing module pll_clk_wiz
INFO: [VRFC 10-2263] Analyzing Verilog file "D:/Vivado/code/SME309-RISCV-tmpl - 副本/vivado/vivado_proj.srcs/sources_1/ip/pll/pll.v" into library xil_defaultlib
INFO: [VRFC 10-311] analyzing module pll
INFO: [VRFC 10-2263] Analyzing Verilog file "D:/Vivado/code/SME309-RISCV-tmpl - 副本/vivado/vivado_proj.srcs/sources_1/new/Alu.v" into library xil_defaultlib
INFO: [VRFC 10-311] analyzing module Alu
INFO: [VRFC 10-2263] Analyzing Verilog file "D:/Vivado/code/SME309-RISCV-tmpl - 副本/rtl/cpu/CPU_TOP.v" into library xil_defaultlib
INFO: [VRFC 10-311] analyzing module CPU
INFO: [VRFC 10-2263] Analyzing Verilog file "D:/Vivado/code/SME309-RISCV-tmpl - 副本/vivado/vivado_proj.srcs/sources_1/new/Control.v" into library xil_defaultlib
INFO: [VRFC 10-311] analyzing module Control
WARNING: [VRFC 10-2502] extra semicolon in $unit (global) scope [D:/Vivado/code/SME309-RISCV-tmpl - 副本/vivado/vivado_proj.srcs/sources_1/new/Control.v:279]
INFO: [VRFC 10-2263] Analyzing Verilog file "D:/Vivado/code/SME309-RISCV-tmpl - 副本/vivado/vivado_proj.srcs/sources_1/new/Decoder.v" into library xil_defaultlib
INFO: [VRFC 10-311] analyzing module Decoder
WARNING: [VRFC 10-2502] extra semicolon in $unit (global) scope [D:/Vivado/code/SME309-RISCV-tmpl - 副本/vivado/vivado_proj.srcs/sources_1/new/Decoder.v:19]
INFO: [VRFC 10-2263] Analyzing Verilog file "D:/Vivado/code/SME309-RISCV-tmpl - 副本/vivado/vivado_proj.srcs/sources_1/new/Extend.v" into library xil_defaultlib
INFO: [VRFC 10-311] analyzing module Extend
WARNING: [VRFC 10-2502] extra semicolon in $unit (global) scope [D:/Vivado/code/SME309-RISCV-tmpl - 副本/vivado/vivado_proj.srcs/sources_1/new/Extend.v:37]
INFO: [VRFC 10-2263] Analyzing Verilog file "D:/Vivado/code/SME309-RISCV-tmpl - 副本/vivado/vivado_proj.srcs/sources_1/new/Memdata.v" into library xil_defaultlib
INFO: [VRFC 10-311] analyzing module Memdata
INFO: [VRFC 10-2263] Analyzing Verilog file "D:/Vivado/code/SME309-RISCV-tmpl - 副本/vivado/vivado_proj.srcs/sources_1/new/ProgramCounter.v" into library xil_defaultlib
INFO: [VRFC 10-311] analyzing module ProgramCounter
INFO: [VRFC 10-2263] Analyzing Verilog file "D:/Vivado/code/SME309-RISCV-tmpl - 副本/vivado/vivado_proj.srcs/sources_1/new/RegisterFile.v" into library xil_defaultlib
INFO: [VRFC 10-311] analyzing module RegisterFile
INFO: [VRFC 10-2263] Analyzing Verilog file "D:/Vivado/code/SME309-RISCV-tmpl - 副本/rtl/benchmark.v" into library xil_defaultlib
WARNING: [VRFC 10-998] macro MEM_ADDR_START redefined [../../../../../rtl/define.v:6]
WARNING: [VRFC 10-998] macro MEM_ADDR_END redefined [../../../../../rtl/define.v:7]
INFO: [VRFC 10-311] analyzing module benchmark
INFO: [VRFC 10-2263] Analyzing Verilog file "D:/Vivado/code/SME309-RISCV-tmpl - 副本/rtl/dram_driver.v" into library xil_defaultlib
INFO: [VRFC 10-311] analyzing module dram_driver
INFO: [VRFC 10-2263] Analyzing Verilog file "D:/Vivado/code/SME309-RISCV-tmpl - 副本/vivado/vivado_proj.srcs/sources_1/new/ex_me.v" into library xil_defaultlib
INFO: [VRFC 10-311] analyzing module ex_me
INFO: [VRFC 10-2263] Analyzing Verilog file "D:/Vivado/code/SME309-RISCV-tmpl - 副本/vivado/vivado_proj.srcs/sources_1/new/forward_unit.v" into library xil_defaultlib
INFO: [VRFC 10-311] analyzing module forward_unit
INFO: [VRFC 10-2263] Analyzing Verilog file "D:/Vivado/code/SME309-RISCV-tmpl - 副本/vivado/vivado_proj.srcs/sources_1/new/hazard_detection_unit.v" into library xil_defaultlib
INFO: [VRFC 10-311] analyzing module hazard_detection_unit
INFO: [VRFC 10-2263] Analyzing Verilog file "D:/Vivado/code/SME309-RISCV-tmpl - 副本/vivado/vivado_proj.srcs/sources_1/new/id_ex.v" into library xil_defaultlib
INFO: [VRFC 10-311] analyzing module id_ex
INFO: [VRFC 10-2263] Analyzing Verilog file "D:/Vivado/code/SME309-RISCV-tmpl - 副本/vivado/vivado_proj.srcs/sources_1/new/if_id.v" into library xil_defaultlib
INFO: [VRFC 10-311] analyzing module if_id
INFO: [VRFC 10-2263] Analyzing Verilog file "D:/Vivado/code/SME309-RISCV-tmpl - 副本/vivado/vivado_proj.srcs/sources_1/new/me_wb.v" into library xil_defaultlib
INFO: [VRFC 10-311] analyzing module me_wb
INFO: [VRFC 10-2263] Analyzing Verilog file "D:/Vivado/code/SME309-RISCV-tmpl - 副本/rtl/seven_seg.v" into library xil_defaultlib
INFO: [VRFC 10-311] analyzing module seven_seg
INFO: [VRFC 10-2263] Analyzing Verilog file "D:/Vivado/code/SME309-RISCV-tmpl - 副本/vivado/top.v" into library xil_defaultlib
INFO: [VRFC 10-311] analyzing module top
INFO: [VRFC 10-2263] Analyzing Verilog file "D:/Vivado/code/SME309-RISCV-tmpl - 副本/sim/tb_top.v" into library xil_defaultlib
INFO: [VRFC 10-311] analyzing module tb_Top
INFO: [USF-XSim-69] 'compile' step finished in '1' seconds
INFO: [Vivado 12-5698] Checking validity of IPs in the design for the 'XSim' simulator...
INFO: [Vivado 12-5682] Launching behavioral simulation in 'D:/Vivado/code/SME309-RISCV-tmpl - 副本/vivado/vivado_proj.sim/sim_1/behav/xsim'
INFO: [Vivado 12-4795] Using compiled simulation libraries for IPs
INFO: [USF-XSim-3] XSim::Elaborate design
INFO: [USF-XSim-61] Executing 'ELABORATE' step in 'D:/Vivado/code/SME309-RISCV-tmpl - 副本/vivado/vivado_proj.sim/sim_1/behav/xsim'
Vivado Simulator 2017.4
Copyright 1986-1999, 2001-2016 Xilinx, Inc. All Rights Reserved.
Running: D:/Vivado/Vivado/2017.4/bin/unwrapped/win64.o/xelab.exe -wto 3e6eff3e2d4a4c50a15ac3f36e4eed88 --incr --debug typical --relax --mt 2 -L blk_mem_gen_v8_4_1 -L xil_defaultlib -L dist_mem_gen_v8_0_12 -L unisims_ver -L unimacro_ver -L secureip -L xpm --snapshot tb_Top_behav xil_defaultlib.tb_Top xil_defaultlib.glbl -log elaborate.log 
Using 2 slave threads.
Starting static elaboration
WARNING: [VRFC 10-278] actual bit length 32 differs from formal bit length 10 for port a [D:/Vivado/code/SME309-RISCV-tmpl - 副本/rtl/benchmark.v:47]
WARNING: [VRFC 10-1783] select index 62 into current_contents is out of bounds [/wrk/2017.4/nightly/2017_12_15_2086221/packages/customer/vivado/data/ip/xilinx/blk_mem_gen_v8_4/simulation/blk_mem_gen_v8_4.v:2420]
Completed static elaboration
Starting simulation data flow analysis
Completed simulation data flow analysis
Time Resolution for simulation is 1ps
Compiling module unisims_ver.IBUF
Compiling module unisims_ver.PLLE2_ADV(CLKFBOUT_MULT=17,CLKIN...
Compiling module unisims_ver.BUFG
Compiling module xil_defaultlib.pll_clk_wiz
Compiling module xil_defaultlib.pll
Compiling module xil_defaultlib.if_id
Compiling module xil_defaultlib.Decoder
Compiling module xil_defaultlib.Control
Compiling module xil_defaultlib.Extend
Compiling module xil_defaultlib.RegisterFile
Compiling module xil_defaultlib.hazard_detection_unit
Compiling module xil_defaultlib.id_ex
Compiling module xil_defaultlib.forward_unit
Compiling module xil_defaultlib.Alu
Compiling module xil_defaultlib.ex_me
Compiling module xil_defaultlib.Memdata
Compiling module xil_defaultlib.me_wb
Compiling module xil_defaultlib.ProgramCounter
Compiling module xil_defaultlib.CPU
Compiling module dist_mem_gen_v8_0_12.dist_mem_gen_v8_0_12(C_FAMILY="a...
Compiling module xil_defaultlib.IROM
Compiling module blk_mem_gen_v8_4_1.blk_mem_gen_v8_4_1_output_stage(...
Compiling module blk_mem_gen_v8_4_1.blk_mem_gen_v8_4_1_output_stage(...
Compiling module blk_mem_gen_v8_4_1.blk_mem_gen_v8_4_1_softecc_outpu...
Compiling module blk_mem_gen_v8_4_1.blk_mem_gen_v8_4_1_mem_module(C_...
Compiling module blk_mem_gen_v8_4_1.blk_mem_gen_v8_4_1(C_FAMILY="art...
Compiling module xil_defaultlib.DRAM
Compiling module xil_defaultlib.dram_driver
Compiling module xil_defaultlib.seven_seg
Compiling module xil_defaultlib.benchmark
Compiling module xil_defaultlib.top
Compiling module xil_defaultlib.tb_Top
Compiling module xil_defaultlib.glbl
Built simulation snapshot tb_Top_behav
INFO: [USF-XSim-69] 'elaborate' step finished in '4' seconds
Vivado Simulator 2017.4
Time resolution is 1 ps
WARNING: This core is supplied with a behavioral model. To model cycle-accurate behavior you must run timing simulation.
 Block Memory Generator module loading initial data...
 Block Memory Generator data initialization complete.
Block Memory Generator module tb_Top.dut.u_benchmark.dram_driver_inst.Mem_DRAM.inst.native_mem_module.blk_mem_gen_v8_4_1_inst is using a behavioral model for simulation which will not precisely model memory collision behavior.
save to testbench.wave
Warning : input CLKIN1 period and attribute CLKIN1_PERIOD on PLLE2_ADV instance tb_Top.dut.pll_inst.inst.plle2_adv_inst are not same.
relaunch_sim: Time (s): cpu = 00:00:01 ; elapsed = 00:00:09 . Memory (MB): peak = 935.473 ; gain = 0.000
run 1000 ns
run 1000 ns
relaunch_sim
INFO: [Vivado 12-5698] Checking validity of IPs in the design for the 'XSim' simulator...
INFO: [Vivado 12-5682] Launching behavioral simulation in 'D:/Vivado/code/SME309-RISCV-tmpl - 副本/vivado/vivado_proj.sim/sim_1/behav/xsim'
INFO: [Vivado 12-4795] Using compiled simulation libraries for IPs
INFO: [SIM-utils-51] Simulation object is 'sim_1'
INFO: [USF-XSim-7] Finding pre-compiled libraries...
INFO: [USF-XSim-11] File 'D:/Vivado/Vivado/2017.4/data/xsim/ip/xsim_ip.ini' copied to run dir:'D:/Vivado/code/SME309-RISCV-tmpl - 副本/vivado/vivado_proj.sim/sim_1/behav/xsim'
INFO: [SIM-utils-54] Inspecting design source files for 'tb_Top' in fileset 'sim_1'...
INFO: [SIM-utils-43] Exported 'D:/Vivado/code/SME309-RISCV-tmpl - 副本/vivado/vivado_proj.sim/sim_1/behav/xsim/DRAM.mif'
INFO: [SIM-utils-43] Exported 'D:/Vivado/code/SME309-RISCV-tmpl - 副本/vivado/vivado_proj.sim/sim_1/behav/xsim/all_test_case.coe'
INFO: [SIM-utils-43] Exported 'D:/Vivado/code/SME309-RISCV-tmpl - 副本/vivado/vivado_proj.sim/sim_1/behav/xsim/IROM.mif'
INFO: [SIM-utils-43] Exported 'D:/Vivado/code/SME309-RISCV-tmpl - 副本/vivado/vivado_proj.sim/sim_1/behav/xsim/all_test.coe'
INFO: [SIM-utils-43] Exported 'D:/Vivado/code/SME309-RISCV-tmpl - 副本/vivado/vivado_proj.sim/sim_1/behav/xsim/add_loop.coe'
INFO: [USF-XSim-97] Finding global include files...
INFO: [USF-XSim-98] Fetching design files from 'sim_1'...
INFO: [USF-XSim-2] XSim::Compile design
INFO: [USF-XSim-61] Executing 'COMPILE and ANALYZE' step in 'D:/Vivado/code/SME309-RISCV-tmpl - 副本/vivado/vivado_proj.sim/sim_1/behav/xsim'
"xvlog --incr --relax -prj tb_Top_vlog.prj"
INFO: [VRFC 10-2263] Analyzing Verilog file "D:/Vivado/code/SME309-RISCV-tmpl - 副本/vivado/vivado_proj.srcs/sources_1/ip/DRAM/sim/DRAM.v" into library xil_defaultlib
INFO: [VRFC 10-311] analyzing module DRAM
INFO: [VRFC 10-2263] Analyzing Verilog file "D:/Vivado/code/SME309-RISCV-tmpl - 副本/vivado/vivado_proj.srcs/sources_1/ip/IROM/sim/IROM.v" into library xil_defaultlib
INFO: [VRFC 10-311] analyzing module IROM
INFO: [VRFC 10-2263] Analyzing Verilog file "D:/Vivado/code/SME309-RISCV-tmpl - 副本/vivado/vivado_proj.srcs/sources_1/ip/pll/pll_clk_wiz.v" into library xil_defaultlib
INFO: [VRFC 10-311] analyzing module pll_clk_wiz
INFO: [VRFC 10-2263] Analyzing Verilog file "D:/Vivado/code/SME309-RISCV-tmpl - 副本/vivado/vivado_proj.srcs/sources_1/ip/pll/pll.v" into library xil_defaultlib
INFO: [VRFC 10-311] analyzing module pll
INFO: [VRFC 10-2263] Analyzing Verilog file "D:/Vivado/code/SME309-RISCV-tmpl - 副本/vivado/vivado_proj.srcs/sources_1/new/Alu.v" into library xil_defaultlib
INFO: [VRFC 10-311] analyzing module Alu
INFO: [VRFC 10-2263] Analyzing Verilog file "D:/Vivado/code/SME309-RISCV-tmpl - 副本/rtl/cpu/CPU_TOP.v" into library xil_defaultlib
INFO: [VRFC 10-311] analyzing module CPU
ERROR: [VRFC 10-91] wb_rdData is not declared [D:/Vivado/code/SME309-RISCV-tmpl - 副本/rtl/cpu/CPU_TOP.v:248]
ERROR: [VRFC 10-91] wb_rdData is not declared [D:/Vivado/code/SME309-RISCV-tmpl - 副本/rtl/cpu/CPU_TOP.v:249]
ERROR: [VRFC 10-1040] module CPU ignored due to previous errors [D:/Vivado/code/SME309-RISCV-tmpl - 副本/rtl/cpu/CPU_TOP.v:3]
INFO: [USF-XSim-69] 'compile' step finished in '1' seconds
INFO: [USF-XSim-99] Step results log file:'D:/Vivado/code/SME309-RISCV-tmpl - 副本/vivado/vivado_proj.sim/sim_1/behav/xsim/xvlog.log'
ERROR: [USF-XSim-62] 'compile' step failed with error(s). Please check the Tcl console output or 'D:/Vivado/code/SME309-RISCV-tmpl - 副本/vivado/vivado_proj.sim/sim_1/behav/xsim/xvlog.log' file for more information.
ERROR: [Vivado 12-4473] Detected error while running simulation. Please correct the issue and retry this operation.
ERROR: [Common 17-39] 'launch_simulation' failed due to earlier errors.
ERROR: [Common 17-69] Command failed: ERROR: [Common 17-39] 'launch_simulation' failed due to earlier errors.

relaunch_sim
INFO: [Vivado 12-5698] Checking validity of IPs in the design for the 'XSim' simulator...
INFO: [Vivado 12-5682] Launching behavioral simulation in 'D:/Vivado/code/SME309-RISCV-tmpl - 副本/vivado/vivado_proj.sim/sim_1/behav/xsim'
INFO: [Vivado 12-4795] Using compiled simulation libraries for IPs
INFO: [SIM-utils-51] Simulation object is 'sim_1'
INFO: [USF-XSim-7] Finding pre-compiled libraries...
INFO: [USF-XSim-11] File 'D:/Vivado/Vivado/2017.4/data/xsim/ip/xsim_ip.ini' copied to run dir:'D:/Vivado/code/SME309-RISCV-tmpl - 副本/vivado/vivado_proj.sim/sim_1/behav/xsim'
INFO: [SIM-utils-54] Inspecting design source files for 'tb_Top' in fileset 'sim_1'...
INFO: [SIM-utils-43] Exported 'D:/Vivado/code/SME309-RISCV-tmpl - 副本/vivado/vivado_proj.sim/sim_1/behav/xsim/DRAM.mif'
INFO: [SIM-utils-43] Exported 'D:/Vivado/code/SME309-RISCV-tmpl - 副本/vivado/vivado_proj.sim/sim_1/behav/xsim/all_test_case.coe'
INFO: [SIM-utils-43] Exported 'D:/Vivado/code/SME309-RISCV-tmpl - 副本/vivado/vivado_proj.sim/sim_1/behav/xsim/IROM.mif'
INFO: [SIM-utils-43] Exported 'D:/Vivado/code/SME309-RISCV-tmpl - 副本/vivado/vivado_proj.sim/sim_1/behav/xsim/all_test.coe'
INFO: [SIM-utils-43] Exported 'D:/Vivado/code/SME309-RISCV-tmpl - 副本/vivado/vivado_proj.sim/sim_1/behav/xsim/add_loop.coe'
INFO: [USF-XSim-97] Finding global include files...
INFO: [USF-XSim-98] Fetching design files from 'sim_1'...
INFO: [USF-XSim-2] XSim::Compile design
INFO: [USF-XSim-61] Executing 'COMPILE and ANALYZE' step in 'D:/Vivado/code/SME309-RISCV-tmpl - 副本/vivado/vivado_proj.sim/sim_1/behav/xsim'
"xvlog --incr --relax -prj tb_Top_vlog.prj"
INFO: [VRFC 10-2263] Analyzing Verilog file "D:/Vivado/code/SME309-RISCV-tmpl - 副本/vivado/vivado_proj.srcs/sources_1/ip/DRAM/sim/DRAM.v" into library xil_defaultlib
INFO: [VRFC 10-311] analyzing module DRAM
INFO: [VRFC 10-2263] Analyzing Verilog file "D:/Vivado/code/SME309-RISCV-tmpl - 副本/vivado/vivado_proj.srcs/sources_1/ip/IROM/sim/IROM.v" into library xil_defaultlib
INFO: [VRFC 10-311] analyzing module IROM
INFO: [VRFC 10-2263] Analyzing Verilog file "D:/Vivado/code/SME309-RISCV-tmpl - 副本/vivado/vivado_proj.srcs/sources_1/ip/pll/pll_clk_wiz.v" into library xil_defaultlib
INFO: [VRFC 10-311] analyzing module pll_clk_wiz
INFO: [VRFC 10-2263] Analyzing Verilog file "D:/Vivado/code/SME309-RISCV-tmpl - 副本/vivado/vivado_proj.srcs/sources_1/ip/pll/pll.v" into library xil_defaultlib
INFO: [VRFC 10-311] analyzing module pll
INFO: [VRFC 10-2263] Analyzing Verilog file "D:/Vivado/code/SME309-RISCV-tmpl - 副本/vivado/vivado_proj.srcs/sources_1/new/Alu.v" into library xil_defaultlib
INFO: [VRFC 10-311] analyzing module Alu
INFO: [VRFC 10-2263] Analyzing Verilog file "D:/Vivado/code/SME309-RISCV-tmpl - 副本/rtl/cpu/CPU_TOP.v" into library xil_defaultlib
INFO: [VRFC 10-311] analyzing module CPU
ERROR: [VRFC 10-91] wb_rdData is not declared [D:/Vivado/code/SME309-RISCV-tmpl - 副本/rtl/cpu/CPU_TOP.v:248]
ERROR: [VRFC 10-91] wb_rdData is not declared [D:/Vivado/code/SME309-RISCV-tmpl - 副本/rtl/cpu/CPU_TOP.v:249]
ERROR: [VRFC 10-1040] module CPU ignored due to previous errors [D:/Vivado/code/SME309-RISCV-tmpl - 副本/rtl/cpu/CPU_TOP.v:3]
INFO: [USF-XSim-69] 'compile' step finished in '1' seconds
INFO: [USF-XSim-99] Step results log file:'D:/Vivado/code/SME309-RISCV-tmpl - 副本/vivado/vivado_proj.sim/sim_1/behav/xsim/xvlog.log'
ERROR: [USF-XSim-62] 'compile' step failed with error(s). Please check the Tcl console output or 'D:/Vivado/code/SME309-RISCV-tmpl - 副本/vivado/vivado_proj.sim/sim_1/behav/xsim/xvlog.log' file for more information.
ERROR: [Vivado 12-4473] Detected error while running simulation. Please correct the issue and retry this operation.
ERROR: [Common 17-39] 'launch_simulation' failed due to earlier errors.
ERROR: [Common 17-69] Command failed: ERROR: [Common 17-39] 'launch_simulation' failed due to earlier errors.

relaunch_sim
INFO: [Vivado 12-5698] Checking validity of IPs in the design for the 'XSim' simulator...
INFO: [Vivado 12-5682] Launching behavioral simulation in 'D:/Vivado/code/SME309-RISCV-tmpl - 副本/vivado/vivado_proj.sim/sim_1/behav/xsim'
INFO: [Vivado 12-4795] Using compiled simulation libraries for IPs
INFO: [SIM-utils-51] Simulation object is 'sim_1'
INFO: [USF-XSim-7] Finding pre-compiled libraries...
INFO: [USF-XSim-11] File 'D:/Vivado/Vivado/2017.4/data/xsim/ip/xsim_ip.ini' copied to run dir:'D:/Vivado/code/SME309-RISCV-tmpl - 副本/vivado/vivado_proj.sim/sim_1/behav/xsim'
INFO: [SIM-utils-54] Inspecting design source files for 'tb_Top' in fileset 'sim_1'...
INFO: [SIM-utils-43] Exported 'D:/Vivado/code/SME309-RISCV-tmpl - 副本/vivado/vivado_proj.sim/sim_1/behav/xsim/DRAM.mif'
INFO: [SIM-utils-43] Exported 'D:/Vivado/code/SME309-RISCV-tmpl - 副本/vivado/vivado_proj.sim/sim_1/behav/xsim/all_test_case.coe'
INFO: [SIM-utils-43] Exported 'D:/Vivado/code/SME309-RISCV-tmpl - 副本/vivado/vivado_proj.sim/sim_1/behav/xsim/IROM.mif'
INFO: [SIM-utils-43] Exported 'D:/Vivado/code/SME309-RISCV-tmpl - 副本/vivado/vivado_proj.sim/sim_1/behav/xsim/all_test.coe'
INFO: [SIM-utils-43] Exported 'D:/Vivado/code/SME309-RISCV-tmpl - 副本/vivado/vivado_proj.sim/sim_1/behav/xsim/add_loop.coe'
INFO: [USF-XSim-97] Finding global include files...
INFO: [USF-XSim-98] Fetching design files from 'sim_1'...
INFO: [USF-XSim-2] XSim::Compile design
INFO: [USF-XSim-61] Executing 'COMPILE and ANALYZE' step in 'D:/Vivado/code/SME309-RISCV-tmpl - 副本/vivado/vivado_proj.sim/sim_1/behav/xsim'
"xvlog --incr --relax -prj tb_Top_vlog.prj"
INFO: [VRFC 10-2263] Analyzing Verilog file "D:/Vivado/code/SME309-RISCV-tmpl - 副本/vivado/vivado_proj.srcs/sources_1/ip/DRAM/sim/DRAM.v" into library xil_defaultlib
INFO: [VRFC 10-311] analyzing module DRAM
INFO: [VRFC 10-2263] Analyzing Verilog file "D:/Vivado/code/SME309-RISCV-tmpl - 副本/vivado/vivado_proj.srcs/sources_1/ip/IROM/sim/IROM.v" into library xil_defaultlib
INFO: [VRFC 10-311] analyzing module IROM
INFO: [VRFC 10-2263] Analyzing Verilog file "D:/Vivado/code/SME309-RISCV-tmpl - 副本/vivado/vivado_proj.srcs/sources_1/ip/pll/pll_clk_wiz.v" into library xil_defaultlib
INFO: [VRFC 10-311] analyzing module pll_clk_wiz
INFO: [VRFC 10-2263] Analyzing Verilog file "D:/Vivado/code/SME309-RISCV-tmpl - 副本/vivado/vivado_proj.srcs/sources_1/ip/pll/pll.v" into library xil_defaultlib
INFO: [VRFC 10-311] analyzing module pll
INFO: [VRFC 10-2263] Analyzing Verilog file "D:/Vivado/code/SME309-RISCV-tmpl - 副本/vivado/vivado_proj.srcs/sources_1/new/Alu.v" into library xil_defaultlib
INFO: [VRFC 10-311] analyzing module Alu
INFO: [VRFC 10-2263] Analyzing Verilog file "D:/Vivado/code/SME309-RISCV-tmpl - 副本/rtl/cpu/CPU_TOP.v" into library xil_defaultlib
INFO: [VRFC 10-311] analyzing module CPU
ERROR: [VRFC 10-91] wb_RD3 is not declared [D:/Vivado/code/SME309-RISCV-tmpl - 副本/rtl/cpu/CPU_TOP.v:248]
ERROR: [VRFC 10-91] wb_RD3 is not declared [D:/Vivado/code/SME309-RISCV-tmpl - 副本/rtl/cpu/CPU_TOP.v:249]
ERROR: [VRFC 10-1040] module CPU ignored due to previous errors [D:/Vivado/code/SME309-RISCV-tmpl - 副本/rtl/cpu/CPU_TOP.v:3]
INFO: [USF-XSim-69] 'compile' step finished in '1' seconds
INFO: [USF-XSim-99] Step results log file:'D:/Vivado/code/SME309-RISCV-tmpl - 副本/vivado/vivado_proj.sim/sim_1/behav/xsim/xvlog.log'
ERROR: [USF-XSim-62] 'compile' step failed with error(s). Please check the Tcl console output or 'D:/Vivado/code/SME309-RISCV-tmpl - 副本/vivado/vivado_proj.sim/sim_1/behav/xsim/xvlog.log' file for more information.
ERROR: [Vivado 12-4473] Detected error while running simulation. Please correct the issue and retry this operation.
ERROR: [Common 17-39] 'launch_simulation' failed due to earlier errors.
ERROR: [Common 17-69] Command failed: ERROR: [Common 17-39] 'launch_simulation' failed due to earlier errors.

relaunch_sim
INFO: [Vivado 12-5698] Checking validity of IPs in the design for the 'XSim' simulator...
INFO: [Vivado 12-5682] Launching behavioral simulation in 'D:/Vivado/code/SME309-RISCV-tmpl - 副本/vivado/vivado_proj.sim/sim_1/behav/xsim'
INFO: [Vivado 12-4795] Using compiled simulation libraries for IPs
INFO: [SIM-utils-51] Simulation object is 'sim_1'
INFO: [USF-XSim-7] Finding pre-compiled libraries...
INFO: [USF-XSim-11] File 'D:/Vivado/Vivado/2017.4/data/xsim/ip/xsim_ip.ini' copied to run dir:'D:/Vivado/code/SME309-RISCV-tmpl - 副本/vivado/vivado_proj.sim/sim_1/behav/xsim'
INFO: [SIM-utils-54] Inspecting design source files for 'tb_Top' in fileset 'sim_1'...
INFO: [SIM-utils-43] Exported 'D:/Vivado/code/SME309-RISCV-tmpl - 副本/vivado/vivado_proj.sim/sim_1/behav/xsim/DRAM.mif'
INFO: [SIM-utils-43] Exported 'D:/Vivado/code/SME309-RISCV-tmpl - 副本/vivado/vivado_proj.sim/sim_1/behav/xsim/all_test_case.coe'
INFO: [SIM-utils-43] Exported 'D:/Vivado/code/SME309-RISCV-tmpl - 副本/vivado/vivado_proj.sim/sim_1/behav/xsim/IROM.mif'
INFO: [SIM-utils-43] Exported 'D:/Vivado/code/SME309-RISCV-tmpl - 副本/vivado/vivado_proj.sim/sim_1/behav/xsim/all_test.coe'
INFO: [SIM-utils-43] Exported 'D:/Vivado/code/SME309-RISCV-tmpl - 副本/vivado/vivado_proj.sim/sim_1/behav/xsim/add_loop.coe'
INFO: [USF-XSim-97] Finding global include files...
INFO: [USF-XSim-98] Fetching design files from 'sim_1'...
INFO: [USF-XSim-2] XSim::Compile design
INFO: [USF-XSim-61] Executing 'COMPILE and ANALYZE' step in 'D:/Vivado/code/SME309-RISCV-tmpl - 副本/vivado/vivado_proj.sim/sim_1/behav/xsim'
"xvlog --incr --relax -prj tb_Top_vlog.prj"
INFO: [VRFC 10-2263] Analyzing Verilog file "D:/Vivado/code/SME309-RISCV-tmpl - 副本/vivado/vivado_proj.srcs/sources_1/ip/DRAM/sim/DRAM.v" into library xil_defaultlib
INFO: [VRFC 10-311] analyzing module DRAM
INFO: [VRFC 10-2263] Analyzing Verilog file "D:/Vivado/code/SME309-RISCV-tmpl - 副本/vivado/vivado_proj.srcs/sources_1/ip/IROM/sim/IROM.v" into library xil_defaultlib
INFO: [VRFC 10-311] analyzing module IROM
INFO: [VRFC 10-2263] Analyzing Verilog file "D:/Vivado/code/SME309-RISCV-tmpl - 副本/vivado/vivado_proj.srcs/sources_1/ip/pll/pll_clk_wiz.v" into library xil_defaultlib
INFO: [VRFC 10-311] analyzing module pll_clk_wiz
INFO: [VRFC 10-2263] Analyzing Verilog file "D:/Vivado/code/SME309-RISCV-tmpl - 副本/vivado/vivado_proj.srcs/sources_1/ip/pll/pll.v" into library xil_defaultlib
INFO: [VRFC 10-311] analyzing module pll
INFO: [VRFC 10-2263] Analyzing Verilog file "D:/Vivado/code/SME309-RISCV-tmpl - 副本/vivado/vivado_proj.srcs/sources_1/new/Alu.v" into library xil_defaultlib
INFO: [VRFC 10-311] analyzing module Alu
INFO: [VRFC 10-2263] Analyzing Verilog file "D:/Vivado/code/SME309-RISCV-tmpl - 副本/rtl/cpu/CPU_TOP.v" into library xil_defaultlib
INFO: [VRFC 10-311] analyzing module CPU
INFO: [VRFC 10-2263] Analyzing Verilog file "D:/Vivado/code/SME309-RISCV-tmpl - 副本/vivado/vivado_proj.srcs/sources_1/new/Control.v" into library xil_defaultlib
INFO: [VRFC 10-311] analyzing module Control
WARNING: [VRFC 10-2502] extra semicolon in $unit (global) scope [D:/Vivado/code/SME309-RISCV-tmpl - 副本/vivado/vivado_proj.srcs/sources_1/new/Control.v:279]
INFO: [VRFC 10-2263] Analyzing Verilog file "D:/Vivado/code/SME309-RISCV-tmpl - 副本/vivado/vivado_proj.srcs/sources_1/new/Decoder.v" into library xil_defaultlib
INFO: [VRFC 10-311] analyzing module Decoder
WARNING: [VRFC 10-2502] extra semicolon in $unit (global) scope [D:/Vivado/code/SME309-RISCV-tmpl - 副本/vivado/vivado_proj.srcs/sources_1/new/Decoder.v:19]
INFO: [VRFC 10-2263] Analyzing Verilog file "D:/Vivado/code/SME309-RISCV-tmpl - 副本/vivado/vivado_proj.srcs/sources_1/new/Extend.v" into library xil_defaultlib
INFO: [VRFC 10-311] analyzing module Extend
WARNING: [VRFC 10-2502] extra semicolon in $unit (global) scope [D:/Vivado/code/SME309-RISCV-tmpl - 副本/vivado/vivado_proj.srcs/sources_1/new/Extend.v:37]
INFO: [VRFC 10-2263] Analyzing Verilog file "D:/Vivado/code/SME309-RISCV-tmpl - 副本/vivado/vivado_proj.srcs/sources_1/new/Memdata.v" into library xil_defaultlib
INFO: [VRFC 10-311] analyzing module Memdata
INFO: [VRFC 10-2263] Analyzing Verilog file "D:/Vivado/code/SME309-RISCV-tmpl - 副本/vivado/vivado_proj.srcs/sources_1/new/ProgramCounter.v" into library xil_defaultlib
INFO: [VRFC 10-311] analyzing module ProgramCounter
INFO: [VRFC 10-2263] Analyzing Verilog file "D:/Vivado/code/SME309-RISCV-tmpl - 副本/vivado/vivado_proj.srcs/sources_1/new/RegisterFile.v" into library xil_defaultlib
INFO: [VRFC 10-311] analyzing module RegisterFile
INFO: [VRFC 10-2263] Analyzing Verilog file "D:/Vivado/code/SME309-RISCV-tmpl - 副本/rtl/benchmark.v" into library xil_defaultlib
WARNING: [VRFC 10-998] macro MEM_ADDR_START redefined [../../../../../rtl/define.v:6]
WARNING: [VRFC 10-998] macro MEM_ADDR_END redefined [../../../../../rtl/define.v:7]
INFO: [VRFC 10-311] analyzing module benchmark
INFO: [VRFC 10-2263] Analyzing Verilog file "D:/Vivado/code/SME309-RISCV-tmpl - 副本/rtl/dram_driver.v" into library xil_defaultlib
INFO: [VRFC 10-311] analyzing module dram_driver
INFO: [VRFC 10-2263] Analyzing Verilog file "D:/Vivado/code/SME309-RISCV-tmpl - 副本/vivado/vivado_proj.srcs/sources_1/new/ex_me.v" into library xil_defaultlib
INFO: [VRFC 10-311] analyzing module ex_me
INFO: [VRFC 10-2263] Analyzing Verilog file "D:/Vivado/code/SME309-RISCV-tmpl - 副本/vivado/vivado_proj.srcs/sources_1/new/forward_unit.v" into library xil_defaultlib
INFO: [VRFC 10-311] analyzing module forward_unit
INFO: [VRFC 10-2263] Analyzing Verilog file "D:/Vivado/code/SME309-RISCV-tmpl - 副本/vivado/vivado_proj.srcs/sources_1/new/hazard_detection_unit.v" into library xil_defaultlib
INFO: [VRFC 10-311] analyzing module hazard_detection_unit
INFO: [VRFC 10-2263] Analyzing Verilog file "D:/Vivado/code/SME309-RISCV-tmpl - 副本/vivado/vivado_proj.srcs/sources_1/new/id_ex.v" into library xil_defaultlib
INFO: [VRFC 10-311] analyzing module id_ex
INFO: [VRFC 10-2263] Analyzing Verilog file "D:/Vivado/code/SME309-RISCV-tmpl - 副本/vivado/vivado_proj.srcs/sources_1/new/if_id.v" into library xil_defaultlib
INFO: [VRFC 10-311] analyzing module if_id
INFO: [VRFC 10-2263] Analyzing Verilog file "D:/Vivado/code/SME309-RISCV-tmpl - 副本/vivado/vivado_proj.srcs/sources_1/new/me_wb.v" into library xil_defaultlib
INFO: [VRFC 10-311] analyzing module me_wb
INFO: [VRFC 10-2263] Analyzing Verilog file "D:/Vivado/code/SME309-RISCV-tmpl - 副本/rtl/seven_seg.v" into library xil_defaultlib
INFO: [VRFC 10-311] analyzing module seven_seg
INFO: [VRFC 10-2263] Analyzing Verilog file "D:/Vivado/code/SME309-RISCV-tmpl - 副本/vivado/top.v" into library xil_defaultlib
INFO: [VRFC 10-311] analyzing module top
INFO: [VRFC 10-2263] Analyzing Verilog file "D:/Vivado/code/SME309-RISCV-tmpl - 副本/sim/tb_top.v" into library xil_defaultlib
INFO: [VRFC 10-311] analyzing module tb_Top
INFO: [USF-XSim-69] 'compile' step finished in '1' seconds
INFO: [Vivado 12-5698] Checking validity of IPs in the design for the 'XSim' simulator...
INFO: [Vivado 12-5682] Launching behavioral simulation in 'D:/Vivado/code/SME309-RISCV-tmpl - 副本/vivado/vivado_proj.sim/sim_1/behav/xsim'
INFO: [Vivado 12-4795] Using compiled simulation libraries for IPs
INFO: [USF-XSim-3] XSim::Elaborate design
INFO: [USF-XSim-61] Executing 'ELABORATE' step in 'D:/Vivado/code/SME309-RISCV-tmpl - 副本/vivado/vivado_proj.sim/sim_1/behav/xsim'
Vivado Simulator 2017.4
Copyright 1986-1999, 2001-2016 Xilinx, Inc. All Rights Reserved.
Running: D:/Vivado/Vivado/2017.4/bin/unwrapped/win64.o/xelab.exe -wto 3e6eff3e2d4a4c50a15ac3f36e4eed88 --incr --debug typical --relax --mt 2 -L blk_mem_gen_v8_4_1 -L xil_defaultlib -L dist_mem_gen_v8_0_12 -L unisims_ver -L unimacro_ver -L secureip -L xpm --snapshot tb_Top_behav xil_defaultlib.tb_Top xil_defaultlib.glbl -log elaborate.log 
Using 2 slave threads.
Starting static elaboration
WARNING: [VRFC 10-278] actual bit length 32 differs from formal bit length 10 for port a [D:/Vivado/code/SME309-RISCV-tmpl - 副本/rtl/benchmark.v:47]
WARNING: [VRFC 10-1783] select index 62 into current_contents is out of bounds [/wrk/2017.4/nightly/2017_12_15_2086221/packages/customer/vivado/data/ip/xilinx/blk_mem_gen_v8_4/simulation/blk_mem_gen_v8_4.v:2420]
Completed static elaboration
Starting simulation data flow analysis
Completed simulation data flow analysis
Time Resolution for simulation is 1ps
Compiling module unisims_ver.IBUF
Compiling module unisims_ver.PLLE2_ADV(CLKFBOUT_MULT=17,CLKIN...
Compiling module unisims_ver.BUFG
Compiling module xil_defaultlib.pll_clk_wiz
Compiling module xil_defaultlib.pll
Compiling module xil_defaultlib.if_id
Compiling module xil_defaultlib.Decoder
Compiling module xil_defaultlib.Control
Compiling module xil_defaultlib.Extend
Compiling module xil_defaultlib.RegisterFile
Compiling module xil_defaultlib.hazard_detection_unit
Compiling module xil_defaultlib.id_ex
Compiling module xil_defaultlib.forward_unit
Compiling module xil_defaultlib.Alu
Compiling module xil_defaultlib.ex_me
Compiling module xil_defaultlib.Memdata
Compiling module xil_defaultlib.me_wb
Compiling module xil_defaultlib.ProgramCounter
Compiling module xil_defaultlib.CPU
Compiling module dist_mem_gen_v8_0_12.dist_mem_gen_v8_0_12(C_FAMILY="a...
Compiling module xil_defaultlib.IROM
Compiling module blk_mem_gen_v8_4_1.blk_mem_gen_v8_4_1_output_stage(...
Compiling module blk_mem_gen_v8_4_1.blk_mem_gen_v8_4_1_output_stage(...
Compiling module blk_mem_gen_v8_4_1.blk_mem_gen_v8_4_1_softecc_outpu...
Compiling module blk_mem_gen_v8_4_1.blk_mem_gen_v8_4_1_mem_module(C_...
Compiling module blk_mem_gen_v8_4_1.blk_mem_gen_v8_4_1(C_FAMILY="art...
Compiling module xil_defaultlib.DRAM
Compiling module xil_defaultlib.dram_driver
Compiling module xil_defaultlib.seven_seg
Compiling module xil_defaultlib.benchmark
Compiling module xil_defaultlib.top
Compiling module xil_defaultlib.tb_Top
Compiling module xil_defaultlib.glbl
Built simulation snapshot tb_Top_behav
INFO: [USF-XSim-69] 'elaborate' step finished in '3' seconds
Vivado Simulator 2017.4
Time resolution is 1 ps
WARNING: This core is supplied with a behavioral model. To model cycle-accurate behavior you must run timing simulation.
 Block Memory Generator module loading initial data...
 Block Memory Generator data initialization complete.
Block Memory Generator module tb_Top.dut.u_benchmark.dram_driver_inst.Mem_DRAM.inst.native_mem_module.blk_mem_gen_v8_4_1_inst is using a behavioral model for simulation which will not precisely model memory collision behavior.
save to testbench.wave
Warning : input CLKIN1 period and attribute CLKIN1_PERIOD on PLLE2_ADV instance tb_Top.dut.pll_inst.inst.plle2_adv_inst are not same.
relaunch_sim: Time (s): cpu = 00:00:01 ; elapsed = 00:00:06 . Memory (MB): peak = 936.684 ; gain = 1.211
run 1000 ns
run 1000 ns
run 1000 ns
close_sim
INFO: [Simtcl 6-16] Simulation closed
exit
INFO: [Common 17-206] Exiting Vivado at Thu Jan  8 04:44:32 2026...
