#-----------------------------------------------------------
# Vivado v2017.4 (64-bit)
# SW Build 2086221 on Fri Dec 15 20:55:39 MST 2017
# IP Build 2085800 on Fri Dec 15 22:25:07 MST 2017
# Start of session at: Tue Dec 16 18:25:11 2025
# Process ID: 39868
# Current directory: D:/Vivado/code/SME309-RISCV-tmpl/vivado
# Command line: vivado.exe -gui_launcher_event rodinguilauncherevent23220 D:\Vivado\code\SME309-RISCV-tmpl\vivado\vivado_proj.xpr
# Log file: D:/Vivado/code/SME309-RISCV-tmpl/vivado/vivado.log
# Journal file: D:/Vivado/code/SME309-RISCV-tmpl/vivado\vivado.jou
#-----------------------------------------------------------
start_gui
open_project D:/Vivado/code/SME309-RISCV-tmpl/vivado/vivado_proj.xpr
INFO: [Project 1-313] Project file moved from '$PPRDIR' since last save.
Scanning sources...
Finished scanning sources
INFO: [IP_Flow 19-234] Refreshing IP repositories
INFO: [IP_Flow 19-1704] No user IP repositories specified
INFO: [IP_Flow 19-2313] Loaded Vivado IP repository 'D:/Vivado/Vivado/2017.4/data/ip'.
WARNING: [IP_Flow 19-3664] IP 'DRAM' generated file not found 'd:/Vivado/code/SME309-RISCV-tmpl/vivado/vivado_proj.srcs/sources_1/ip/DRAM/summary.log'. Please regenerate to continue.
open_project: Time (s): cpu = 00:00:11 ; elapsed = 00:00:07 . Memory (MB): peak = 765.875 ; gain = 76.203
update_compile_order -fileset sources_1
INFO: [Device 21-403] Loading part xc7a100tcsg324-1
WARNING: [IP_Flow 19-4067] Ignoring invalid widget type specified checkbox.Providing a default widget
WARNING: [IP_Flow 19-4067] Ignoring invalid widget type specified checkbox.Providing a default widget
file mkdir D:/Vivado/code/SME309-RISCV-tmpl/vivado/vivado_proj.srcs/sources_1/new
close [ open D:/Vivado/code/SME309-RISCV-tmpl/vivado/vivado_proj.srcs/sources_1/new/ProgramCounter.v w ]
add_files D:/Vivado/code/SME309-RISCV-tmpl/vivado/vivado_proj.srcs/sources_1/new/ProgramCounter.v
update_compile_order -fileset sources_1
close [ open D:/Vivado/code/SME309-RISCV-tmpl/vivado/vivado_proj.srcs/sources_1/new/RegisterFile.v w ]
add_files D:/Vivado/code/SME309-RISCV-tmpl/vivado/vivado_proj.srcs/sources_1/new/RegisterFile.v
update_compile_order -fileset sources_1
close [ open D:/Vivado/code/SME309-RISCV-tmpl/vivado/vivado_proj.srcs/sources_1/new/Decoder.v w ]
add_files D:/Vivado/code/SME309-RISCV-tmpl/vivado/vivado_proj.srcs/sources_1/new/Decoder.v
update_compile_order -fileset sources_1
close [ open D:/Vivado/code/SME309-RISCV-tmpl/vivado/vivado_proj.srcs/sources_1/new/Control.v w ]
add_files D:/Vivado/code/SME309-RISCV-tmpl/vivado/vivado_proj.srcs/sources_1/new/Control.v
update_compile_order -fileset sources_1
update_compile_order -fileset sources_1
update_compile_order -fileset sources_1
close [ open D:/Vivado/code/SME309-RISCV-tmpl/vivado/vivado_proj.srcs/sources_1/new/Alu.v w ]
add_files D:/Vivado/code/SME309-RISCV-tmpl/vivado/vivado_proj.srcs/sources_1/new/Alu.v
update_compile_order -fileset sources_1
close [ open D:/Vivado/code/SME309-RISCV-tmpl/vivado/vivado_proj.srcs/sources_1/new/Extend.v w ]
add_files D:/Vivado/code/SME309-RISCV-tmpl/vivado/vivado_proj.srcs/sources_1/new/Extend.v
update_compile_order -fileset sources_1
update_compile_order -fileset sources_1
WARNING: [IP_Flow 19-4067] Ignoring invalid widget type specified checkbox.Providing a default widget
WARNING: [IP_Flow 19-4067] Ignoring invalid widget type specified checkbox.Providing a default widget
close [ open D:/Vivado/code/SME309-RISCV-tmpl/vivado/vivado_proj.srcs/sources_1/new/Memdata.v w ]
add_files D:/Vivado/code/SME309-RISCV-tmpl/vivado/vivado_proj.srcs/sources_1/new/Memdata.v
update_compile_order -fileset sources_1
update_compile_order -fileset sources_1
generate_target Simulation [get_files D:/Vivado/code/SME309-RISCV-tmpl/vivado/vivado_proj.srcs/sources_1/ip/DRAM/DRAM.xci]
INFO: [IP_Flow 19-1686] Generating 'Simulation' target for IP 'DRAM'...
export_ip_user_files -of_objects [get_files D:/Vivado/code/SME309-RISCV-tmpl/vivado/vivado_proj.srcs/sources_1/ip/DRAM/DRAM.xci] -no_script -sync -force -quiet
export_simulation -of_objects [get_files D:/Vivado/code/SME309-RISCV-tmpl/vivado/vivado_proj.srcs/sources_1/ip/DRAM/DRAM.xci] -directory D:/Vivado/code/SME309-RISCV-tmpl/vivado/vivado_proj.ip_user_files/sim_scripts -ip_user_files_dir D:/Vivado/code/SME309-RISCV-tmpl/vivado/vivado_proj.ip_user_files -ipstatic_source_dir D:/Vivado/code/SME309-RISCV-tmpl/vivado/vivado_proj.ip_user_files/ipstatic -lib_map_path [list {modelsim=D:/Vivado/code/SME309-RISCV-tmpl/vivado/vivado_proj.cache/compile_simlib/modelsim} {questa=D:/Vivado/code/SME309-RISCV-tmpl/vivado/vivado_proj.cache/compile_simlib/questa} {riviera=D:/Vivado/code/SME309-RISCV-tmpl/vivado/vivado_proj.cache/compile_simlib/riviera} {activehdl=D:/Vivado/code/SME309-RISCV-tmpl/vivado/vivado_proj.cache/compile_simlib/activehdl}] -use_ip_compiled_libs -force -quiet
generate_target Simulation [get_files D:/Vivado/code/SME309-RISCV-tmpl/vivado/vivado_proj.srcs/sources_1/ip/IROM/IROM.xci]
INFO: [IP_Flow 19-1686] Generating 'Simulation' target for IP 'IROM'...
export_ip_user_files -of_objects [get_files D:/Vivado/code/SME309-RISCV-tmpl/vivado/vivado_proj.srcs/sources_1/ip/IROM/IROM.xci] -no_script -sync -force -quiet
export_simulation -of_objects [get_files D:/Vivado/code/SME309-RISCV-tmpl/vivado/vivado_proj.srcs/sources_1/ip/IROM/IROM.xci] -directory D:/Vivado/code/SME309-RISCV-tmpl/vivado/vivado_proj.ip_user_files/sim_scripts -ip_user_files_dir D:/Vivado/code/SME309-RISCV-tmpl/vivado/vivado_proj.ip_user_files -ipstatic_source_dir D:/Vivado/code/SME309-RISCV-tmpl/vivado/vivado_proj.ip_user_files/ipstatic -lib_map_path [list {modelsim=D:/Vivado/code/SME309-RISCV-tmpl/vivado/vivado_proj.cache/compile_simlib/modelsim} {questa=D:/Vivado/code/SME309-RISCV-tmpl/vivado/vivado_proj.cache/compile_simlib/questa} {riviera=D:/Vivado/code/SME309-RISCV-tmpl/vivado/vivado_proj.cache/compile_simlib/riviera} {activehdl=D:/Vivado/code/SME309-RISCV-tmpl/vivado/vivado_proj.cache/compile_simlib/activehdl}] -use_ip_compiled_libs -force -quiet
launch_simulation
INFO: [Vivado 12-5698] Checking validity of IPs in the design for the 'XSim' simulator...
INFO: [Vivado 12-5682] Launching behavioral simulation in 'D:/Vivado/code/SME309-RISCV-tmpl/vivado/vivado_proj.sim/sim_1/behav/xsim'
INFO: [Vivado 12-4795] Using compiled simulation libraries for IPs
INFO: [SIM-utils-51] Simulation object is 'sim_1'
INFO: [USF-XSim-7] Finding pre-compiled libraries...
INFO: [USF-XSim-11] File 'D:/Vivado/Vivado/2017.4/data/xsim/ip/xsim_ip.ini' copied to run dir:'D:/Vivado/code/SME309-RISCV-tmpl/vivado/vivado_proj.sim/sim_1/behav/xsim'
INFO: [SIM-utils-54] Inspecting design source files for 'top' in fileset 'sim_1'...
INFO: [SIM-utils-43] Exported 'D:/Vivado/code/SME309-RISCV-tmpl/vivado/vivado_proj.sim/sim_1/behav/xsim/DRAM.mif'
INFO: [SIM-utils-43] Exported 'D:/Vivado/code/SME309-RISCV-tmpl/vivado/vivado_proj.sim/sim_1/behav/xsim/all_test_case.coe'
INFO: [SIM-utils-43] Exported 'D:/Vivado/code/SME309-RISCV-tmpl/vivado/vivado_proj.sim/sim_1/behav/xsim/IROM.mif'
INFO: [SIM-utils-43] Exported 'D:/Vivado/code/SME309-RISCV-tmpl/vivado/vivado_proj.sim/sim_1/behav/xsim/all_test.coe'
INFO: [USF-XSim-97] Finding global include files...
INFO: [USF-XSim-98] Fetching design files from 'sim_1'...
INFO: [USF-XSim-2] XSim::Compile design
INFO: [USF-XSim-61] Executing 'COMPILE and ANALYZE' step in 'D:/Vivado/code/SME309-RISCV-tmpl/vivado/vivado_proj.sim/sim_1/behav/xsim'
"xvlog --incr --relax -prj top_vlog.prj"
INFO: [VRFC 10-2263] Analyzing Verilog file "D:/Vivado/code/SME309-RISCV-tmpl/vivado/vivado_proj.srcs/sources_1/ip/DRAM/sim/DRAM.v" into library xil_defaultlib
INFO: [VRFC 10-311] analyzing module DRAM
INFO: [VRFC 10-2263] Analyzing Verilog file "D:/Vivado/code/SME309-RISCV-tmpl/vivado/vivado_proj.srcs/sources_1/ip/IROM/sim/IROM.v" into library xil_defaultlib
INFO: [VRFC 10-311] analyzing module IROM
INFO: [VRFC 10-2263] Analyzing Verilog file "D:/Vivado/code/SME309-RISCV-tmpl/vivado/vivado_proj.srcs/sources_1/ip/pll/pll_clk_wiz.v" into library xil_defaultlib
INFO: [VRFC 10-311] analyzing module pll_clk_wiz
INFO: [VRFC 10-2263] Analyzing Verilog file "D:/Vivado/code/SME309-RISCV-tmpl/vivado/vivado_proj.srcs/sources_1/ip/pll/pll.v" into library xil_defaultlib
INFO: [VRFC 10-311] analyzing module pll
INFO: [VRFC 10-2263] Analyzing Verilog file "D:/Vivado/code/SME309-RISCV-tmpl/vivado/vivado_proj.srcs/sources_1/new/Alu.v" into library xil_defaultlib
INFO: [VRFC 10-311] analyzing module Alu
INFO: [VRFC 10-2263] Analyzing Verilog file "D:/Vivado/code/SME309-RISCV-tmpl/rtl/cpu/CPU_TOP.v" into library xil_defaultlib
INFO: [VRFC 10-311] analyzing module CPU
INFO: [VRFC 10-2263] Analyzing Verilog file "D:/Vivado/code/SME309-RISCV-tmpl/vivado/vivado_proj.srcs/sources_1/new/Control.v" into library xil_defaultlib
INFO: [VRFC 10-311] analyzing module Control
WARNING: [VRFC 10-2502] extra semicolon in $unit (global) scope [D:/Vivado/code/SME309-RISCV-tmpl/vivado/vivado_proj.srcs/sources_1/new/Control.v:279]
INFO: [VRFC 10-2263] Analyzing Verilog file "D:/Vivado/code/SME309-RISCV-tmpl/vivado/vivado_proj.srcs/sources_1/new/Decoder.v" into library xil_defaultlib
INFO: [VRFC 10-311] analyzing module Decoder
WARNING: [VRFC 10-2502] extra semicolon in $unit (global) scope [D:/Vivado/code/SME309-RISCV-tmpl/vivado/vivado_proj.srcs/sources_1/new/Decoder.v:19]
INFO: [VRFC 10-2263] Analyzing Verilog file "D:/Vivado/code/SME309-RISCV-tmpl/vivado/vivado_proj.srcs/sources_1/new/Extend.v" into library xil_defaultlib
INFO: [VRFC 10-311] analyzing module Extend
WARNING: [VRFC 10-2502] extra semicolon in $unit (global) scope [D:/Vivado/code/SME309-RISCV-tmpl/vivado/vivado_proj.srcs/sources_1/new/Extend.v:37]
INFO: [VRFC 10-2263] Analyzing Verilog file "D:/Vivado/code/SME309-RISCV-tmpl/vivado/vivado_proj.srcs/sources_1/new/Memdata.v" into library xil_defaultlib
INFO: [VRFC 10-311] analyzing module Memdata
INFO: [VRFC 10-2263] Analyzing Verilog file "D:/Vivado/code/SME309-RISCV-tmpl/vivado/vivado_proj.srcs/sources_1/new/ProgramCounter.v" into library xil_defaultlib
INFO: [VRFC 10-311] analyzing module ProgramCounter
INFO: [VRFC 10-2263] Analyzing Verilog file "D:/Vivado/code/SME309-RISCV-tmpl/vivado/vivado_proj.srcs/sources_1/new/RegisterFile.v" into library xil_defaultlib
INFO: [VRFC 10-311] analyzing module RegisterFile
INFO: [VRFC 10-2263] Analyzing Verilog file "D:/Vivado/code/SME309-RISCV-tmpl/rtl/benchmark.v" into library xil_defaultlib
WARNING: [VRFC 10-998] macro MEM_ADDR_START redefined [D:/Vivado/code/SME309-RISCV-tmpl/rtl/define.v:6]
WARNING: [VRFC 10-998] macro MEM_ADDR_END redefined [D:/Vivado/code/SME309-RISCV-tmpl/rtl/define.v:7]
INFO: [VRFC 10-311] analyzing module benchmark
INFO: [VRFC 10-2263] Analyzing Verilog file "D:/Vivado/code/SME309-RISCV-tmpl/rtl/dram_driver.v" into library xil_defaultlib
INFO: [VRFC 10-311] analyzing module dram_driver
INFO: [VRFC 10-2263] Analyzing Verilog file "D:/Vivado/code/SME309-RISCV-tmpl/rtl/seven_seg.v" into library xil_defaultlib
INFO: [VRFC 10-311] analyzing module seven_seg
INFO: [VRFC 10-2263] Analyzing Verilog file "D:/Vivado/code/SME309-RISCV-tmpl/vivado/top.v" into library xil_defaultlib
INFO: [VRFC 10-311] analyzing module top
INFO: [VRFC 10-2263] Analyzing Verilog file "D:/Vivado/code/SME309-RISCV-tmpl/vivado/vivado_proj.sim/sim_1/behav/xsim/glbl.v" into library xil_defaultlib
INFO: [VRFC 10-311] analyzing module glbl
INFO: [USF-XSim-69] 'compile' step finished in '2' seconds
INFO: [USF-XSim-3] XSim::Elaborate design
INFO: [USF-XSim-61] Executing 'ELABORATE' step in 'D:/Vivado/code/SME309-RISCV-tmpl/vivado/vivado_proj.sim/sim_1/behav/xsim'
Vivado Simulator 2017.4
Copyright 1986-1999, 2001-2016 Xilinx, Inc. All Rights Reserved.
Running: D:/Vivado/Vivado/2017.4/bin/unwrapped/win64.o/xelab.exe -wto 3e6eff3e2d4a4c50a15ac3f36e4eed88 --incr --debug typical --relax --mt 2 -L blk_mem_gen_v8_4_1 -L xil_defaultlib -L dist_mem_gen_v8_0_12 -L unisims_ver -L unimacro_ver -L secureip -L xpm --snapshot top_behav xil_defaultlib.top xil_defaultlib.glbl -log elaborate.log 
Using 2 slave threads.
Starting static elaboration
WARNING: [VRFC 10-278] actual bit length 1 differs from formal bit length 32 for port imm_32 [D:/Vivado/code/SME309-RISCV-tmpl/rtl/cpu/CPU_TOP.v:86]
WARNING: [VRFC 10-278] actual bit length 5 differs from formal bit length 4 for port A1 [D:/Vivado/code/SME309-RISCV-tmpl/rtl/cpu/CPU_TOP.v:92]
WARNING: [VRFC 10-278] actual bit length 5 differs from formal bit length 4 for port A2 [D:/Vivado/code/SME309-RISCV-tmpl/rtl/cpu/CPU_TOP.v:93]
WARNING: [VRFC 10-278] actual bit length 5 differs from formal bit length 4 for port A3 [D:/Vivado/code/SME309-RISCV-tmpl/rtl/cpu/CPU_TOP.v:94]
WARNING: [VRFC 10-278] actual bit length 32 differs from formal bit length 1 for port NextPC [D:/Vivado/code/SME309-RISCV-tmpl/rtl/cpu/CPU_TOP.v:128]
WARNING: [VRFC 10-278] actual bit length 32 differs from formal bit length 10 for port a [D:/Vivado/code/SME309-RISCV-tmpl/rtl/benchmark.v:47]
WARNING: [VRFC 10-1783] select index 62 into current_contents is out of bounds [/wrk/2017.4/nightly/2017_12_15_2086221/packages/customer/vivado/data/ip/xilinx/blk_mem_gen_v8_4/simulation/blk_mem_gen_v8_4.v:2420]
Completed static elaboration
Starting simulation data flow analysis
Completed simulation data flow analysis
Time Resolution for simulation is 1ps
Compiling module unisims_ver.IBUF
Compiling module unisims_ver.PLLE2_ADV(CLKFBOUT_MULT=17,CLKIN...
Compiling module unisims_ver.BUFG
Compiling module xil_defaultlib.pll_clk_wiz
Compiling module xil_defaultlib.pll
Compiling module xil_defaultlib.Decoder
Compiling module xil_defaultlib.Control
Compiling module xil_defaultlib.Extend
Compiling module xil_defaultlib.RegisterFile
Compiling module xil_defaultlib.Alu
Compiling module xil_defaultlib.ProgramCounter
Compiling module xil_defaultlib.Memdata
Compiling module xil_defaultlib.CPU
Compiling module dist_mem_gen_v8_0_12.dist_mem_gen_v8_0_12(C_FAMILY="a...
Compiling module xil_defaultlib.IROM
Compiling module blk_mem_gen_v8_4_1.blk_mem_gen_v8_4_1_output_stage(...
Compiling module blk_mem_gen_v8_4_1.blk_mem_gen_v8_4_1_output_stage(...
Compiling module blk_mem_gen_v8_4_1.blk_mem_gen_v8_4_1_softecc_outpu...
Compiling module blk_mem_gen_v8_4_1.blk_mem_gen_v8_4_1_mem_module(C_...
Compiling module blk_mem_gen_v8_4_1.blk_mem_gen_v8_4_1(C_FAMILY="art...
Compiling module xil_defaultlib.DRAM
Compiling module xil_defaultlib.dram_driver
Compiling module xil_defaultlib.seven_seg
Compiling module xil_defaultlib.benchmark
Compiling module xil_defaultlib.top
Compiling module xil_defaultlib.glbl
Built simulation snapshot top_behav

****** Webtalk v2017.4 (64-bit)
  **** SW Build 2086221 on Fri Dec 15 20:55:39 MST 2017
  **** IP Build 2085800 on Fri Dec 15 22:25:07 MST 2017
    ** Copyright 1986-2017 Xilinx, Inc. All Rights Reserved.

source D:/Vivado/code/SME309-RISCV-tmpl/vivado/vivado_proj.sim/sim_1/behav/xsim/xsim.dir/top_behav/webtalk/xsim_webtalk.tcl -notrace
INFO: [Common 17-206] Exiting Webtalk at Sat Dec 20 16:57:42 2025...
run_program: Time (s): cpu = 00:00:01 ; elapsed = 00:00:11 . Memory (MB): peak = 1125.293 ; gain = 0.000
INFO: [USF-XSim-69] 'elaborate' step finished in '11' seconds
INFO: [USF-XSim-4] XSim::Simulate design
INFO: [USF-XSim-61] Executing 'SIMULATE' step in 'D:/Vivado/code/SME309-RISCV-tmpl/vivado/vivado_proj.sim/sim_1/behav/xsim'
INFO: [USF-XSim-98] *** Running xsim
   with args "top_behav -key {Behavioral:sim_1:Functional:top} -tclbatch {top.tcl} -log {simulate.log}"
INFO: [USF-XSim-8] Loading simulator feature
Vivado Simulator 2017.4
Time resolution is 1 ps
source top.tcl
# set curr_wave [current_wave_config]
# if { [string length $curr_wave] == 0 } {
#   if { [llength [get_objects]] > 0} {
#     add_wave /
#     set_property needs_save false [current_wave_config]
#   } else {
#      send_msg_id Add_Wave-1 WARNING "No top level signals found. Simulator will start without a wave window. If you want to open a wave window go to 'File->New Waveform Configuration' or type 'create_wave_config' in the TCL console."
#   }
# }
# run 1000ns
WARNING: This core is supplied with a behavioral model. To model cycle-accurate behavior you must run timing simulation.
 Block Memory Generator module loading initial data...
 Block Memory Generator data initialization complete.
Block Memory Generator module top.u_benchmark.dram_driver_inst.Mem_DRAM.inst.native_mem_module.blk_mem_gen_v8_4_1_inst is using a behavioral model for simulation which will not precisely model memory collision behavior.
INFO: [USF-XSim-96] XSim completed. Design snapshot 'top_behav' loaded.
INFO: [USF-XSim-97] XSim simulation ran for 1000ns
launch_simulation: Time (s): cpu = 00:00:09 ; elapsed = 00:00:18 . Memory (MB): peak = 1138.355 ; gain = 13.062
close_sim
INFO: [Simtcl 6-16] Simulation closed
launch_simulation
INFO: [Vivado 12-5698] Checking validity of IPs in the design for the 'XSim' simulator...
INFO: [Vivado 12-5682] Launching behavioral simulation in 'D:/Vivado/code/SME309-RISCV-tmpl/vivado/vivado_proj.sim/sim_1/behav/xsim'
INFO: [Vivado 12-4795] Using compiled simulation libraries for IPs
INFO: [SIM-utils-51] Simulation object is 'sim_1'
INFO: [USF-XSim-7] Finding pre-compiled libraries...
INFO: [USF-XSim-11] File 'D:/Vivado/Vivado/2017.4/data/xsim/ip/xsim_ip.ini' copied to run dir:'D:/Vivado/code/SME309-RISCV-tmpl/vivado/vivado_proj.sim/sim_1/behav/xsim'
INFO: [SIM-utils-54] Inspecting design source files for 'top' in fileset 'sim_1'...
INFO: [SIM-utils-43] Exported 'D:/Vivado/code/SME309-RISCV-tmpl/vivado/vivado_proj.sim/sim_1/behav/xsim/DRAM.mif'
INFO: [SIM-utils-43] Exported 'D:/Vivado/code/SME309-RISCV-tmpl/vivado/vivado_proj.sim/sim_1/behav/xsim/all_test_case.coe'
INFO: [SIM-utils-43] Exported 'D:/Vivado/code/SME309-RISCV-tmpl/vivado/vivado_proj.sim/sim_1/behav/xsim/IROM.mif'
INFO: [SIM-utils-43] Exported 'D:/Vivado/code/SME309-RISCV-tmpl/vivado/vivado_proj.sim/sim_1/behav/xsim/all_test.coe'
INFO: [USF-XSim-97] Finding global include files...
INFO: [USF-XSim-98] Fetching design files from 'sim_1'...
INFO: [USF-XSim-2] XSim::Compile design
INFO: [USF-XSim-61] Executing 'COMPILE and ANALYZE' step in 'D:/Vivado/code/SME309-RISCV-tmpl/vivado/vivado_proj.sim/sim_1/behav/xsim'
"xvlog --incr --relax -prj top_vlog.prj"
INFO: [VRFC 10-2263] Analyzing Verilog file "D:/Vivado/code/SME309-RISCV-tmpl/vivado/vivado_proj.srcs/sources_1/ip/DRAM/sim/DRAM.v" into library xil_defaultlib
INFO: [VRFC 10-311] analyzing module DRAM
INFO: [VRFC 10-2263] Analyzing Verilog file "D:/Vivado/code/SME309-RISCV-tmpl/vivado/vivado_proj.srcs/sources_1/ip/IROM/sim/IROM.v" into library xil_defaultlib
INFO: [VRFC 10-311] analyzing module IROM
INFO: [VRFC 10-2263] Analyzing Verilog file "D:/Vivado/code/SME309-RISCV-tmpl/vivado/vivado_proj.srcs/sources_1/ip/pll/pll_clk_wiz.v" into library xil_defaultlib
INFO: [VRFC 10-311] analyzing module pll_clk_wiz
INFO: [VRFC 10-2263] Analyzing Verilog file "D:/Vivado/code/SME309-RISCV-tmpl/vivado/vivado_proj.srcs/sources_1/ip/pll/pll.v" into library xil_defaultlib
INFO: [VRFC 10-311] analyzing module pll
INFO: [VRFC 10-2263] Analyzing Verilog file "D:/Vivado/code/SME309-RISCV-tmpl/vivado/vivado_proj.srcs/sources_1/new/Alu.v" into library xil_defaultlib
INFO: [VRFC 10-311] analyzing module Alu
INFO: [VRFC 10-2263] Analyzing Verilog file "D:/Vivado/code/SME309-RISCV-tmpl/rtl/cpu/CPU_TOP.v" into library xil_defaultlib
INFO: [VRFC 10-311] analyzing module CPU
INFO: [VRFC 10-2263] Analyzing Verilog file "D:/Vivado/code/SME309-RISCV-tmpl/vivado/vivado_proj.srcs/sources_1/new/Control.v" into library xil_defaultlib
INFO: [VRFC 10-311] analyzing module Control
WARNING: [VRFC 10-2502] extra semicolon in $unit (global) scope [D:/Vivado/code/SME309-RISCV-tmpl/vivado/vivado_proj.srcs/sources_1/new/Control.v:279]
INFO: [VRFC 10-2263] Analyzing Verilog file "D:/Vivado/code/SME309-RISCV-tmpl/vivado/vivado_proj.srcs/sources_1/new/Decoder.v" into library xil_defaultlib
INFO: [VRFC 10-311] analyzing module Decoder
WARNING: [VRFC 10-2502] extra semicolon in $unit (global) scope [D:/Vivado/code/SME309-RISCV-tmpl/vivado/vivado_proj.srcs/sources_1/new/Decoder.v:19]
INFO: [VRFC 10-2263] Analyzing Verilog file "D:/Vivado/code/SME309-RISCV-tmpl/vivado/vivado_proj.srcs/sources_1/new/Extend.v" into library xil_defaultlib
INFO: [VRFC 10-311] analyzing module Extend
WARNING: [VRFC 10-2502] extra semicolon in $unit (global) scope [D:/Vivado/code/SME309-RISCV-tmpl/vivado/vivado_proj.srcs/sources_1/new/Extend.v:37]
INFO: [VRFC 10-2263] Analyzing Verilog file "D:/Vivado/code/SME309-RISCV-tmpl/vivado/vivado_proj.srcs/sources_1/new/Memdata.v" into library xil_defaultlib
INFO: [VRFC 10-311] analyzing module Memdata
INFO: [VRFC 10-2263] Analyzing Verilog file "D:/Vivado/code/SME309-RISCV-tmpl/vivado/vivado_proj.srcs/sources_1/new/ProgramCounter.v" into library xil_defaultlib
INFO: [VRFC 10-311] analyzing module ProgramCounter
INFO: [VRFC 10-2263] Analyzing Verilog file "D:/Vivado/code/SME309-RISCV-tmpl/vivado/vivado_proj.srcs/sources_1/new/RegisterFile.v" into library xil_defaultlib
INFO: [VRFC 10-311] analyzing module RegisterFile
INFO: [VRFC 10-2263] Analyzing Verilog file "D:/Vivado/code/SME309-RISCV-tmpl/rtl/benchmark.v" into library xil_defaultlib
WARNING: [VRFC 10-998] macro MEM_ADDR_START redefined [D:/Vivado/code/SME309-RISCV-tmpl/rtl/define.v:6]
WARNING: [VRFC 10-998] macro MEM_ADDR_END redefined [D:/Vivado/code/SME309-RISCV-tmpl/rtl/define.v:7]
INFO: [VRFC 10-311] analyzing module benchmark
INFO: [VRFC 10-2263] Analyzing Verilog file "D:/Vivado/code/SME309-RISCV-tmpl/rtl/dram_driver.v" into library xil_defaultlib
INFO: [VRFC 10-311] analyzing module dram_driver
INFO: [VRFC 10-2263] Analyzing Verilog file "D:/Vivado/code/SME309-RISCV-tmpl/rtl/seven_seg.v" into library xil_defaultlib
INFO: [VRFC 10-311] analyzing module seven_seg
INFO: [VRFC 10-2263] Analyzing Verilog file "D:/Vivado/code/SME309-RISCV-tmpl/vivado/top.v" into library xil_defaultlib
INFO: [VRFC 10-311] analyzing module top
INFO: [USF-XSim-69] 'compile' step finished in '1' seconds
INFO: [USF-XSim-3] XSim::Elaborate design
INFO: [USF-XSim-61] Executing 'ELABORATE' step in 'D:/Vivado/code/SME309-RISCV-tmpl/vivado/vivado_proj.sim/sim_1/behav/xsim'
Vivado Simulator 2017.4
Copyright 1986-1999, 2001-2016 Xilinx, Inc. All Rights Reserved.
Running: D:/Vivado/Vivado/2017.4/bin/unwrapped/win64.o/xelab.exe -wto 3e6eff3e2d4a4c50a15ac3f36e4eed88 --incr --debug typical --relax --mt 2 -L blk_mem_gen_v8_4_1 -L xil_defaultlib -L dist_mem_gen_v8_0_12 -L unisims_ver -L unimacro_ver -L secureip -L xpm --snapshot top_behav xil_defaultlib.top xil_defaultlib.glbl -log elaborate.log 
Using 2 slave threads.
Starting static elaboration
WARNING: [VRFC 10-278] actual bit length 1 differs from formal bit length 32 for port imm_32 [D:/Vivado/code/SME309-RISCV-tmpl/rtl/cpu/CPU_TOP.v:86]
WARNING: [VRFC 10-278] actual bit length 5 differs from formal bit length 4 for port A1 [D:/Vivado/code/SME309-RISCV-tmpl/rtl/cpu/CPU_TOP.v:92]
WARNING: [VRFC 10-278] actual bit length 5 differs from formal bit length 4 for port A2 [D:/Vivado/code/SME309-RISCV-tmpl/rtl/cpu/CPU_TOP.v:93]
WARNING: [VRFC 10-278] actual bit length 5 differs from formal bit length 4 for port A3 [D:/Vivado/code/SME309-RISCV-tmpl/rtl/cpu/CPU_TOP.v:94]
WARNING: [VRFC 10-278] actual bit length 32 differs from formal bit length 1 for port NextPC [D:/Vivado/code/SME309-RISCV-tmpl/rtl/cpu/CPU_TOP.v:128]
WARNING: [VRFC 10-278] actual bit length 32 differs from formal bit length 10 for port a [D:/Vivado/code/SME309-RISCV-tmpl/rtl/benchmark.v:47]
WARNING: [VRFC 10-1783] select index 62 into current_contents is out of bounds [/wrk/2017.4/nightly/2017_12_15_2086221/packages/customer/vivado/data/ip/xilinx/blk_mem_gen_v8_4/simulation/blk_mem_gen_v8_4.v:2420]
Completed static elaboration
Starting simulation data flow analysis
Completed simulation data flow analysis
Time Resolution for simulation is 1ps
Compiling module unisims_ver.IBUF
Compiling module unisims_ver.PLLE2_ADV(CLKFBOUT_MULT=17,CLKIN...
Compiling module unisims_ver.BUFG
Compiling module xil_defaultlib.pll_clk_wiz
Compiling module xil_defaultlib.pll
Compiling module xil_defaultlib.Decoder
Compiling module xil_defaultlib.Control
Compiling module xil_defaultlib.Extend
Compiling module xil_defaultlib.RegisterFile
Compiling module xil_defaultlib.Alu
Compiling module xil_defaultlib.ProgramCounter
Compiling module xil_defaultlib.Memdata
Compiling module xil_defaultlib.CPU
Compiling module dist_mem_gen_v8_0_12.dist_mem_gen_v8_0_12(C_FAMILY="a...
Compiling module xil_defaultlib.IROM
Compiling module blk_mem_gen_v8_4_1.blk_mem_gen_v8_4_1_output_stage(...
Compiling module blk_mem_gen_v8_4_1.blk_mem_gen_v8_4_1_output_stage(...
Compiling module blk_mem_gen_v8_4_1.blk_mem_gen_v8_4_1_softecc_outpu...
Compiling module blk_mem_gen_v8_4_1.blk_mem_gen_v8_4_1_mem_module(C_...
Compiling module blk_mem_gen_v8_4_1.blk_mem_gen_v8_4_1(C_FAMILY="art...
Compiling module xil_defaultlib.DRAM
Compiling module xil_defaultlib.dram_driver
Compiling module xil_defaultlib.seven_seg
Compiling module xil_defaultlib.benchmark
Compiling module xil_defaultlib.top
Compiling module xil_defaultlib.glbl
Built simulation snapshot top_behav
INFO: [USF-XSim-69] 'elaborate' step finished in '4' seconds
INFO: [USF-XSim-4] XSim::Simulate design
INFO: [USF-XSim-61] Executing 'SIMULATE' step in 'D:/Vivado/code/SME309-RISCV-tmpl/vivado/vivado_proj.sim/sim_1/behav/xsim'
INFO: [USF-XSim-98] *** Running xsim
   with args "top_behav -key {Behavioral:sim_1:Functional:top} -tclbatch {top.tcl} -log {simulate.log}"
INFO: [USF-XSim-8] Loading simulator feature
Vivado Simulator 2017.4
Time resolution is 1 ps
source top.tcl
# set curr_wave [current_wave_config]
# if { [string length $curr_wave] == 0 } {
#   if { [llength [get_objects]] > 0} {
#     add_wave /
#     set_property needs_save false [current_wave_config]
#   } else {
#      send_msg_id Add_Wave-1 WARNING "No top level signals found. Simulator will start without a wave window. If you want to open a wave window go to 'File->New Waveform Configuration' or type 'create_wave_config' in the TCL console."
#   }
# }
# run 1000ns
WARNING: This core is supplied with a behavioral model. To model cycle-accurate behavior you must run timing simulation.
 Block Memory Generator module loading initial data...
 Block Memory Generator data initialization complete.
Block Memory Generator module top.u_benchmark.dram_driver_inst.Mem_DRAM.inst.native_mem_module.blk_mem_gen_v8_4_1_inst is using a behavioral model for simulation which will not precisely model memory collision behavior.
INFO: [USF-XSim-96] XSim completed. Design snapshot 'top_behav' loaded.
INFO: [USF-XSim-97] XSim simulation ran for 1000ns
launch_simulation: Time (s): cpu = 00:00:04 ; elapsed = 00:00:08 . Memory (MB): peak = 1138.520 ; gain = 0.000
close_sim
INFO: [Simtcl 6-16] Simulation closed
launch_simulation
INFO: [Vivado 12-5698] Checking validity of IPs in the design for the 'XSim' simulator...
INFO: [Vivado 12-5682] Launching behavioral simulation in 'D:/Vivado/code/SME309-RISCV-tmpl/vivado/vivado_proj.sim/sim_1/behav/xsim'
INFO: [Vivado 12-4795] Using compiled simulation libraries for IPs
INFO: [SIM-utils-51] Simulation object is 'sim_1'
INFO: [USF-XSim-7] Finding pre-compiled libraries...
INFO: [USF-XSim-11] File 'D:/Vivado/Vivado/2017.4/data/xsim/ip/xsim_ip.ini' copied to run dir:'D:/Vivado/code/SME309-RISCV-tmpl/vivado/vivado_proj.sim/sim_1/behav/xsim'
INFO: [SIM-utils-54] Inspecting design source files for 'top' in fileset 'sim_1'...
INFO: [SIM-utils-43] Exported 'D:/Vivado/code/SME309-RISCV-tmpl/vivado/vivado_proj.sim/sim_1/behav/xsim/DRAM.mif'
INFO: [SIM-utils-43] Exported 'D:/Vivado/code/SME309-RISCV-tmpl/vivado/vivado_proj.sim/sim_1/behav/xsim/all_test_case.coe'
INFO: [SIM-utils-43] Exported 'D:/Vivado/code/SME309-RISCV-tmpl/vivado/vivado_proj.sim/sim_1/behav/xsim/IROM.mif'
INFO: [SIM-utils-43] Exported 'D:/Vivado/code/SME309-RISCV-tmpl/vivado/vivado_proj.sim/sim_1/behav/xsim/all_test.coe'
INFO: [USF-XSim-97] Finding global include files...
INFO: [USF-XSim-98] Fetching design files from 'sim_1'...
INFO: [USF-XSim-2] XSim::Compile design
INFO: [USF-XSim-61] Executing 'COMPILE and ANALYZE' step in 'D:/Vivado/code/SME309-RISCV-tmpl/vivado/vivado_proj.sim/sim_1/behav/xsim'
"xvlog --incr --relax -prj top_vlog.prj"
INFO: [VRFC 10-2263] Analyzing Verilog file "D:/Vivado/code/SME309-RISCV-tmpl/vivado/vivado_proj.srcs/sources_1/ip/DRAM/sim/DRAM.v" into library xil_defaultlib
INFO: [VRFC 10-311] analyzing module DRAM
INFO: [VRFC 10-2263] Analyzing Verilog file "D:/Vivado/code/SME309-RISCV-tmpl/vivado/vivado_proj.srcs/sources_1/ip/IROM/sim/IROM.v" into library xil_defaultlib
INFO: [VRFC 10-311] analyzing module IROM
INFO: [VRFC 10-2263] Analyzing Verilog file "D:/Vivado/code/SME309-RISCV-tmpl/vivado/vivado_proj.srcs/sources_1/ip/pll/pll_clk_wiz.v" into library xil_defaultlib
INFO: [VRFC 10-311] analyzing module pll_clk_wiz
INFO: [VRFC 10-2263] Analyzing Verilog file "D:/Vivado/code/SME309-RISCV-tmpl/vivado/vivado_proj.srcs/sources_1/ip/pll/pll.v" into library xil_defaultlib
INFO: [VRFC 10-311] analyzing module pll
INFO: [VRFC 10-2263] Analyzing Verilog file "D:/Vivado/code/SME309-RISCV-tmpl/vivado/vivado_proj.srcs/sources_1/new/Alu.v" into library xil_defaultlib
INFO: [VRFC 10-311] analyzing module Alu
INFO: [VRFC 10-2263] Analyzing Verilog file "D:/Vivado/code/SME309-RISCV-tmpl/rtl/cpu/CPU_TOP.v" into library xil_defaultlib
INFO: [VRFC 10-311] analyzing module CPU
INFO: [VRFC 10-2263] Analyzing Verilog file "D:/Vivado/code/SME309-RISCV-tmpl/vivado/vivado_proj.srcs/sources_1/new/Control.v" into library xil_defaultlib
INFO: [VRFC 10-311] analyzing module Control
WARNING: [VRFC 10-2502] extra semicolon in $unit (global) scope [D:/Vivado/code/SME309-RISCV-tmpl/vivado/vivado_proj.srcs/sources_1/new/Control.v:279]
INFO: [VRFC 10-2263] Analyzing Verilog file "D:/Vivado/code/SME309-RISCV-tmpl/vivado/vivado_proj.srcs/sources_1/new/Decoder.v" into library xil_defaultlib
INFO: [VRFC 10-311] analyzing module Decoder
WARNING: [VRFC 10-2502] extra semicolon in $unit (global) scope [D:/Vivado/code/SME309-RISCV-tmpl/vivado/vivado_proj.srcs/sources_1/new/Decoder.v:19]
INFO: [VRFC 10-2263] Analyzing Verilog file "D:/Vivado/code/SME309-RISCV-tmpl/vivado/vivado_proj.srcs/sources_1/new/Extend.v" into library xil_defaultlib
INFO: [VRFC 10-311] analyzing module Extend
WARNING: [VRFC 10-2502] extra semicolon in $unit (global) scope [D:/Vivado/code/SME309-RISCV-tmpl/vivado/vivado_proj.srcs/sources_1/new/Extend.v:37]
INFO: [VRFC 10-2263] Analyzing Verilog file "D:/Vivado/code/SME309-RISCV-tmpl/vivado/vivado_proj.srcs/sources_1/new/Memdata.v" into library xil_defaultlib
INFO: [VRFC 10-311] analyzing module Memdata
INFO: [VRFC 10-2263] Analyzing Verilog file "D:/Vivado/code/SME309-RISCV-tmpl/vivado/vivado_proj.srcs/sources_1/new/ProgramCounter.v" into library xil_defaultlib
INFO: [VRFC 10-311] analyzing module ProgramCounter
INFO: [VRFC 10-2263] Analyzing Verilog file "D:/Vivado/code/SME309-RISCV-tmpl/vivado/vivado_proj.srcs/sources_1/new/RegisterFile.v" into library xil_defaultlib
INFO: [VRFC 10-311] analyzing module RegisterFile
INFO: [VRFC 10-2263] Analyzing Verilog file "D:/Vivado/code/SME309-RISCV-tmpl/rtl/benchmark.v" into library xil_defaultlib
WARNING: [VRFC 10-998] macro MEM_ADDR_START redefined [D:/Vivado/code/SME309-RISCV-tmpl/rtl/define.v:6]
WARNING: [VRFC 10-998] macro MEM_ADDR_END redefined [D:/Vivado/code/SME309-RISCV-tmpl/rtl/define.v:7]
INFO: [VRFC 10-311] analyzing module benchmark
INFO: [VRFC 10-2263] Analyzing Verilog file "D:/Vivado/code/SME309-RISCV-tmpl/rtl/dram_driver.v" into library xil_defaultlib
INFO: [VRFC 10-311] analyzing module dram_driver
INFO: [VRFC 10-2263] Analyzing Verilog file "D:/Vivado/code/SME309-RISCV-tmpl/rtl/seven_seg.v" into library xil_defaultlib
INFO: [VRFC 10-311] analyzing module seven_seg
INFO: [VRFC 10-2263] Analyzing Verilog file "D:/Vivado/code/SME309-RISCV-tmpl/vivado/top.v" into library xil_defaultlib
INFO: [VRFC 10-311] analyzing module top
INFO: [USF-XSim-69] 'compile' step finished in '1' seconds
INFO: [USF-XSim-3] XSim::Elaborate design
INFO: [USF-XSim-61] Executing 'ELABORATE' step in 'D:/Vivado/code/SME309-RISCV-tmpl/vivado/vivado_proj.sim/sim_1/behav/xsim'
Vivado Simulator 2017.4
Copyright 1986-1999, 2001-2016 Xilinx, Inc. All Rights Reserved.
Running: D:/Vivado/Vivado/2017.4/bin/unwrapped/win64.o/xelab.exe -wto 3e6eff3e2d4a4c50a15ac3f36e4eed88 --incr --debug typical --relax --mt 2 -L blk_mem_gen_v8_4_1 -L xil_defaultlib -L dist_mem_gen_v8_0_12 -L unisims_ver -L unimacro_ver -L secureip -L xpm --snapshot top_behav xil_defaultlib.top xil_defaultlib.glbl -log elaborate.log 
Using 2 slave threads.
Starting static elaboration
WARNING: [VRFC 10-278] actual bit length 1 differs from formal bit length 32 for port imm_32 [D:/Vivado/code/SME309-RISCV-tmpl/rtl/cpu/CPU_TOP.v:86]
WARNING: [VRFC 10-278] actual bit length 5 differs from formal bit length 4 for port A1 [D:/Vivado/code/SME309-RISCV-tmpl/rtl/cpu/CPU_TOP.v:92]
WARNING: [VRFC 10-278] actual bit length 5 differs from formal bit length 4 for port A2 [D:/Vivado/code/SME309-RISCV-tmpl/rtl/cpu/CPU_TOP.v:93]
WARNING: [VRFC 10-278] actual bit length 5 differs from formal bit length 4 for port A3 [D:/Vivado/code/SME309-RISCV-tmpl/rtl/cpu/CPU_TOP.v:94]
WARNING: [VRFC 10-278] actual bit length 32 differs from formal bit length 1 for port NextPC [D:/Vivado/code/SME309-RISCV-tmpl/rtl/cpu/CPU_TOP.v:128]
WARNING: [VRFC 10-278] actual bit length 32 differs from formal bit length 10 for port a [D:/Vivado/code/SME309-RISCV-tmpl/rtl/benchmark.v:47]
WARNING: [VRFC 10-1783] select index 62 into current_contents is out of bounds [/wrk/2017.4/nightly/2017_12_15_2086221/packages/customer/vivado/data/ip/xilinx/blk_mem_gen_v8_4/simulation/blk_mem_gen_v8_4.v:2420]
Completed static elaboration
Starting simulation data flow analysis
Completed simulation data flow analysis
Time Resolution for simulation is 1ps
Compiling module unisims_ver.IBUF
Compiling module unisims_ver.PLLE2_ADV(CLKFBOUT_MULT=17,CLKIN...
Compiling module unisims_ver.BUFG
Compiling module xil_defaultlib.pll_clk_wiz
Compiling module xil_defaultlib.pll
Compiling module xil_defaultlib.Decoder
Compiling module xil_defaultlib.Control
Compiling module xil_defaultlib.Extend
Compiling module xil_defaultlib.RegisterFile
Compiling module xil_defaultlib.Alu
Compiling module xil_defaultlib.ProgramCounter
Compiling module xil_defaultlib.Memdata
Compiling module xil_defaultlib.CPU
Compiling module dist_mem_gen_v8_0_12.dist_mem_gen_v8_0_12(C_FAMILY="a...
Compiling module xil_defaultlib.IROM
Compiling module blk_mem_gen_v8_4_1.blk_mem_gen_v8_4_1_output_stage(...
Compiling module blk_mem_gen_v8_4_1.blk_mem_gen_v8_4_1_output_stage(...
Compiling module blk_mem_gen_v8_4_1.blk_mem_gen_v8_4_1_softecc_outpu...
Compiling module blk_mem_gen_v8_4_1.blk_mem_gen_v8_4_1_mem_module(C_...
Compiling module blk_mem_gen_v8_4_1.blk_mem_gen_v8_4_1(C_FAMILY="art...
Compiling module xil_defaultlib.DRAM
Compiling module xil_defaultlib.dram_driver
Compiling module xil_defaultlib.seven_seg
Compiling module xil_defaultlib.benchmark
Compiling module xil_defaultlib.top
Compiling module xil_defaultlib.glbl
Built simulation snapshot top_behav
INFO: [USF-XSim-69] 'elaborate' step finished in '4' seconds
INFO: [USF-XSim-4] XSim::Simulate design
INFO: [USF-XSim-61] Executing 'SIMULATE' step in 'D:/Vivado/code/SME309-RISCV-tmpl/vivado/vivado_proj.sim/sim_1/behav/xsim'
INFO: [USF-XSim-98] *** Running xsim
   with args "top_behav -key {Behavioral:sim_1:Functional:top} -tclbatch {top.tcl} -log {simulate.log}"
INFO: [USF-XSim-8] Loading simulator feature
Vivado Simulator 2017.4
Time resolution is 1 ps
source top.tcl
# set curr_wave [current_wave_config]
# if { [string length $curr_wave] == 0 } {
#   if { [llength [get_objects]] > 0} {
#     add_wave /
#     set_property needs_save false [current_wave_config]
#   } else {
#      send_msg_id Add_Wave-1 WARNING "No top level signals found. Simulator will start without a wave window. If you want to open a wave window go to 'File->New Waveform Configuration' or type 'create_wave_config' in the TCL console."
#   }
# }
# run 1000ns
WARNING: This core is supplied with a behavioral model. To model cycle-accurate behavior you must run timing simulation.
 Block Memory Generator module loading initial data...
 Block Memory Generator data initialization complete.
Block Memory Generator module top.u_benchmark.dram_driver_inst.Mem_DRAM.inst.native_mem_module.blk_mem_gen_v8_4_1_inst is using a behavioral model for simulation which will not precisely model memory collision behavior.
INFO: [USF-XSim-96] XSim completed. Design snapshot 'top_behav' loaded.
INFO: [USF-XSim-97] XSim simulation ran for 1000ns
launch_simulation: Time (s): cpu = 00:00:04 ; elapsed = 00:00:08 . Memory (MB): peak = 1142.020 ; gain = 0.000
close_sim
INFO: [Simtcl 6-16] Simulation closed
launch_simulation
INFO: [Vivado 12-5698] Checking validity of IPs in the design for the 'XSim' simulator...
INFO: [Vivado 12-5682] Launching behavioral simulation in 'D:/Vivado/code/SME309-RISCV-tmpl/vivado/vivado_proj.sim/sim_1/behav/xsim'
INFO: [Vivado 12-4795] Using compiled simulation libraries for IPs
INFO: [SIM-utils-51] Simulation object is 'sim_1'
INFO: [USF-XSim-7] Finding pre-compiled libraries...
INFO: [USF-XSim-11] File 'D:/Vivado/Vivado/2017.4/data/xsim/ip/xsim_ip.ini' copied to run dir:'D:/Vivado/code/SME309-RISCV-tmpl/vivado/vivado_proj.sim/sim_1/behav/xsim'
INFO: [SIM-utils-54] Inspecting design source files for 'top' in fileset 'sim_1'...
INFO: [SIM-utils-43] Exported 'D:/Vivado/code/SME309-RISCV-tmpl/vivado/vivado_proj.sim/sim_1/behav/xsim/DRAM.mif'
INFO: [SIM-utils-43] Exported 'D:/Vivado/code/SME309-RISCV-tmpl/vivado/vivado_proj.sim/sim_1/behav/xsim/all_test_case.coe'
INFO: [SIM-utils-43] Exported 'D:/Vivado/code/SME309-RISCV-tmpl/vivado/vivado_proj.sim/sim_1/behav/xsim/IROM.mif'
INFO: [SIM-utils-43] Exported 'D:/Vivado/code/SME309-RISCV-tmpl/vivado/vivado_proj.sim/sim_1/behav/xsim/all_test.coe'
INFO: [USF-XSim-97] Finding global include files...
INFO: [USF-XSim-98] Fetching design files from 'sim_1'...
INFO: [USF-XSim-2] XSim::Compile design
INFO: [USF-XSim-61] Executing 'COMPILE and ANALYZE' step in 'D:/Vivado/code/SME309-RISCV-tmpl/vivado/vivado_proj.sim/sim_1/behav/xsim'
"xvlog --incr --relax -prj top_vlog.prj"
INFO: [USF-XSim-69] 'compile' step finished in '2' seconds
INFO: [USF-XSim-3] XSim::Elaborate design
INFO: [USF-XSim-61] Executing 'ELABORATE' step in 'D:/Vivado/code/SME309-RISCV-tmpl/vivado/vivado_proj.sim/sim_1/behav/xsim'
Vivado Simulator 2017.4
Copyright 1986-1999, 2001-2016 Xilinx, Inc. All Rights Reserved.
Running: D:/Vivado/Vivado/2017.4/bin/unwrapped/win64.o/xelab.exe -wto 3e6eff3e2d4a4c50a15ac3f36e4eed88 --incr --debug typical --relax --mt 2 -L blk_mem_gen_v8_4_1 -L xil_defaultlib -L dist_mem_gen_v8_0_12 -L unisims_ver -L unimacro_ver -L secureip -L xpm --snapshot top_behav xil_defaultlib.top xil_defaultlib.glbl -log elaborate.log 
Using 2 slave threads.
Starting static elaboration
WARNING: [VRFC 10-278] actual bit length 1 differs from formal bit length 32 for port imm_32 [D:/Vivado/code/SME309-RISCV-tmpl/rtl/cpu/CPU_TOP.v:86]
WARNING: [VRFC 10-278] actual bit length 5 differs from formal bit length 4 for port A1 [D:/Vivado/code/SME309-RISCV-tmpl/rtl/cpu/CPU_TOP.v:92]
WARNING: [VRFC 10-278] actual bit length 5 differs from formal bit length 4 for port A2 [D:/Vivado/code/SME309-RISCV-tmpl/rtl/cpu/CPU_TOP.v:93]
WARNING: [VRFC 10-278] actual bit length 5 differs from formal bit length 4 for port A3 [D:/Vivado/code/SME309-RISCV-tmpl/rtl/cpu/CPU_TOP.v:94]
WARNING: [VRFC 10-278] actual bit length 32 differs from formal bit length 1 for port NextPC [D:/Vivado/code/SME309-RISCV-tmpl/rtl/cpu/CPU_TOP.v:128]
WARNING: [VRFC 10-278] actual bit length 32 differs from formal bit length 10 for port a [D:/Vivado/code/SME309-RISCV-tmpl/rtl/benchmark.v:47]
WARNING: [VRFC 10-1783] select index 62 into current_contents is out of bounds [/wrk/2017.4/nightly/2017_12_15_2086221/packages/customer/vivado/data/ip/xilinx/blk_mem_gen_v8_4/simulation/blk_mem_gen_v8_4.v:2420]
Completed static elaboration
INFO: [XSIM 43-4323] No Change in HDL. Linking previously generated obj files to create kernel
INFO: [USF-XSim-69] 'elaborate' step finished in '3' seconds
INFO: [USF-XSim-4] XSim::Simulate design
INFO: [USF-XSim-61] Executing 'SIMULATE' step in 'D:/Vivado/code/SME309-RISCV-tmpl/vivado/vivado_proj.sim/sim_1/behav/xsim'
INFO: [USF-XSim-98] *** Running xsim
   with args "top_behav -key {Behavioral:sim_1:Functional:top} -tclbatch {top.tcl} -log {simulate.log}"
INFO: [USF-XSim-8] Loading simulator feature
Vivado Simulator 2017.4
Time resolution is 1 ps
source top.tcl
# set curr_wave [current_wave_config]
# if { [string length $curr_wave] == 0 } {
#   if { [llength [get_objects]] > 0} {
#     add_wave /
#     set_property needs_save false [current_wave_config]
#   } else {
#      send_msg_id Add_Wave-1 WARNING "No top level signals found. Simulator will start without a wave window. If you want to open a wave window go to 'File->New Waveform Configuration' or type 'create_wave_config' in the TCL console."
#   }
# }
# run 1000ns
WARNING: This core is supplied with a behavioral model. To model cycle-accurate behavior you must run timing simulation.
 Block Memory Generator module loading initial data...
 Block Memory Generator data initialization complete.
Block Memory Generator module top.u_benchmark.dram_driver_inst.Mem_DRAM.inst.native_mem_module.blk_mem_gen_v8_4_1_inst is using a behavioral model for simulation which will not precisely model memory collision behavior.
INFO: [USF-XSim-96] XSim completed. Design snapshot 'top_behav' loaded.
INFO: [USF-XSim-97] XSim simulation ran for 1000ns
launch_simulation: Time (s): cpu = 00:00:04 ; elapsed = 00:00:08 . Memory (MB): peak = 1150.105 ; gain = 0.109
set_property SOURCE_SET sources_1 [get_filesets sim_1]
add_files -fileset sim_1 -norecurse -scan_for_includes D:/Vivado/code/SME309-RISCV-tmpl/sim/tb_top.v
update_compile_order -fileset sim_1
set_property top tb_Top [get_filesets sim_1]
set_property top_lib xil_defaultlib [get_filesets sim_1]
update_compile_order -fileset sim_1
launch_simulation
INFO: [Vivado 12-5698] Checking validity of IPs in the design for the 'XSim' simulator...
INFO: [Vivado 12-5682] Launching behavioral simulation in 'D:/Vivado/code/SME309-RISCV-tmpl/vivado/vivado_proj.sim/sim_1/behav/xsim'
INFO: [Vivado 12-4795] Using compiled simulation libraries for IPs
INFO: [SIM-utils-51] Simulation object is 'sim_1'
INFO: [USF-XSim-7] Finding pre-compiled libraries...
INFO: [USF-XSim-11] File 'D:/Vivado/Vivado/2017.4/data/xsim/ip/xsim_ip.ini' copied to run dir:'D:/Vivado/code/SME309-RISCV-tmpl/vivado/vivado_proj.sim/sim_1/behav/xsim'
INFO: [SIM-utils-54] Inspecting design source files for 'tb_Top' in fileset 'sim_1'...
INFO: [SIM-utils-43] Exported 'D:/Vivado/code/SME309-RISCV-tmpl/vivado/vivado_proj.sim/sim_1/behav/xsim/DRAM.mif'
INFO: [SIM-utils-43] Exported 'D:/Vivado/code/SME309-RISCV-tmpl/vivado/vivado_proj.sim/sim_1/behav/xsim/all_test_case.coe'
INFO: [SIM-utils-43] Exported 'D:/Vivado/code/SME309-RISCV-tmpl/vivado/vivado_proj.sim/sim_1/behav/xsim/IROM.mif'
INFO: [SIM-utils-43] Exported 'D:/Vivado/code/SME309-RISCV-tmpl/vivado/vivado_proj.sim/sim_1/behav/xsim/all_test.coe'
INFO: [USF-XSim-97] Finding global include files...
INFO: [USF-XSim-98] Fetching design files from 'sim_1'...
INFO: [USF-XSim-2] XSim::Compile design
INFO: [USF-XSim-61] Executing 'COMPILE and ANALYZE' step in 'D:/Vivado/code/SME309-RISCV-tmpl/vivado/vivado_proj.sim/sim_1/behav/xsim'
"xvlog --incr --relax -prj tb_Top_vlog.prj"
INFO: [VRFC 10-2263] Analyzing Verilog file "D:/Vivado/code/SME309-RISCV-tmpl/vivado/vivado_proj.srcs/sources_1/ip/DRAM/sim/DRAM.v" into library xil_defaultlib
INFO: [VRFC 10-311] analyzing module DRAM
INFO: [VRFC 10-2263] Analyzing Verilog file "D:/Vivado/code/SME309-RISCV-tmpl/vivado/vivado_proj.srcs/sources_1/ip/IROM/sim/IROM.v" into library xil_defaultlib
INFO: [VRFC 10-311] analyzing module IROM
INFO: [VRFC 10-2263] Analyzing Verilog file "D:/Vivado/code/SME309-RISCV-tmpl/vivado/vivado_proj.srcs/sources_1/ip/pll/pll_clk_wiz.v" into library xil_defaultlib
INFO: [VRFC 10-311] analyzing module pll_clk_wiz
INFO: [VRFC 10-2263] Analyzing Verilog file "D:/Vivado/code/SME309-RISCV-tmpl/vivado/vivado_proj.srcs/sources_1/ip/pll/pll.v" into library xil_defaultlib
INFO: [VRFC 10-311] analyzing module pll
INFO: [VRFC 10-2263] Analyzing Verilog file "D:/Vivado/code/SME309-RISCV-tmpl/vivado/vivado_proj.srcs/sources_1/new/Alu.v" into library xil_defaultlib
INFO: [VRFC 10-311] analyzing module Alu
INFO: [VRFC 10-2263] Analyzing Verilog file "D:/Vivado/code/SME309-RISCV-tmpl/rtl/cpu/CPU_TOP.v" into library xil_defaultlib
INFO: [VRFC 10-311] analyzing module CPU
INFO: [VRFC 10-2263] Analyzing Verilog file "D:/Vivado/code/SME309-RISCV-tmpl/vivado/vivado_proj.srcs/sources_1/new/Control.v" into library xil_defaultlib
INFO: [VRFC 10-311] analyzing module Control
WARNING: [VRFC 10-2502] extra semicolon in $unit (global) scope [D:/Vivado/code/SME309-RISCV-tmpl/vivado/vivado_proj.srcs/sources_1/new/Control.v:279]
INFO: [VRFC 10-2263] Analyzing Verilog file "D:/Vivado/code/SME309-RISCV-tmpl/vivado/vivado_proj.srcs/sources_1/new/Decoder.v" into library xil_defaultlib
INFO: [VRFC 10-311] analyzing module Decoder
WARNING: [VRFC 10-2502] extra semicolon in $unit (global) scope [D:/Vivado/code/SME309-RISCV-tmpl/vivado/vivado_proj.srcs/sources_1/new/Decoder.v:19]
INFO: [VRFC 10-2263] Analyzing Verilog file "D:/Vivado/code/SME309-RISCV-tmpl/vivado/vivado_proj.srcs/sources_1/new/Extend.v" into library xil_defaultlib
INFO: [VRFC 10-311] analyzing module Extend
WARNING: [VRFC 10-2502] extra semicolon in $unit (global) scope [D:/Vivado/code/SME309-RISCV-tmpl/vivado/vivado_proj.srcs/sources_1/new/Extend.v:37]
INFO: [VRFC 10-2263] Analyzing Verilog file "D:/Vivado/code/SME309-RISCV-tmpl/vivado/vivado_proj.srcs/sources_1/new/Memdata.v" into library xil_defaultlib
INFO: [VRFC 10-311] analyzing module Memdata
INFO: [VRFC 10-2263] Analyzing Verilog file "D:/Vivado/code/SME309-RISCV-tmpl/vivado/vivado_proj.srcs/sources_1/new/ProgramCounter.v" into library xil_defaultlib
INFO: [VRFC 10-311] analyzing module ProgramCounter
INFO: [VRFC 10-2263] Analyzing Verilog file "D:/Vivado/code/SME309-RISCV-tmpl/vivado/vivado_proj.srcs/sources_1/new/RegisterFile.v" into library xil_defaultlib
INFO: [VRFC 10-311] analyzing module RegisterFile
INFO: [VRFC 10-2263] Analyzing Verilog file "D:/Vivado/code/SME309-RISCV-tmpl/rtl/benchmark.v" into library xil_defaultlib
WARNING: [VRFC 10-998] macro MEM_ADDR_START redefined [../../../../../rtl/define.v:6]
WARNING: [VRFC 10-998] macro MEM_ADDR_END redefined [../../../../../rtl/define.v:7]
INFO: [VRFC 10-311] analyzing module benchmark
INFO: [VRFC 10-2263] Analyzing Verilog file "D:/Vivado/code/SME309-RISCV-tmpl/rtl/dram_driver.v" into library xil_defaultlib
INFO: [VRFC 10-311] analyzing module dram_driver
INFO: [VRFC 10-2263] Analyzing Verilog file "D:/Vivado/code/SME309-RISCV-tmpl/rtl/seven_seg.v" into library xil_defaultlib
INFO: [VRFC 10-311] analyzing module seven_seg
INFO: [VRFC 10-2263] Analyzing Verilog file "D:/Vivado/code/SME309-RISCV-tmpl/vivado/top.v" into library xil_defaultlib
INFO: [VRFC 10-311] analyzing module top
INFO: [VRFC 10-2263] Analyzing Verilog file "D:/Vivado/code/SME309-RISCV-tmpl/sim/tb_top.v" into library xil_defaultlib
INFO: [VRFC 10-311] analyzing module tb_Top
INFO: [USF-XSim-69] 'compile' step finished in '1' seconds
INFO: [USF-XSim-3] XSim::Elaborate design
INFO: [USF-XSim-61] Executing 'ELABORATE' step in 'D:/Vivado/code/SME309-RISCV-tmpl/vivado/vivado_proj.sim/sim_1/behav/xsim'
Vivado Simulator 2017.4
Copyright 1986-1999, 2001-2016 Xilinx, Inc. All Rights Reserved.
Running: D:/Vivado/Vivado/2017.4/bin/unwrapped/win64.o/xelab.exe -wto 3e6eff3e2d4a4c50a15ac3f36e4eed88 --incr --debug typical --relax --mt 2 -L blk_mem_gen_v8_4_1 -L xil_defaultlib -L dist_mem_gen_v8_0_12 -L unisims_ver -L unimacro_ver -L secureip -L xpm --snapshot tb_Top_behav xil_defaultlib.tb_Top xil_defaultlib.glbl -log elaborate.log 
Using 2 slave threads.
Starting static elaboration
ERROR: [VRFC 10-426] cannot find port DATA on this module [D:/Vivado/code/SME309-RISCV-tmpl/sim/tb_top.v:18]
ERROR: [VRFC 10-2063] Module <pll> not found while processing module instance <pll_inst> [D:/Vivado/code/SME309-RISCV-tmpl/vivado/top.v:24]
ERROR: [VRFC 10-2063] Module <CPU> not found while processing module instance <u_cpu> [D:/Vivado/code/SME309-RISCV-tmpl/vivado/top.v:33]
ERROR: [VRFC 10-2063] Module <benchmark> not found while processing module instance <u_benchmark> [D:/Vivado/code/SME309-RISCV-tmpl/vivado/top.v:48]
ERROR: [XSIM 43-3322] Static elaboration of top level Verilog design unit(s) in library work failed.
INFO: [USF-XSim-69] 'elaborate' step finished in '1' seconds
INFO: [USF-XSim-99] Step results log file:'D:/Vivado/code/SME309-RISCV-tmpl/vivado/vivado_proj.sim/sim_1/behav/xsim/elaborate.log'
ERROR: [USF-XSim-62] 'elaborate' step failed with error(s). Please check the Tcl console output or 'D:/Vivado/code/SME309-RISCV-tmpl/vivado/vivado_proj.sim/sim_1/behav/xsim/elaborate.log' file for more information.
ERROR: [Vivado 12-4473] Detected error while running simulation. Please correct the issue and retry this operation.
ERROR: [Common 17-39] 'launch_simulation' failed due to earlier errors.
launch_simulation
INFO: [Vivado 12-5698] Checking validity of IPs in the design for the 'XSim' simulator...
INFO: [Vivado 12-5682] Launching behavioral simulation in 'D:/Vivado/code/SME309-RISCV-tmpl/vivado/vivado_proj.sim/sim_1/behav/xsim'
INFO: [Vivado 12-4795] Using compiled simulation libraries for IPs
INFO: [SIM-utils-51] Simulation object is 'sim_1'
INFO: [USF-XSim-7] Finding pre-compiled libraries...
INFO: [USF-XSim-11] File 'D:/Vivado/Vivado/2017.4/data/xsim/ip/xsim_ip.ini' copied to run dir:'D:/Vivado/code/SME309-RISCV-tmpl/vivado/vivado_proj.sim/sim_1/behav/xsim'
INFO: [SIM-utils-54] Inspecting design source files for 'tb_Top' in fileset 'sim_1'...
INFO: [SIM-utils-43] Exported 'D:/Vivado/code/SME309-RISCV-tmpl/vivado/vivado_proj.sim/sim_1/behav/xsim/DRAM.mif'
INFO: [SIM-utils-43] Exported 'D:/Vivado/code/SME309-RISCV-tmpl/vivado/vivado_proj.sim/sim_1/behav/xsim/all_test_case.coe'
INFO: [SIM-utils-43] Exported 'D:/Vivado/code/SME309-RISCV-tmpl/vivado/vivado_proj.sim/sim_1/behav/xsim/IROM.mif'
INFO: [SIM-utils-43] Exported 'D:/Vivado/code/SME309-RISCV-tmpl/vivado/vivado_proj.sim/sim_1/behav/xsim/all_test.coe'
INFO: [USF-XSim-97] Finding global include files...
INFO: [USF-XSim-98] Fetching design files from 'sim_1'...
INFO: [USF-XSim-2] XSim::Compile design
INFO: [USF-XSim-61] Executing 'COMPILE and ANALYZE' step in 'D:/Vivado/code/SME309-RISCV-tmpl/vivado/vivado_proj.sim/sim_1/behav/xsim'
"xvlog --incr --relax -prj tb_Top_vlog.prj"
INFO: [VRFC 10-2263] Analyzing Verilog file "D:/Vivado/code/SME309-RISCV-tmpl/vivado/vivado_proj.srcs/sources_1/ip/DRAM/sim/DRAM.v" into library xil_defaultlib
INFO: [VRFC 10-311] analyzing module DRAM
INFO: [VRFC 10-2263] Analyzing Verilog file "D:/Vivado/code/SME309-RISCV-tmpl/vivado/vivado_proj.srcs/sources_1/ip/IROM/sim/IROM.v" into library xil_defaultlib
INFO: [VRFC 10-311] analyzing module IROM
INFO: [VRFC 10-2263] Analyzing Verilog file "D:/Vivado/code/SME309-RISCV-tmpl/vivado/vivado_proj.srcs/sources_1/ip/pll/pll_clk_wiz.v" into library xil_defaultlib
INFO: [VRFC 10-311] analyzing module pll_clk_wiz
INFO: [VRFC 10-2263] Analyzing Verilog file "D:/Vivado/code/SME309-RISCV-tmpl/vivado/vivado_proj.srcs/sources_1/ip/pll/pll.v" into library xil_defaultlib
INFO: [VRFC 10-311] analyzing module pll
INFO: [VRFC 10-2263] Analyzing Verilog file "D:/Vivado/code/SME309-RISCV-tmpl/vivado/vivado_proj.srcs/sources_1/new/Alu.v" into library xil_defaultlib
INFO: [VRFC 10-311] analyzing module Alu
INFO: [VRFC 10-2263] Analyzing Verilog file "D:/Vivado/code/SME309-RISCV-tmpl/rtl/cpu/CPU_TOP.v" into library xil_defaultlib
INFO: [VRFC 10-311] analyzing module CPU
INFO: [VRFC 10-2263] Analyzing Verilog file "D:/Vivado/code/SME309-RISCV-tmpl/vivado/vivado_proj.srcs/sources_1/new/Control.v" into library xil_defaultlib
INFO: [VRFC 10-311] analyzing module Control
WARNING: [VRFC 10-2502] extra semicolon in $unit (global) scope [D:/Vivado/code/SME309-RISCV-tmpl/vivado/vivado_proj.srcs/sources_1/new/Control.v:279]
INFO: [VRFC 10-2263] Analyzing Verilog file "D:/Vivado/code/SME309-RISCV-tmpl/vivado/vivado_proj.srcs/sources_1/new/Decoder.v" into library xil_defaultlib
INFO: [VRFC 10-311] analyzing module Decoder
WARNING: [VRFC 10-2502] extra semicolon in $unit (global) scope [D:/Vivado/code/SME309-RISCV-tmpl/vivado/vivado_proj.srcs/sources_1/new/Decoder.v:19]
INFO: [VRFC 10-2263] Analyzing Verilog file "D:/Vivado/code/SME309-RISCV-tmpl/vivado/vivado_proj.srcs/sources_1/new/Extend.v" into library xil_defaultlib
INFO: [VRFC 10-311] analyzing module Extend
WARNING: [VRFC 10-2502] extra semicolon in $unit (global) scope [D:/Vivado/code/SME309-RISCV-tmpl/vivado/vivado_proj.srcs/sources_1/new/Extend.v:37]
INFO: [VRFC 10-2263] Analyzing Verilog file "D:/Vivado/code/SME309-RISCV-tmpl/vivado/vivado_proj.srcs/sources_1/new/Memdata.v" into library xil_defaultlib
INFO: [VRFC 10-311] analyzing module Memdata
INFO: [VRFC 10-2263] Analyzing Verilog file "D:/Vivado/code/SME309-RISCV-tmpl/vivado/vivado_proj.srcs/sources_1/new/ProgramCounter.v" into library xil_defaultlib
INFO: [VRFC 10-311] analyzing module ProgramCounter
INFO: [VRFC 10-2263] Analyzing Verilog file "D:/Vivado/code/SME309-RISCV-tmpl/vivado/vivado_proj.srcs/sources_1/new/RegisterFile.v" into library xil_defaultlib
INFO: [VRFC 10-311] analyzing module RegisterFile
INFO: [VRFC 10-2263] Analyzing Verilog file "D:/Vivado/code/SME309-RISCV-tmpl/rtl/benchmark.v" into library xil_defaultlib
WARNING: [VRFC 10-998] macro MEM_ADDR_START redefined [../../../../../rtl/define.v:6]
WARNING: [VRFC 10-998] macro MEM_ADDR_END redefined [../../../../../rtl/define.v:7]
INFO: [VRFC 10-311] analyzing module benchmark
INFO: [VRFC 10-2263] Analyzing Verilog file "D:/Vivado/code/SME309-RISCV-tmpl/rtl/dram_driver.v" into library xil_defaultlib
INFO: [VRFC 10-311] analyzing module dram_driver
INFO: [VRFC 10-2263] Analyzing Verilog file "D:/Vivado/code/SME309-RISCV-tmpl/rtl/seven_seg.v" into library xil_defaultlib
INFO: [VRFC 10-311] analyzing module seven_seg
INFO: [VRFC 10-2263] Analyzing Verilog file "D:/Vivado/code/SME309-RISCV-tmpl/vivado/top.v" into library xil_defaultlib
INFO: [VRFC 10-311] analyzing module top
INFO: [VRFC 10-2263] Analyzing Verilog file "D:/Vivado/code/SME309-RISCV-tmpl/sim/tb_top.v" into library xil_defaultlib
INFO: [VRFC 10-311] analyzing module tb_Top
INFO: [USF-XSim-69] 'compile' step finished in '1' seconds
INFO: [USF-XSim-3] XSim::Elaborate design
INFO: [USF-XSim-61] Executing 'ELABORATE' step in 'D:/Vivado/code/SME309-RISCV-tmpl/vivado/vivado_proj.sim/sim_1/behav/xsim'
Vivado Simulator 2017.4
Copyright 1986-1999, 2001-2016 Xilinx, Inc. All Rights Reserved.
Running: D:/Vivado/Vivado/2017.4/bin/unwrapped/win64.o/xelab.exe -wto 3e6eff3e2d4a4c50a15ac3f36e4eed88 --incr --debug typical --relax --mt 2 -L blk_mem_gen_v8_4_1 -L xil_defaultlib -L dist_mem_gen_v8_0_12 -L unisims_ver -L unimacro_ver -L secureip -L xpm --snapshot tb_Top_behav xil_defaultlib.tb_Top xil_defaultlib.glbl -log elaborate.log 
Using 2 slave threads.
Starting static elaboration
WARNING: [VRFC 10-278] actual bit length 1 differs from formal bit length 32 for port imm_32 [D:/Vivado/code/SME309-RISCV-tmpl/rtl/cpu/CPU_TOP.v:86]
WARNING: [VRFC 10-278] actual bit length 5 differs from formal bit length 4 for port A1 [D:/Vivado/code/SME309-RISCV-tmpl/rtl/cpu/CPU_TOP.v:92]
WARNING: [VRFC 10-278] actual bit length 5 differs from formal bit length 4 for port A2 [D:/Vivado/code/SME309-RISCV-tmpl/rtl/cpu/CPU_TOP.v:93]
WARNING: [VRFC 10-278] actual bit length 5 differs from formal bit length 4 for port A3 [D:/Vivado/code/SME309-RISCV-tmpl/rtl/cpu/CPU_TOP.v:94]
WARNING: [VRFC 10-278] actual bit length 32 differs from formal bit length 1 for port NextPC [D:/Vivado/code/SME309-RISCV-tmpl/rtl/cpu/CPU_TOP.v:128]
WARNING: [VRFC 10-278] actual bit length 32 differs from formal bit length 10 for port a [D:/Vivado/code/SME309-RISCV-tmpl/rtl/benchmark.v:47]
WARNING: [VRFC 10-1783] select index 62 into current_contents is out of bounds [/wrk/2017.4/nightly/2017_12_15_2086221/packages/customer/vivado/data/ip/xilinx/blk_mem_gen_v8_4/simulation/blk_mem_gen_v8_4.v:2420]
Completed static elaboration
Starting simulation data flow analysis
Completed simulation data flow analysis
Time Resolution for simulation is 1ps
Compiling module unisims_ver.IBUF
Compiling module unisims_ver.PLLE2_ADV(CLKFBOUT_MULT=17,CLKIN...
Compiling module unisims_ver.BUFG
Compiling module xil_defaultlib.pll_clk_wiz
Compiling module xil_defaultlib.pll
Compiling module xil_defaultlib.Decoder
Compiling module xil_defaultlib.Control
Compiling module xil_defaultlib.Extend
Compiling module xil_defaultlib.RegisterFile
Compiling module xil_defaultlib.Alu
Compiling module xil_defaultlib.ProgramCounter
Compiling module xil_defaultlib.Memdata
Compiling module xil_defaultlib.CPU
Compiling module dist_mem_gen_v8_0_12.dist_mem_gen_v8_0_12(C_FAMILY="a...
Compiling module xil_defaultlib.IROM
Compiling module blk_mem_gen_v8_4_1.blk_mem_gen_v8_4_1_output_stage(...
Compiling module blk_mem_gen_v8_4_1.blk_mem_gen_v8_4_1_output_stage(...
Compiling module blk_mem_gen_v8_4_1.blk_mem_gen_v8_4_1_softecc_outpu...
Compiling module blk_mem_gen_v8_4_1.blk_mem_gen_v8_4_1_mem_module(C_...
Compiling module blk_mem_gen_v8_4_1.blk_mem_gen_v8_4_1(C_FAMILY="art...
Compiling module xil_defaultlib.DRAM
Compiling module xil_defaultlib.dram_driver
Compiling module xil_defaultlib.seven_seg
Compiling module xil_defaultlib.benchmark
Compiling module xil_defaultlib.top
Compiling module xil_defaultlib.tb_Top
Compiling module xil_defaultlib.glbl
Built simulation snapshot tb_Top_behav

****** Webtalk v2017.4 (64-bit)
  **** SW Build 2086221 on Fri Dec 15 20:55:39 MST 2017
  **** IP Build 2085800 on Fri Dec 15 22:25:07 MST 2017
    ** Copyright 1986-2017 Xilinx, Inc. All Rights Reserved.

source D:/Vivado/code/SME309-RISCV-tmpl/vivado/vivado_proj.sim/sim_1/behav/xsim/xsim.dir/tb_Top_behav/webtalk/xsim_webtalk.tcl -notrace
INFO: [Common 17-206] Exiting Webtalk at Sun Dec 21 00:00:26 2025...
run_program: Time (s): cpu = 00:00:00 ; elapsed = 00:00:08 . Memory (MB): peak = 1157.234 ; gain = 0.035
INFO: [USF-XSim-69] 'elaborate' step finished in '8' seconds
INFO: [USF-XSim-4] XSim::Simulate design
INFO: [USF-XSim-61] Executing 'SIMULATE' step in 'D:/Vivado/code/SME309-RISCV-tmpl/vivado/vivado_proj.sim/sim_1/behav/xsim'
INFO: [USF-XSim-98] *** Running xsim
   with args "tb_Top_behav -key {Behavioral:sim_1:Functional:tb_Top} -tclbatch {tb_Top.tcl} -log {simulate.log}"
INFO: [USF-XSim-8] Loading simulator feature
Vivado Simulator 2017.4
Time resolution is 1 ps
source tb_Top.tcl
# set curr_wave [current_wave_config]
# if { [string length $curr_wave] == 0 } {
#   if { [llength [get_objects]] > 0} {
#     add_wave /
#     set_property needs_save false [current_wave_config]
#   } else {
#      send_msg_id Add_Wave-1 WARNING "No top level signals found. Simulator will start without a wave window. If you want to open a wave window go to 'File->New Waveform Configuration' or type 'create_wave_config' in the TCL console."
#   }
# }
# run 1000ns
WARNING: This core is supplied with a behavioral model. To model cycle-accurate behavior you must run timing simulation.
 Block Memory Generator module loading initial data...
 Block Memory Generator data initialization complete.
Block Memory Generator module tb_Top.dut.u_benchmark.dram_driver_inst.Mem_DRAM.inst.native_mem_module.blk_mem_gen_v8_4_1_inst is using a behavioral model for simulation which will not precisely model memory collision behavior.
save to testbench.wave
Warning : input CLKIN1 period and attribute CLKIN1_PERIOD on PLLE2_ADV instance tb_Top.dut.pll_inst.inst.plle2_adv_inst are not same.
INFO: [USF-XSim-96] XSim completed. Design snapshot 'tb_Top_behav' loaded.
INFO: [USF-XSim-97] XSim simulation ran for 1000ns
launch_simulation: Time (s): cpu = 00:00:04 ; elapsed = 00:00:12 . Memory (MB): peak = 1167.266 ; gain = 10.543
run 10 us
relaunch_sim
INFO: [Vivado 12-5698] Checking validity of IPs in the design for the 'XSim' simulator...
INFO: [Vivado 12-5682] Launching behavioral simulation in 'D:/Vivado/code/SME309-RISCV-tmpl/vivado/vivado_proj.sim/sim_1/behav/xsim'
INFO: [Vivado 12-4795] Using compiled simulation libraries for IPs
INFO: [SIM-utils-51] Simulation object is 'sim_1'
INFO: [USF-XSim-7] Finding pre-compiled libraries...
INFO: [USF-XSim-11] File 'D:/Vivado/Vivado/2017.4/data/xsim/ip/xsim_ip.ini' copied to run dir:'D:/Vivado/code/SME309-RISCV-tmpl/vivado/vivado_proj.sim/sim_1/behav/xsim'
INFO: [SIM-utils-54] Inspecting design source files for 'tb_Top' in fileset 'sim_1'...
INFO: [SIM-utils-43] Exported 'D:/Vivado/code/SME309-RISCV-tmpl/vivado/vivado_proj.sim/sim_1/behav/xsim/DRAM.mif'
INFO: [SIM-utils-43] Exported 'D:/Vivado/code/SME309-RISCV-tmpl/vivado/vivado_proj.sim/sim_1/behav/xsim/all_test_case.coe'
INFO: [SIM-utils-43] Exported 'D:/Vivado/code/SME309-RISCV-tmpl/vivado/vivado_proj.sim/sim_1/behav/xsim/IROM.mif'
INFO: [SIM-utils-43] Exported 'D:/Vivado/code/SME309-RISCV-tmpl/vivado/vivado_proj.sim/sim_1/behav/xsim/all_test.coe'
INFO: [USF-XSim-97] Finding global include files...
INFO: [USF-XSim-98] Fetching design files from 'sim_1'...
INFO: [USF-XSim-2] XSim::Compile design
INFO: [USF-XSim-61] Executing 'COMPILE and ANALYZE' step in 'D:/Vivado/code/SME309-RISCV-tmpl/vivado/vivado_proj.sim/sim_1/behav/xsim'
"xvlog --incr --relax -prj tb_Top_vlog.prj"
INFO: [USF-XSim-69] 'compile' step finished in '1' seconds
INFO: [Vivado 12-5698] Checking validity of IPs in the design for the 'XSim' simulator...
INFO: [Vivado 12-5682] Launching behavioral simulation in 'D:/Vivado/code/SME309-RISCV-tmpl/vivado/vivado_proj.sim/sim_1/behav/xsim'
INFO: [Vivado 12-4795] Using compiled simulation libraries for IPs
INFO: [USF-XSim-3] XSim::Elaborate design
INFO: [USF-XSim-61] Executing 'ELABORATE' step in 'D:/Vivado/code/SME309-RISCV-tmpl/vivado/vivado_proj.sim/sim_1/behav/xsim'
Vivado Simulator 2017.4
Copyright 1986-1999, 2001-2016 Xilinx, Inc. All Rights Reserved.
Running: D:/Vivado/Vivado/2017.4/bin/unwrapped/win64.o/xelab.exe -wto 3e6eff3e2d4a4c50a15ac3f36e4eed88 --incr --debug typical --relax --mt 2 -L blk_mem_gen_v8_4_1 -L xil_defaultlib -L dist_mem_gen_v8_0_12 -L unisims_ver -L unimacro_ver -L secureip -L xpm --snapshot tb_Top_behav xil_defaultlib.tb_Top xil_defaultlib.glbl -log elaborate.log 
Using 2 slave threads.
Starting static elaboration
WARNING: [VRFC 10-278] actual bit length 1 differs from formal bit length 32 for port imm_32 [D:/Vivado/code/SME309-RISCV-tmpl/rtl/cpu/CPU_TOP.v:86]
WARNING: [VRFC 10-278] actual bit length 5 differs from formal bit length 4 for port A1 [D:/Vivado/code/SME309-RISCV-tmpl/rtl/cpu/CPU_TOP.v:92]
WARNING: [VRFC 10-278] actual bit length 5 differs from formal bit length 4 for port A2 [D:/Vivado/code/SME309-RISCV-tmpl/rtl/cpu/CPU_TOP.v:93]
WARNING: [VRFC 10-278] actual bit length 5 differs from formal bit length 4 for port A3 [D:/Vivado/code/SME309-RISCV-tmpl/rtl/cpu/CPU_TOP.v:94]
WARNING: [VRFC 10-278] actual bit length 32 differs from formal bit length 1 for port NextPC [D:/Vivado/code/SME309-RISCV-tmpl/rtl/cpu/CPU_TOP.v:128]
WARNING: [VRFC 10-278] actual bit length 32 differs from formal bit length 10 for port a [D:/Vivado/code/SME309-RISCV-tmpl/rtl/benchmark.v:47]
WARNING: [VRFC 10-1783] select index 62 into current_contents is out of bounds [/wrk/2017.4/nightly/2017_12_15_2086221/packages/customer/vivado/data/ip/xilinx/blk_mem_gen_v8_4/simulation/blk_mem_gen_v8_4.v:2420]
Completed static elaboration
INFO: [XSIM 43-4323] No Change in HDL. Linking previously generated obj files to create kernel
INFO: [USF-XSim-69] 'elaborate' step finished in '1' seconds
Vivado Simulator 2017.4
Time resolution is 1 ps
WARNING: This core is supplied with a behavioral model. To model cycle-accurate behavior you must run timing simulation.
 Block Memory Generator module loading initial data...
 Block Memory Generator data initialization complete.
Block Memory Generator module tb_Top.dut.u_benchmark.dram_driver_inst.Mem_DRAM.inst.native_mem_module.blk_mem_gen_v8_4_1_inst is using a behavioral model for simulation which will not precisely model memory collision behavior.
save to testbench.wave
Warning : input CLKIN1 period and attribute CLKIN1_PERIOD on PLLE2_ADV instance tb_Top.dut.pll_inst.inst.plle2_adv_inst are not same.
relaunch_sim: Time (s): cpu = 00:00:04 ; elapsed = 00:00:07 . Memory (MB): peak = 1170.773 ; gain = 2.656
relaunch_sim
INFO: [Vivado 12-5698] Checking validity of IPs in the design for the 'XSim' simulator...
INFO: [Vivado 12-5682] Launching behavioral simulation in 'D:/Vivado/code/SME309-RISCV-tmpl/vivado/vivado_proj.sim/sim_1/behav/xsim'
INFO: [Vivado 12-4795] Using compiled simulation libraries for IPs
INFO: [SIM-utils-51] Simulation object is 'sim_1'
INFO: [USF-XSim-7] Finding pre-compiled libraries...
INFO: [USF-XSim-11] File 'D:/Vivado/Vivado/2017.4/data/xsim/ip/xsim_ip.ini' copied to run dir:'D:/Vivado/code/SME309-RISCV-tmpl/vivado/vivado_proj.sim/sim_1/behav/xsim'
INFO: [SIM-utils-54] Inspecting design source files for 'tb_Top' in fileset 'sim_1'...
INFO: [SIM-utils-43] Exported 'D:/Vivado/code/SME309-RISCV-tmpl/vivado/vivado_proj.sim/sim_1/behav/xsim/DRAM.mif'
INFO: [SIM-utils-43] Exported 'D:/Vivado/code/SME309-RISCV-tmpl/vivado/vivado_proj.sim/sim_1/behav/xsim/all_test_case.coe'
INFO: [SIM-utils-43] Exported 'D:/Vivado/code/SME309-RISCV-tmpl/vivado/vivado_proj.sim/sim_1/behav/xsim/IROM.mif'
INFO: [SIM-utils-43] Exported 'D:/Vivado/code/SME309-RISCV-tmpl/vivado/vivado_proj.sim/sim_1/behav/xsim/all_test.coe'
INFO: [USF-XSim-97] Finding global include files...
INFO: [USF-XSim-98] Fetching design files from 'sim_1'...
INFO: [USF-XSim-2] XSim::Compile design
INFO: [USF-XSim-61] Executing 'COMPILE and ANALYZE' step in 'D:/Vivado/code/SME309-RISCV-tmpl/vivado/vivado_proj.sim/sim_1/behav/xsim'
"xvlog --incr --relax -prj tb_Top_vlog.prj"
INFO: [USF-XSim-69] 'compile' step finished in '1' seconds
INFO: [Vivado 12-5698] Checking validity of IPs in the design for the 'XSim' simulator...
INFO: [Vivado 12-5682] Launching behavioral simulation in 'D:/Vivado/code/SME309-RISCV-tmpl/vivado/vivado_proj.sim/sim_1/behav/xsim'
INFO: [Vivado 12-4795] Using compiled simulation libraries for IPs
INFO: [USF-XSim-3] XSim::Elaborate design
INFO: [USF-XSim-61] Executing 'ELABORATE' step in 'D:/Vivado/code/SME309-RISCV-tmpl/vivado/vivado_proj.sim/sim_1/behav/xsim'
Vivado Simulator 2017.4
Copyright 1986-1999, 2001-2016 Xilinx, Inc. All Rights Reserved.
Running: D:/Vivado/Vivado/2017.4/bin/unwrapped/win64.o/xelab.exe -wto 3e6eff3e2d4a4c50a15ac3f36e4eed88 --incr --debug typical --relax --mt 2 -L blk_mem_gen_v8_4_1 -L xil_defaultlib -L dist_mem_gen_v8_0_12 -L unisims_ver -L unimacro_ver -L secureip -L xpm --snapshot tb_Top_behav xil_defaultlib.tb_Top xil_defaultlib.glbl -log elaborate.log 
Using 2 slave threads.
Starting static elaboration
WARNING: [VRFC 10-278] actual bit length 1 differs from formal bit length 32 for port imm_32 [D:/Vivado/code/SME309-RISCV-tmpl/rtl/cpu/CPU_TOP.v:86]
WARNING: [VRFC 10-278] actual bit length 5 differs from formal bit length 4 for port A1 [D:/Vivado/code/SME309-RISCV-tmpl/rtl/cpu/CPU_TOP.v:92]
WARNING: [VRFC 10-278] actual bit length 5 differs from formal bit length 4 for port A2 [D:/Vivado/code/SME309-RISCV-tmpl/rtl/cpu/CPU_TOP.v:93]
WARNING: [VRFC 10-278] actual bit length 5 differs from formal bit length 4 for port A3 [D:/Vivado/code/SME309-RISCV-tmpl/rtl/cpu/CPU_TOP.v:94]
WARNING: [VRFC 10-278] actual bit length 32 differs from formal bit length 1 for port NextPC [D:/Vivado/code/SME309-RISCV-tmpl/rtl/cpu/CPU_TOP.v:128]
WARNING: [VRFC 10-278] actual bit length 32 differs from formal bit length 10 for port a [D:/Vivado/code/SME309-RISCV-tmpl/rtl/benchmark.v:47]
WARNING: [VRFC 10-1783] select index 62 into current_contents is out of bounds [/wrk/2017.4/nightly/2017_12_15_2086221/packages/customer/vivado/data/ip/xilinx/blk_mem_gen_v8_4/simulation/blk_mem_gen_v8_4.v:2420]
Completed static elaboration
INFO: [XSIM 43-4323] No Change in HDL. Linking previously generated obj files to create kernel
INFO: [USF-XSim-69] 'elaborate' step finished in '1' seconds
Vivado Simulator 2017.4
Time resolution is 1 ps
WARNING: This core is supplied with a behavioral model. To model cycle-accurate behavior you must run timing simulation.
 Block Memory Generator module loading initial data...
 Block Memory Generator data initialization complete.
Block Memory Generator module tb_Top.dut.u_benchmark.dram_driver_inst.Mem_DRAM.inst.native_mem_module.blk_mem_gen_v8_4_1_inst is using a behavioral model for simulation which will not precisely model memory collision behavior.
save to testbench.wave
Warning : input CLKIN1 period and attribute CLKIN1_PERIOD on PLLE2_ADV instance tb_Top.dut.pll_inst.inst.plle2_adv_inst are not same.
relaunch_sim: Time (s): cpu = 00:00:02 ; elapsed = 00:00:05 . Memory (MB): peak = 1174.332 ; gain = 2.148
set_property -dict [list CONFIG.coefficient_file {D:/Vivado/code/SME309-RISCV-tmpl/scripts/build/add_loop.coe}] [get_ips IROM]
INFO: [IP_Flow 19-3484] Absolute path of file 'd:/Vivado/code/SME309-RISCV-tmpl/scripts/build/add_loop.coe' provided. It will be converted relative to IP Instance files '../../../../../scripts/build/add_loop.coe'
generate_target all [get_files  D:/Vivado/code/SME309-RISCV-tmpl/vivado/vivado_proj.srcs/sources_1/ip/IROM/IROM.xci]
INFO: [IP_Flow 19-1686] Generating 'Instantiation Template' target for IP 'IROM'...
INFO: [IP_Flow 19-1686] Generating 'Synthesis' target for IP 'IROM'...
INFO: [IP_Flow 19-1686] Generating 'Simulation' target for IP 'IROM'...
INFO: [IP_Flow 19-1686] Generating 'Change Log' target for IP 'IROM'...
export_ip_user_files -of_objects [get_files D:/Vivado/code/SME309-RISCV-tmpl/vivado/vivado_proj.srcs/sources_1/ip/IROM/IROM.xci] -no_script -sync -force -quiet
export_simulation -of_objects [get_files D:/Vivado/code/SME309-RISCV-tmpl/vivado/vivado_proj.srcs/sources_1/ip/IROM/IROM.xci] -directory D:/Vivado/code/SME309-RISCV-tmpl/vivado/vivado_proj.ip_user_files/sim_scripts -ip_user_files_dir D:/Vivado/code/SME309-RISCV-tmpl/vivado/vivado_proj.ip_user_files -ipstatic_source_dir D:/Vivado/code/SME309-RISCV-tmpl/vivado/vivado_proj.ip_user_files/ipstatic -lib_map_path [list {modelsim=D:/Vivado/code/SME309-RISCV-tmpl/vivado/vivado_proj.cache/compile_simlib/modelsim} {questa=D:/Vivado/code/SME309-RISCV-tmpl/vivado/vivado_proj.cache/compile_simlib/questa} {riviera=D:/Vivado/code/SME309-RISCV-tmpl/vivado/vivado_proj.cache/compile_simlib/riviera} {activehdl=D:/Vivado/code/SME309-RISCV-tmpl/vivado/vivado_proj.cache/compile_simlib/activehdl}] -use_ip_compiled_libs -force -quiet
relaunch_sim
INFO: [Vivado 12-5698] Checking validity of IPs in the design for the 'XSim' simulator...
INFO: [Vivado 12-5682] Launching behavioral simulation in 'D:/Vivado/code/SME309-RISCV-tmpl/vivado/vivado_proj.sim/sim_1/behav/xsim'
INFO: [Vivado 12-4795] Using compiled simulation libraries for IPs
INFO: [SIM-utils-51] Simulation object is 'sim_1'
INFO: [USF-XSim-7] Finding pre-compiled libraries...
INFO: [USF-XSim-11] File 'D:/Vivado/Vivado/2017.4/data/xsim/ip/xsim_ip.ini' copied to run dir:'D:/Vivado/code/SME309-RISCV-tmpl/vivado/vivado_proj.sim/sim_1/behav/xsim'
INFO: [SIM-utils-54] Inspecting design source files for 'tb_Top' in fileset 'sim_1'...
INFO: [SIM-utils-43] Exported 'D:/Vivado/code/SME309-RISCV-tmpl/vivado/vivado_proj.sim/sim_1/behav/xsim/DRAM.mif'
INFO: [SIM-utils-43] Exported 'D:/Vivado/code/SME309-RISCV-tmpl/vivado/vivado_proj.sim/sim_1/behav/xsim/all_test_case.coe'
INFO: [SIM-utils-43] Exported 'D:/Vivado/code/SME309-RISCV-tmpl/vivado/vivado_proj.sim/sim_1/behav/xsim/IROM.mif'
INFO: [SIM-utils-43] Exported 'D:/Vivado/code/SME309-RISCV-tmpl/vivado/vivado_proj.sim/sim_1/behav/xsim/add_loop.coe'
INFO: [SIM-utils-43] Exported 'D:/Vivado/code/SME309-RISCV-tmpl/vivado/vivado_proj.sim/sim_1/behav/xsim/all_test.coe'
INFO: [USF-XSim-97] Finding global include files...
INFO: [USF-XSim-98] Fetching design files from 'sim_1'...
INFO: [USF-XSim-2] XSim::Compile design
INFO: [USF-XSim-61] Executing 'COMPILE and ANALYZE' step in 'D:/Vivado/code/SME309-RISCV-tmpl/vivado/vivado_proj.sim/sim_1/behav/xsim'
"xvlog --incr --relax -prj tb_Top_vlog.prj"
INFO: [VRFC 10-2263] Analyzing Verilog file "D:/Vivado/code/SME309-RISCV-tmpl/vivado/vivado_proj.srcs/sources_1/ip/DRAM/sim/DRAM.v" into library xil_defaultlib
INFO: [VRFC 10-311] analyzing module DRAM
INFO: [VRFC 10-2263] Analyzing Verilog file "D:/Vivado/code/SME309-RISCV-tmpl/vivado/vivado_proj.srcs/sources_1/ip/IROM/sim/IROM.v" into library xil_defaultlib
INFO: [VRFC 10-311] analyzing module IROM
INFO: [VRFC 10-2263] Analyzing Verilog file "D:/Vivado/code/SME309-RISCV-tmpl/vivado/vivado_proj.srcs/sources_1/ip/pll/pll_clk_wiz.v" into library xil_defaultlib
INFO: [VRFC 10-311] analyzing module pll_clk_wiz
INFO: [VRFC 10-2263] Analyzing Verilog file "D:/Vivado/code/SME309-RISCV-tmpl/vivado/vivado_proj.srcs/sources_1/ip/pll/pll.v" into library xil_defaultlib
INFO: [VRFC 10-311] analyzing module pll
INFO: [VRFC 10-2263] Analyzing Verilog file "D:/Vivado/code/SME309-RISCV-tmpl/vivado/vivado_proj.srcs/sources_1/new/Alu.v" into library xil_defaultlib
INFO: [VRFC 10-311] analyzing module Alu
INFO: [VRFC 10-2263] Analyzing Verilog file "D:/Vivado/code/SME309-RISCV-tmpl/rtl/cpu/CPU_TOP.v" into library xil_defaultlib
INFO: [VRFC 10-311] analyzing module CPU
INFO: [VRFC 10-2263] Analyzing Verilog file "D:/Vivado/code/SME309-RISCV-tmpl/vivado/vivado_proj.srcs/sources_1/new/Control.v" into library xil_defaultlib
INFO: [VRFC 10-311] analyzing module Control
WARNING: [VRFC 10-2502] extra semicolon in $unit (global) scope [D:/Vivado/code/SME309-RISCV-tmpl/vivado/vivado_proj.srcs/sources_1/new/Control.v:279]
INFO: [VRFC 10-2263] Analyzing Verilog file "D:/Vivado/code/SME309-RISCV-tmpl/vivado/vivado_proj.srcs/sources_1/new/Decoder.v" into library xil_defaultlib
INFO: [VRFC 10-311] analyzing module Decoder
WARNING: [VRFC 10-2502] extra semicolon in $unit (global) scope [D:/Vivado/code/SME309-RISCV-tmpl/vivado/vivado_proj.srcs/sources_1/new/Decoder.v:19]
INFO: [VRFC 10-2263] Analyzing Verilog file "D:/Vivado/code/SME309-RISCV-tmpl/vivado/vivado_proj.srcs/sources_1/new/Extend.v" into library xil_defaultlib
INFO: [VRFC 10-311] analyzing module Extend
WARNING: [VRFC 10-2502] extra semicolon in $unit (global) scope [D:/Vivado/code/SME309-RISCV-tmpl/vivado/vivado_proj.srcs/sources_1/new/Extend.v:37]
INFO: [VRFC 10-2263] Analyzing Verilog file "D:/Vivado/code/SME309-RISCV-tmpl/vivado/vivado_proj.srcs/sources_1/new/Memdata.v" into library xil_defaultlib
INFO: [VRFC 10-311] analyzing module Memdata
INFO: [VRFC 10-2263] Analyzing Verilog file "D:/Vivado/code/SME309-RISCV-tmpl/vivado/vivado_proj.srcs/sources_1/new/ProgramCounter.v" into library xil_defaultlib
INFO: [VRFC 10-311] analyzing module ProgramCounter
INFO: [VRFC 10-2263] Analyzing Verilog file "D:/Vivado/code/SME309-RISCV-tmpl/vivado/vivado_proj.srcs/sources_1/new/RegisterFile.v" into library xil_defaultlib
INFO: [VRFC 10-311] analyzing module RegisterFile
INFO: [VRFC 10-2263] Analyzing Verilog file "D:/Vivado/code/SME309-RISCV-tmpl/rtl/benchmark.v" into library xil_defaultlib
WARNING: [VRFC 10-998] macro MEM_ADDR_START redefined [../../../../../rtl/define.v:6]
WARNING: [VRFC 10-998] macro MEM_ADDR_END redefined [../../../../../rtl/define.v:7]
INFO: [VRFC 10-311] analyzing module benchmark
INFO: [VRFC 10-2263] Analyzing Verilog file "D:/Vivado/code/SME309-RISCV-tmpl/rtl/dram_driver.v" into library xil_defaultlib
INFO: [VRFC 10-311] analyzing module dram_driver
INFO: [VRFC 10-2263] Analyzing Verilog file "D:/Vivado/code/SME309-RISCV-tmpl/rtl/seven_seg.v" into library xil_defaultlib
INFO: [VRFC 10-311] analyzing module seven_seg
INFO: [VRFC 10-2263] Analyzing Verilog file "D:/Vivado/code/SME309-RISCV-tmpl/vivado/top.v" into library xil_defaultlib
INFO: [VRFC 10-311] analyzing module top
INFO: [VRFC 10-2263] Analyzing Verilog file "D:/Vivado/code/SME309-RISCV-tmpl/sim/tb_top.v" into library xil_defaultlib
INFO: [VRFC 10-311] analyzing module tb_Top
INFO: [USF-XSim-69] 'compile' step finished in '1' seconds
INFO: [Vivado 12-5698] Checking validity of IPs in the design for the 'XSim' simulator...
INFO: [Vivado 12-5682] Launching behavioral simulation in 'D:/Vivado/code/SME309-RISCV-tmpl/vivado/vivado_proj.sim/sim_1/behav/xsim'
INFO: [Vivado 12-4795] Using compiled simulation libraries for IPs
INFO: [USF-XSim-3] XSim::Elaborate design
INFO: [USF-XSim-61] Executing 'ELABORATE' step in 'D:/Vivado/code/SME309-RISCV-tmpl/vivado/vivado_proj.sim/sim_1/behav/xsim'
Vivado Simulator 2017.4
Copyright 1986-1999, 2001-2016 Xilinx, Inc. All Rights Reserved.
Running: D:/Vivado/Vivado/2017.4/bin/unwrapped/win64.o/xelab.exe -wto 3e6eff3e2d4a4c50a15ac3f36e4eed88 --incr --debug typical --relax --mt 2 -L blk_mem_gen_v8_4_1 -L xil_defaultlib -L dist_mem_gen_v8_0_12 -L unisims_ver -L unimacro_ver -L secureip -L xpm --snapshot tb_Top_behav xil_defaultlib.tb_Top xil_defaultlib.glbl -log elaborate.log 
Using 2 slave threads.
Starting static elaboration
WARNING: [VRFC 10-278] actual bit length 1 differs from formal bit length 32 for port imm_32 [D:/Vivado/code/SME309-RISCV-tmpl/rtl/cpu/CPU_TOP.v:86]
WARNING: [VRFC 10-278] actual bit length 5 differs from formal bit length 4 for port A1 [D:/Vivado/code/SME309-RISCV-tmpl/rtl/cpu/CPU_TOP.v:92]
WARNING: [VRFC 10-278] actual bit length 5 differs from formal bit length 4 for port A2 [D:/Vivado/code/SME309-RISCV-tmpl/rtl/cpu/CPU_TOP.v:93]
WARNING: [VRFC 10-278] actual bit length 5 differs from formal bit length 4 for port A3 [D:/Vivado/code/SME309-RISCV-tmpl/rtl/cpu/CPU_TOP.v:94]
WARNING: [VRFC 10-278] actual bit length 32 differs from formal bit length 1 for port NextPC [D:/Vivado/code/SME309-RISCV-tmpl/rtl/cpu/CPU_TOP.v:128]
WARNING: [VRFC 10-278] actual bit length 32 differs from formal bit length 10 for port a [D:/Vivado/code/SME309-RISCV-tmpl/rtl/benchmark.v:47]
WARNING: [VRFC 10-1783] select index 62 into current_contents is out of bounds [/wrk/2017.4/nightly/2017_12_15_2086221/packages/customer/vivado/data/ip/xilinx/blk_mem_gen_v8_4/simulation/blk_mem_gen_v8_4.v:2420]
Completed static elaboration
Starting simulation data flow analysis
Completed simulation data flow analysis
Time Resolution for simulation is 1ps
Compiling module unisims_ver.IBUF
Compiling module unisims_ver.PLLE2_ADV(CLKFBOUT_MULT=17,CLKIN...
Compiling module unisims_ver.BUFG
Compiling module xil_defaultlib.pll_clk_wiz
Compiling module xil_defaultlib.pll
Compiling module xil_defaultlib.Decoder
Compiling module xil_defaultlib.Control
Compiling module xil_defaultlib.Extend
Compiling module xil_defaultlib.RegisterFile
Compiling module xil_defaultlib.Alu
Compiling module xil_defaultlib.ProgramCounter
Compiling module xil_defaultlib.Memdata
Compiling module xil_defaultlib.CPU
Compiling module dist_mem_gen_v8_0_12.dist_mem_gen_v8_0_12(C_FAMILY="a...
Compiling module xil_defaultlib.IROM
Compiling module blk_mem_gen_v8_4_1.blk_mem_gen_v8_4_1_output_stage(...
Compiling module blk_mem_gen_v8_4_1.blk_mem_gen_v8_4_1_output_stage(...
Compiling module blk_mem_gen_v8_4_1.blk_mem_gen_v8_4_1_softecc_outpu...
Compiling module blk_mem_gen_v8_4_1.blk_mem_gen_v8_4_1_mem_module(C_...
Compiling module blk_mem_gen_v8_4_1.blk_mem_gen_v8_4_1(C_FAMILY="art...
Compiling module xil_defaultlib.DRAM
Compiling module xil_defaultlib.dram_driver
Compiling module xil_defaultlib.seven_seg
Compiling module xil_defaultlib.benchmark
Compiling module xil_defaultlib.top
Compiling module xil_defaultlib.tb_Top
Compiling module xil_defaultlib.glbl
Built simulation snapshot tb_Top_behav
INFO: [USF-XSim-69] 'elaborate' step finished in '4' seconds
Vivado Simulator 2017.4
Time resolution is 1 ps
WARNING: This core is supplied with a behavioral model. To model cycle-accurate behavior you must run timing simulation.
 Block Memory Generator module loading initial data...
 Block Memory Generator data initialization complete.
Block Memory Generator module tb_Top.dut.u_benchmark.dram_driver_inst.Mem_DRAM.inst.native_mem_module.blk_mem_gen_v8_4_1_inst is using a behavioral model for simulation which will not precisely model memory collision behavior.
save to testbench.wave
Warning : input CLKIN1 period and attribute CLKIN1_PERIOD on PLLE2_ADV instance tb_Top.dut.pll_inst.inst.plle2_adv_inst are not same.
relaunch_sim: Time (s): cpu = 00:00:03 ; elapsed = 00:00:07 . Memory (MB): peak = 1184.613 ; gain = 0.000
relaunch_sim
INFO: [Vivado 12-5698] Checking validity of IPs in the design for the 'XSim' simulator...
INFO: [Vivado 12-5682] Launching behavioral simulation in 'D:/Vivado/code/SME309-RISCV-tmpl/vivado/vivado_proj.sim/sim_1/behav/xsim'
INFO: [Vivado 12-4795] Using compiled simulation libraries for IPs
INFO: [SIM-utils-51] Simulation object is 'sim_1'
INFO: [USF-XSim-7] Finding pre-compiled libraries...
INFO: [USF-XSim-11] File 'D:/Vivado/Vivado/2017.4/data/xsim/ip/xsim_ip.ini' copied to run dir:'D:/Vivado/code/SME309-RISCV-tmpl/vivado/vivado_proj.sim/sim_1/behav/xsim'
INFO: [SIM-utils-54] Inspecting design source files for 'tb_Top' in fileset 'sim_1'...
INFO: [SIM-utils-43] Exported 'D:/Vivado/code/SME309-RISCV-tmpl/vivado/vivado_proj.sim/sim_1/behav/xsim/DRAM.mif'
INFO: [SIM-utils-43] Exported 'D:/Vivado/code/SME309-RISCV-tmpl/vivado/vivado_proj.sim/sim_1/behav/xsim/all_test_case.coe'
INFO: [SIM-utils-43] Exported 'D:/Vivado/code/SME309-RISCV-tmpl/vivado/vivado_proj.sim/sim_1/behav/xsim/IROM.mif'
INFO: [SIM-utils-43] Exported 'D:/Vivado/code/SME309-RISCV-tmpl/vivado/vivado_proj.sim/sim_1/behav/xsim/add_loop.coe'
INFO: [SIM-utils-43] Exported 'D:/Vivado/code/SME309-RISCV-tmpl/vivado/vivado_proj.sim/sim_1/behav/xsim/all_test.coe'
INFO: [USF-XSim-97] Finding global include files...
INFO: [USF-XSim-98] Fetching design files from 'sim_1'...
INFO: [USF-XSim-2] XSim::Compile design
INFO: [USF-XSim-61] Executing 'COMPILE and ANALYZE' step in 'D:/Vivado/code/SME309-RISCV-tmpl/vivado/vivado_proj.sim/sim_1/behav/xsim'
"xvlog --incr --relax -prj tb_Top_vlog.prj"
INFO: [USF-XSim-69] 'compile' step finished in '1' seconds
INFO: [Vivado 12-5698] Checking validity of IPs in the design for the 'XSim' simulator...
INFO: [Vivado 12-5682] Launching behavioral simulation in 'D:/Vivado/code/SME309-RISCV-tmpl/vivado/vivado_proj.sim/sim_1/behav/xsim'
INFO: [Vivado 12-4795] Using compiled simulation libraries for IPs
INFO: [USF-XSim-3] XSim::Elaborate design
INFO: [USF-XSim-61] Executing 'ELABORATE' step in 'D:/Vivado/code/SME309-RISCV-tmpl/vivado/vivado_proj.sim/sim_1/behav/xsim'
Vivado Simulator 2017.4
Copyright 1986-1999, 2001-2016 Xilinx, Inc. All Rights Reserved.
Running: D:/Vivado/Vivado/2017.4/bin/unwrapped/win64.o/xelab.exe -wto 3e6eff3e2d4a4c50a15ac3f36e4eed88 --incr --debug typical --relax --mt 2 -L blk_mem_gen_v8_4_1 -L xil_defaultlib -L dist_mem_gen_v8_0_12 -L unisims_ver -L unimacro_ver -L secureip -L xpm --snapshot tb_Top_behav xil_defaultlib.tb_Top xil_defaultlib.glbl -log elaborate.log 
Using 2 slave threads.
Starting static elaboration
WARNING: [VRFC 10-278] actual bit length 1 differs from formal bit length 32 for port imm_32 [D:/Vivado/code/SME309-RISCV-tmpl/rtl/cpu/CPU_TOP.v:86]
WARNING: [VRFC 10-278] actual bit length 5 differs from formal bit length 4 for port A1 [D:/Vivado/code/SME309-RISCV-tmpl/rtl/cpu/CPU_TOP.v:92]
WARNING: [VRFC 10-278] actual bit length 5 differs from formal bit length 4 for port A2 [D:/Vivado/code/SME309-RISCV-tmpl/rtl/cpu/CPU_TOP.v:93]
WARNING: [VRFC 10-278] actual bit length 5 differs from formal bit length 4 for port A3 [D:/Vivado/code/SME309-RISCV-tmpl/rtl/cpu/CPU_TOP.v:94]
WARNING: [VRFC 10-278] actual bit length 32 differs from formal bit length 1 for port NextPC [D:/Vivado/code/SME309-RISCV-tmpl/rtl/cpu/CPU_TOP.v:128]
WARNING: [VRFC 10-278] actual bit length 32 differs from formal bit length 10 for port a [D:/Vivado/code/SME309-RISCV-tmpl/rtl/benchmark.v:47]
WARNING: [VRFC 10-1783] select index 62 into current_contents is out of bounds [/wrk/2017.4/nightly/2017_12_15_2086221/packages/customer/vivado/data/ip/xilinx/blk_mem_gen_v8_4/simulation/blk_mem_gen_v8_4.v:2420]
Completed static elaboration
INFO: [XSIM 43-4323] No Change in HDL. Linking previously generated obj files to create kernel
INFO: [USF-XSim-69] 'elaborate' step finished in '1' seconds
Vivado Simulator 2017.4
Time resolution is 1 ps
WARNING: This core is supplied with a behavioral model. To model cycle-accurate behavior you must run timing simulation.
 Block Memory Generator module loading initial data...
 Block Memory Generator data initialization complete.
Block Memory Generator module tb_Top.dut.u_benchmark.dram_driver_inst.Mem_DRAM.inst.native_mem_module.blk_mem_gen_v8_4_1_inst is using a behavioral model for simulation which will not precisely model memory collision behavior.
save to testbench.wave
Warning : input CLKIN1 period and attribute CLKIN1_PERIOD on PLLE2_ADV instance tb_Top.dut.pll_inst.inst.plle2_adv_inst are not same.
relaunch_sim
INFO: [Vivado 12-5698] Checking validity of IPs in the design for the 'XSim' simulator...
INFO: [Vivado 12-5682] Launching behavioral simulation in 'D:/Vivado/code/SME309-RISCV-tmpl/vivado/vivado_proj.sim/sim_1/behav/xsim'
INFO: [Vivado 12-4795] Using compiled simulation libraries for IPs
INFO: [SIM-utils-51] Simulation object is 'sim_1'
INFO: [USF-XSim-7] Finding pre-compiled libraries...
INFO: [USF-XSim-11] File 'D:/Vivado/Vivado/2017.4/data/xsim/ip/xsim_ip.ini' copied to run dir:'D:/Vivado/code/SME309-RISCV-tmpl/vivado/vivado_proj.sim/sim_1/behav/xsim'
INFO: [SIM-utils-54] Inspecting design source files for 'tb_Top' in fileset 'sim_1'...
INFO: [SIM-utils-43] Exported 'D:/Vivado/code/SME309-RISCV-tmpl/vivado/vivado_proj.sim/sim_1/behav/xsim/DRAM.mif'
INFO: [SIM-utils-43] Exported 'D:/Vivado/code/SME309-RISCV-tmpl/vivado/vivado_proj.sim/sim_1/behav/xsim/all_test_case.coe'
INFO: [SIM-utils-43] Exported 'D:/Vivado/code/SME309-RISCV-tmpl/vivado/vivado_proj.sim/sim_1/behav/xsim/IROM.mif'
INFO: [SIM-utils-43] Exported 'D:/Vivado/code/SME309-RISCV-tmpl/vivado/vivado_proj.sim/sim_1/behav/xsim/add_loop.coe'
INFO: [SIM-utils-43] Exported 'D:/Vivado/code/SME309-RISCV-tmpl/vivado/vivado_proj.sim/sim_1/behav/xsim/all_test.coe'
INFO: [USF-XSim-97] Finding global include files...
INFO: [USF-XSim-98] Fetching design files from 'sim_1'...
INFO: [USF-XSim-2] XSim::Compile design
INFO: [USF-XSim-61] Executing 'COMPILE and ANALYZE' step in 'D:/Vivado/code/SME309-RISCV-tmpl/vivado/vivado_proj.sim/sim_1/behav/xsim'
"xvlog --incr --relax -prj tb_Top_vlog.prj"
INFO: [USF-XSim-69] 'compile' step finished in '1' seconds
INFO: [Vivado 12-5698] Checking validity of IPs in the design for the 'XSim' simulator...
INFO: [Vivado 12-5682] Launching behavioral simulation in 'D:/Vivado/code/SME309-RISCV-tmpl/vivado/vivado_proj.sim/sim_1/behav/xsim'
INFO: [Vivado 12-4795] Using compiled simulation libraries for IPs
INFO: [USF-XSim-3] XSim::Elaborate design
INFO: [USF-XSim-61] Executing 'ELABORATE' step in 'D:/Vivado/code/SME309-RISCV-tmpl/vivado/vivado_proj.sim/sim_1/behav/xsim'
Vivado Simulator 2017.4
Copyright 1986-1999, 2001-2016 Xilinx, Inc. All Rights Reserved.
Running: D:/Vivado/Vivado/2017.4/bin/unwrapped/win64.o/xelab.exe -wto 3e6eff3e2d4a4c50a15ac3f36e4eed88 --incr --debug typical --relax --mt 2 -L blk_mem_gen_v8_4_1 -L xil_defaultlib -L dist_mem_gen_v8_0_12 -L unisims_ver -L unimacro_ver -L secureip -L xpm --snapshot tb_Top_behav xil_defaultlib.tb_Top xil_defaultlib.glbl -log elaborate.log 
Using 2 slave threads.
Starting static elaboration
WARNING: [VRFC 10-278] actual bit length 1 differs from formal bit length 32 for port imm_32 [D:/Vivado/code/SME309-RISCV-tmpl/rtl/cpu/CPU_TOP.v:86]
WARNING: [VRFC 10-278] actual bit length 5 differs from formal bit length 4 for port A1 [D:/Vivado/code/SME309-RISCV-tmpl/rtl/cpu/CPU_TOP.v:92]
WARNING: [VRFC 10-278] actual bit length 5 differs from formal bit length 4 for port A2 [D:/Vivado/code/SME309-RISCV-tmpl/rtl/cpu/CPU_TOP.v:93]
WARNING: [VRFC 10-278] actual bit length 5 differs from formal bit length 4 for port A3 [D:/Vivado/code/SME309-RISCV-tmpl/rtl/cpu/CPU_TOP.v:94]
WARNING: [VRFC 10-278] actual bit length 32 differs from formal bit length 1 for port NextPC [D:/Vivado/code/SME309-RISCV-tmpl/rtl/cpu/CPU_TOP.v:128]
WARNING: [VRFC 10-278] actual bit length 32 differs from formal bit length 10 for port a [D:/Vivado/code/SME309-RISCV-tmpl/rtl/benchmark.v:47]
WARNING: [VRFC 10-1783] select index 62 into current_contents is out of bounds [/wrk/2017.4/nightly/2017_12_15_2086221/packages/customer/vivado/data/ip/xilinx/blk_mem_gen_v8_4/simulation/blk_mem_gen_v8_4.v:2420]
Completed static elaboration
INFO: [XSIM 43-4323] No Change in HDL. Linking previously generated obj files to create kernel
INFO: [USF-XSim-69] 'elaborate' step finished in '1' seconds
Vivado Simulator 2017.4
Time resolution is 1 ps
WARNING: This core is supplied with a behavioral model. To model cycle-accurate behavior you must run timing simulation.
 Block Memory Generator module loading initial data...
 Block Memory Generator data initialization complete.
Block Memory Generator module tb_Top.dut.u_benchmark.dram_driver_inst.Mem_DRAM.inst.native_mem_module.blk_mem_gen_v8_4_1_inst is using a behavioral model for simulation which will not precisely model memory collision behavior.
save to testbench.wave
Warning : input CLKIN1 period and attribute CLKIN1_PERIOD on PLLE2_ADV instance tb_Top.dut.pll_inst.inst.plle2_adv_inst are not same.
relaunch_sim: Time (s): cpu = 00:00:02 ; elapsed = 00:00:05 . Memory (MB): peak = 1185.453 ; gain = 0.414
relaunch_sim
INFO: [Vivado 12-5698] Checking validity of IPs in the design for the 'XSim' simulator...
INFO: [Vivado 12-5682] Launching behavioral simulation in 'D:/Vivado/code/SME309-RISCV-tmpl/vivado/vivado_proj.sim/sim_1/behav/xsim'
INFO: [Vivado 12-4795] Using compiled simulation libraries for IPs
INFO: [SIM-utils-51] Simulation object is 'sim_1'
INFO: [USF-XSim-7] Finding pre-compiled libraries...
INFO: [USF-XSim-11] File 'D:/Vivado/Vivado/2017.4/data/xsim/ip/xsim_ip.ini' copied to run dir:'D:/Vivado/code/SME309-RISCV-tmpl/vivado/vivado_proj.sim/sim_1/behav/xsim'
INFO: [SIM-utils-54] Inspecting design source files for 'tb_Top' in fileset 'sim_1'...
INFO: [SIM-utils-43] Exported 'D:/Vivado/code/SME309-RISCV-tmpl/vivado/vivado_proj.sim/sim_1/behav/xsim/DRAM.mif'
INFO: [SIM-utils-43] Exported 'D:/Vivado/code/SME309-RISCV-tmpl/vivado/vivado_proj.sim/sim_1/behav/xsim/all_test_case.coe'
INFO: [SIM-utils-43] Exported 'D:/Vivado/code/SME309-RISCV-tmpl/vivado/vivado_proj.sim/sim_1/behav/xsim/IROM.mif'
INFO: [SIM-utils-43] Exported 'D:/Vivado/code/SME309-RISCV-tmpl/vivado/vivado_proj.sim/sim_1/behav/xsim/add_loop.coe'
INFO: [SIM-utils-43] Exported 'D:/Vivado/code/SME309-RISCV-tmpl/vivado/vivado_proj.sim/sim_1/behav/xsim/all_test.coe'
INFO: [USF-XSim-97] Finding global include files...
INFO: [USF-XSim-98] Fetching design files from 'sim_1'...
INFO: [USF-XSim-2] XSim::Compile design
INFO: [USF-XSim-61] Executing 'COMPILE and ANALYZE' step in 'D:/Vivado/code/SME309-RISCV-tmpl/vivado/vivado_proj.sim/sim_1/behav/xsim'
"xvlog --incr --relax -prj tb_Top_vlog.prj"
INFO: [USF-XSim-69] 'compile' step finished in '1' seconds
INFO: [Vivado 12-5698] Checking validity of IPs in the design for the 'XSim' simulator...
INFO: [Vivado 12-5682] Launching behavioral simulation in 'D:/Vivado/code/SME309-RISCV-tmpl/vivado/vivado_proj.sim/sim_1/behav/xsim'
INFO: [Vivado 12-4795] Using compiled simulation libraries for IPs
INFO: [USF-XSim-3] XSim::Elaborate design
INFO: [USF-XSim-61] Executing 'ELABORATE' step in 'D:/Vivado/code/SME309-RISCV-tmpl/vivado/vivado_proj.sim/sim_1/behav/xsim'
Vivado Simulator 2017.4
Copyright 1986-1999, 2001-2016 Xilinx, Inc. All Rights Reserved.
Running: D:/Vivado/Vivado/2017.4/bin/unwrapped/win64.o/xelab.exe -wto 3e6eff3e2d4a4c50a15ac3f36e4eed88 --incr --debug typical --relax --mt 2 -L blk_mem_gen_v8_4_1 -L xil_defaultlib -L dist_mem_gen_v8_0_12 -L unisims_ver -L unimacro_ver -L secureip -L xpm --snapshot tb_Top_behav xil_defaultlib.tb_Top xil_defaultlib.glbl -log elaborate.log 
Using 2 slave threads.
Starting static elaboration
WARNING: [VRFC 10-278] actual bit length 1 differs from formal bit length 32 for port imm_32 [D:/Vivado/code/SME309-RISCV-tmpl/rtl/cpu/CPU_TOP.v:86]
WARNING: [VRFC 10-278] actual bit length 5 differs from formal bit length 4 for port A1 [D:/Vivado/code/SME309-RISCV-tmpl/rtl/cpu/CPU_TOP.v:92]
WARNING: [VRFC 10-278] actual bit length 5 differs from formal bit length 4 for port A2 [D:/Vivado/code/SME309-RISCV-tmpl/rtl/cpu/CPU_TOP.v:93]
WARNING: [VRFC 10-278] actual bit length 5 differs from formal bit length 4 for port A3 [D:/Vivado/code/SME309-RISCV-tmpl/rtl/cpu/CPU_TOP.v:94]
WARNING: [VRFC 10-278] actual bit length 32 differs from formal bit length 1 for port NextPC [D:/Vivado/code/SME309-RISCV-tmpl/rtl/cpu/CPU_TOP.v:128]
WARNING: [VRFC 10-278] actual bit length 32 differs from formal bit length 10 for port a [D:/Vivado/code/SME309-RISCV-tmpl/rtl/benchmark.v:47]
WARNING: [VRFC 10-1783] select index 62 into current_contents is out of bounds [/wrk/2017.4/nightly/2017_12_15_2086221/packages/customer/vivado/data/ip/xilinx/blk_mem_gen_v8_4/simulation/blk_mem_gen_v8_4.v:2420]
Completed static elaboration
INFO: [XSIM 43-4323] No Change in HDL. Linking previously generated obj files to create kernel
INFO: [USF-XSim-69] 'elaborate' step finished in '1' seconds
Vivado Simulator 2017.4
Time resolution is 1 ps
WARNING: This core is supplied with a behavioral model. To model cycle-accurate behavior you must run timing simulation.
 Block Memory Generator module loading initial data...
 Block Memory Generator data initialization complete.
Block Memory Generator module tb_Top.dut.u_benchmark.dram_driver_inst.Mem_DRAM.inst.native_mem_module.blk_mem_gen_v8_4_1_inst is using a behavioral model for simulation which will not precisely model memory collision behavior.
save to testbench.wave
Warning : input CLKIN1 period and attribute CLKIN1_PERIOD on PLLE2_ADV instance tb_Top.dut.pll_inst.inst.plle2_adv_inst are not same.
relaunch_sim: Time (s): cpu = 00:00:03 ; elapsed = 00:00:06 . Memory (MB): peak = 1185.535 ; gain = 0.000
run 10 us
relaunch_sim
INFO: [Vivado 12-5698] Checking validity of IPs in the design for the 'XSim' simulator...
INFO: [Vivado 12-5682] Launching behavioral simulation in 'D:/Vivado/code/SME309-RISCV-tmpl/vivado/vivado_proj.sim/sim_1/behav/xsim'
INFO: [Vivado 12-4795] Using compiled simulation libraries for IPs
INFO: [SIM-utils-51] Simulation object is 'sim_1'
INFO: [USF-XSim-7] Finding pre-compiled libraries...
INFO: [USF-XSim-11] File 'D:/Vivado/Vivado/2017.4/data/xsim/ip/xsim_ip.ini' copied to run dir:'D:/Vivado/code/SME309-RISCV-tmpl/vivado/vivado_proj.sim/sim_1/behav/xsim'
INFO: [SIM-utils-54] Inspecting design source files for 'tb_Top' in fileset 'sim_1'...
INFO: [SIM-utils-43] Exported 'D:/Vivado/code/SME309-RISCV-tmpl/vivado/vivado_proj.sim/sim_1/behav/xsim/DRAM.mif'
INFO: [SIM-utils-43] Exported 'D:/Vivado/code/SME309-RISCV-tmpl/vivado/vivado_proj.sim/sim_1/behav/xsim/all_test_case.coe'
INFO: [SIM-utils-43] Exported 'D:/Vivado/code/SME309-RISCV-tmpl/vivado/vivado_proj.sim/sim_1/behav/xsim/IROM.mif'
INFO: [SIM-utils-43] Exported 'D:/Vivado/code/SME309-RISCV-tmpl/vivado/vivado_proj.sim/sim_1/behav/xsim/add_loop.coe'
INFO: [SIM-utils-43] Exported 'D:/Vivado/code/SME309-RISCV-tmpl/vivado/vivado_proj.sim/sim_1/behav/xsim/all_test.coe'
INFO: [USF-XSim-97] Finding global include files...
INFO: [USF-XSim-98] Fetching design files from 'sim_1'...
INFO: [USF-XSim-2] XSim::Compile design
INFO: [USF-XSim-61] Executing 'COMPILE and ANALYZE' step in 'D:/Vivado/code/SME309-RISCV-tmpl/vivado/vivado_proj.sim/sim_1/behav/xsim'
"xvlog --incr --relax -prj tb_Top_vlog.prj"
INFO: [USF-XSim-69] 'compile' step finished in '2' seconds
INFO: [Vivado 12-5698] Checking validity of IPs in the design for the 'XSim' simulator...
INFO: [Vivado 12-5682] Launching behavioral simulation in 'D:/Vivado/code/SME309-RISCV-tmpl/vivado/vivado_proj.sim/sim_1/behav/xsim'
INFO: [Vivado 12-4795] Using compiled simulation libraries for IPs
INFO: [USF-XSim-3] XSim::Elaborate design
INFO: [USF-XSim-61] Executing 'ELABORATE' step in 'D:/Vivado/code/SME309-RISCV-tmpl/vivado/vivado_proj.sim/sim_1/behav/xsim'
Vivado Simulator 2017.4
Copyright 1986-1999, 2001-2016 Xilinx, Inc. All Rights Reserved.
Running: D:/Vivado/Vivado/2017.4/bin/unwrapped/win64.o/xelab.exe -wto 3e6eff3e2d4a4c50a15ac3f36e4eed88 --incr --debug typical --relax --mt 2 -L blk_mem_gen_v8_4_1 -L xil_defaultlib -L dist_mem_gen_v8_0_12 -L unisims_ver -L unimacro_ver -L secureip -L xpm --snapshot tb_Top_behav xil_defaultlib.tb_Top xil_defaultlib.glbl -log elaborate.log 
Using 2 slave threads.
Starting static elaboration
WARNING: [VRFC 10-278] actual bit length 1 differs from formal bit length 32 for port imm_32 [D:/Vivado/code/SME309-RISCV-tmpl/rtl/cpu/CPU_TOP.v:86]
WARNING: [VRFC 10-278] actual bit length 5 differs from formal bit length 4 for port A1 [D:/Vivado/code/SME309-RISCV-tmpl/rtl/cpu/CPU_TOP.v:92]
WARNING: [VRFC 10-278] actual bit length 5 differs from formal bit length 4 for port A2 [D:/Vivado/code/SME309-RISCV-tmpl/rtl/cpu/CPU_TOP.v:93]
WARNING: [VRFC 10-278] actual bit length 5 differs from formal bit length 4 for port A3 [D:/Vivado/code/SME309-RISCV-tmpl/rtl/cpu/CPU_TOP.v:94]
WARNING: [VRFC 10-278] actual bit length 32 differs from formal bit length 1 for port NextPC [D:/Vivado/code/SME309-RISCV-tmpl/rtl/cpu/CPU_TOP.v:128]
WARNING: [VRFC 10-278] actual bit length 32 differs from formal bit length 10 for port a [D:/Vivado/code/SME309-RISCV-tmpl/rtl/benchmark.v:47]
WARNING: [VRFC 10-1783] select index 62 into current_contents is out of bounds [/wrk/2017.4/nightly/2017_12_15_2086221/packages/customer/vivado/data/ip/xilinx/blk_mem_gen_v8_4/simulation/blk_mem_gen_v8_4.v:2420]
Completed static elaboration
INFO: [XSIM 43-4323] No Change in HDL. Linking previously generated obj files to create kernel
INFO: [USF-XSim-69] 'elaborate' step finished in '1' seconds
Vivado Simulator 2017.4
Time resolution is 1 ps
WARNING: This core is supplied with a behavioral model. To model cycle-accurate behavior you must run timing simulation.
 Block Memory Generator module loading initial data...
 Block Memory Generator data initialization complete.
Block Memory Generator module tb_Top.dut.u_benchmark.dram_driver_inst.Mem_DRAM.inst.native_mem_module.blk_mem_gen_v8_4_1_inst is using a behavioral model for simulation which will not precisely model memory collision behavior.
save to testbench.wave
Warning : input CLKIN1 period and attribute CLKIN1_PERIOD on PLLE2_ADV instance tb_Top.dut.pll_inst.inst.plle2_adv_inst are not same.
relaunch_sim
INFO: [Vivado 12-5698] Checking validity of IPs in the design for the 'XSim' simulator...
INFO: [Vivado 12-5682] Launching behavioral simulation in 'D:/Vivado/code/SME309-RISCV-tmpl/vivado/vivado_proj.sim/sim_1/behav/xsim'
INFO: [Vivado 12-4795] Using compiled simulation libraries for IPs
INFO: [SIM-utils-51] Simulation object is 'sim_1'
INFO: [USF-XSim-7] Finding pre-compiled libraries...
INFO: [USF-XSim-11] File 'D:/Vivado/Vivado/2017.4/data/xsim/ip/xsim_ip.ini' copied to run dir:'D:/Vivado/code/SME309-RISCV-tmpl/vivado/vivado_proj.sim/sim_1/behav/xsim'
INFO: [SIM-utils-54] Inspecting design source files for 'tb_Top' in fileset 'sim_1'...
INFO: [SIM-utils-43] Exported 'D:/Vivado/code/SME309-RISCV-tmpl/vivado/vivado_proj.sim/sim_1/behav/xsim/DRAM.mif'
INFO: [SIM-utils-43] Exported 'D:/Vivado/code/SME309-RISCV-tmpl/vivado/vivado_proj.sim/sim_1/behav/xsim/all_test_case.coe'
INFO: [SIM-utils-43] Exported 'D:/Vivado/code/SME309-RISCV-tmpl/vivado/vivado_proj.sim/sim_1/behav/xsim/IROM.mif'
INFO: [SIM-utils-43] Exported 'D:/Vivado/code/SME309-RISCV-tmpl/vivado/vivado_proj.sim/sim_1/behav/xsim/add_loop.coe'
INFO: [SIM-utils-43] Exported 'D:/Vivado/code/SME309-RISCV-tmpl/vivado/vivado_proj.sim/sim_1/behav/xsim/all_test.coe'
INFO: [USF-XSim-97] Finding global include files...
INFO: [USF-XSim-98] Fetching design files from 'sim_1'...
INFO: [USF-XSim-2] XSim::Compile design
INFO: [USF-XSim-61] Executing 'COMPILE and ANALYZE' step in 'D:/Vivado/code/SME309-RISCV-tmpl/vivado/vivado_proj.sim/sim_1/behav/xsim'
"xvlog --incr --relax -prj tb_Top_vlog.prj"
INFO: [USF-XSim-69] 'compile' step finished in '1' seconds
INFO: [Vivado 12-5698] Checking validity of IPs in the design for the 'XSim' simulator...
INFO: [Vivado 12-5682] Launching behavioral simulation in 'D:/Vivado/code/SME309-RISCV-tmpl/vivado/vivado_proj.sim/sim_1/behav/xsim'
INFO: [Vivado 12-4795] Using compiled simulation libraries for IPs
INFO: [USF-XSim-3] XSim::Elaborate design
INFO: [USF-XSim-61] Executing 'ELABORATE' step in 'D:/Vivado/code/SME309-RISCV-tmpl/vivado/vivado_proj.sim/sim_1/behav/xsim'
Vivado Simulator 2017.4
Copyright 1986-1999, 2001-2016 Xilinx, Inc. All Rights Reserved.
Running: D:/Vivado/Vivado/2017.4/bin/unwrapped/win64.o/xelab.exe -wto 3e6eff3e2d4a4c50a15ac3f36e4eed88 --incr --debug typical --relax --mt 2 -L blk_mem_gen_v8_4_1 -L xil_defaultlib -L dist_mem_gen_v8_0_12 -L unisims_ver -L unimacro_ver -L secureip -L xpm --snapshot tb_Top_behav xil_defaultlib.tb_Top xil_defaultlib.glbl -log elaborate.log 
Using 2 slave threads.
Starting static elaboration
WARNING: [VRFC 10-278] actual bit length 1 differs from formal bit length 32 for port imm_32 [D:/Vivado/code/SME309-RISCV-tmpl/rtl/cpu/CPU_TOP.v:86]
WARNING: [VRFC 10-278] actual bit length 5 differs from formal bit length 4 for port A1 [D:/Vivado/code/SME309-RISCV-tmpl/rtl/cpu/CPU_TOP.v:92]
WARNING: [VRFC 10-278] actual bit length 5 differs from formal bit length 4 for port A2 [D:/Vivado/code/SME309-RISCV-tmpl/rtl/cpu/CPU_TOP.v:93]
WARNING: [VRFC 10-278] actual bit length 5 differs from formal bit length 4 for port A3 [D:/Vivado/code/SME309-RISCV-tmpl/rtl/cpu/CPU_TOP.v:94]
WARNING: [VRFC 10-278] actual bit length 32 differs from formal bit length 1 for port NextPC [D:/Vivado/code/SME309-RISCV-tmpl/rtl/cpu/CPU_TOP.v:128]
WARNING: [VRFC 10-278] actual bit length 32 differs from formal bit length 10 for port a [D:/Vivado/code/SME309-RISCV-tmpl/rtl/benchmark.v:47]
WARNING: [VRFC 10-1783] select index 62 into current_contents is out of bounds [/wrk/2017.4/nightly/2017_12_15_2086221/packages/customer/vivado/data/ip/xilinx/blk_mem_gen_v8_4/simulation/blk_mem_gen_v8_4.v:2420]
Completed static elaboration
INFO: [XSIM 43-4323] No Change in HDL. Linking previously generated obj files to create kernel
INFO: [USF-XSim-69] 'elaborate' step finished in '1' seconds
Vivado Simulator 2017.4
Time resolution is 1 ps
WARNING: This core is supplied with a behavioral model. To model cycle-accurate behavior you must run timing simulation.
 Block Memory Generator module loading initial data...
 Block Memory Generator data initialization complete.
Block Memory Generator module tb_Top.dut.u_benchmark.dram_driver_inst.Mem_DRAM.inst.native_mem_module.blk_mem_gen_v8_4_1_inst is using a behavioral model for simulation which will not precisely model memory collision behavior.
save to testbench.wave
Warning : input CLKIN1 period and attribute CLKIN1_PERIOD on PLLE2_ADV instance tb_Top.dut.pll_inst.inst.plle2_adv_inst are not same.
relaunch_sim
INFO: [Vivado 12-5698] Checking validity of IPs in the design for the 'XSim' simulator...
INFO: [Vivado 12-5682] Launching behavioral simulation in 'D:/Vivado/code/SME309-RISCV-tmpl/vivado/vivado_proj.sim/sim_1/behav/xsim'
INFO: [Vivado 12-4795] Using compiled simulation libraries for IPs
INFO: [SIM-utils-51] Simulation object is 'sim_1'
INFO: [USF-XSim-7] Finding pre-compiled libraries...
INFO: [USF-XSim-11] File 'D:/Vivado/Vivado/2017.4/data/xsim/ip/xsim_ip.ini' copied to run dir:'D:/Vivado/code/SME309-RISCV-tmpl/vivado/vivado_proj.sim/sim_1/behav/xsim'
INFO: [SIM-utils-54] Inspecting design source files for 'tb_Top' in fileset 'sim_1'...
INFO: [SIM-utils-43] Exported 'D:/Vivado/code/SME309-RISCV-tmpl/vivado/vivado_proj.sim/sim_1/behav/xsim/DRAM.mif'
INFO: [SIM-utils-43] Exported 'D:/Vivado/code/SME309-RISCV-tmpl/vivado/vivado_proj.sim/sim_1/behav/xsim/all_test_case.coe'
INFO: [SIM-utils-43] Exported 'D:/Vivado/code/SME309-RISCV-tmpl/vivado/vivado_proj.sim/sim_1/behav/xsim/IROM.mif'
INFO: [SIM-utils-43] Exported 'D:/Vivado/code/SME309-RISCV-tmpl/vivado/vivado_proj.sim/sim_1/behav/xsim/add_loop.coe'
INFO: [SIM-utils-43] Exported 'D:/Vivado/code/SME309-RISCV-tmpl/vivado/vivado_proj.sim/sim_1/behav/xsim/all_test.coe'
INFO: [USF-XSim-97] Finding global include files...
INFO: [USF-XSim-98] Fetching design files from 'sim_1'...
INFO: [USF-XSim-2] XSim::Compile design
INFO: [USF-XSim-61] Executing 'COMPILE and ANALYZE' step in 'D:/Vivado/code/SME309-RISCV-tmpl/vivado/vivado_proj.sim/sim_1/behav/xsim'
"xvlog --incr --relax -prj tb_Top_vlog.prj"
INFO: [VRFC 10-2263] Analyzing Verilog file "D:/Vivado/code/SME309-RISCV-tmpl/vivado/vivado_proj.srcs/sources_1/ip/DRAM/sim/DRAM.v" into library xil_defaultlib
INFO: [VRFC 10-311] analyzing module DRAM
INFO: [VRFC 10-2263] Analyzing Verilog file "D:/Vivado/code/SME309-RISCV-tmpl/vivado/vivado_proj.srcs/sources_1/ip/IROM/sim/IROM.v" into library xil_defaultlib
INFO: [VRFC 10-311] analyzing module IROM
INFO: [VRFC 10-2263] Analyzing Verilog file "D:/Vivado/code/SME309-RISCV-tmpl/vivado/vivado_proj.srcs/sources_1/ip/pll/pll_clk_wiz.v" into library xil_defaultlib
INFO: [VRFC 10-311] analyzing module pll_clk_wiz
INFO: [VRFC 10-2263] Analyzing Verilog file "D:/Vivado/code/SME309-RISCV-tmpl/vivado/vivado_proj.srcs/sources_1/ip/pll/pll.v" into library xil_defaultlib
INFO: [VRFC 10-311] analyzing module pll
INFO: [VRFC 10-2263] Analyzing Verilog file "D:/Vivado/code/SME309-RISCV-tmpl/vivado/vivado_proj.srcs/sources_1/new/Alu.v" into library xil_defaultlib
INFO: [VRFC 10-311] analyzing module Alu
INFO: [VRFC 10-2263] Analyzing Verilog file "D:/Vivado/code/SME309-RISCV-tmpl/rtl/cpu/CPU_TOP.v" into library xil_defaultlib
INFO: [VRFC 10-311] analyzing module CPU
INFO: [VRFC 10-2263] Analyzing Verilog file "D:/Vivado/code/SME309-RISCV-tmpl/vivado/vivado_proj.srcs/sources_1/new/Control.v" into library xil_defaultlib
INFO: [VRFC 10-311] analyzing module Control
WARNING: [VRFC 10-2502] extra semicolon in $unit (global) scope [D:/Vivado/code/SME309-RISCV-tmpl/vivado/vivado_proj.srcs/sources_1/new/Control.v:279]
INFO: [VRFC 10-2263] Analyzing Verilog file "D:/Vivado/code/SME309-RISCV-tmpl/vivado/vivado_proj.srcs/sources_1/new/Decoder.v" into library xil_defaultlib
INFO: [VRFC 10-311] analyzing module Decoder
WARNING: [VRFC 10-2502] extra semicolon in $unit (global) scope [D:/Vivado/code/SME309-RISCV-tmpl/vivado/vivado_proj.srcs/sources_1/new/Decoder.v:19]
INFO: [VRFC 10-2263] Analyzing Verilog file "D:/Vivado/code/SME309-RISCV-tmpl/vivado/vivado_proj.srcs/sources_1/new/Extend.v" into library xil_defaultlib
INFO: [VRFC 10-311] analyzing module Extend
WARNING: [VRFC 10-2502] extra semicolon in $unit (global) scope [D:/Vivado/code/SME309-RISCV-tmpl/vivado/vivado_proj.srcs/sources_1/new/Extend.v:37]
INFO: [VRFC 10-2263] Analyzing Verilog file "D:/Vivado/code/SME309-RISCV-tmpl/vivado/vivado_proj.srcs/sources_1/new/Memdata.v" into library xil_defaultlib
INFO: [VRFC 10-311] analyzing module Memdata
INFO: [VRFC 10-2263] Analyzing Verilog file "D:/Vivado/code/SME309-RISCV-tmpl/vivado/vivado_proj.srcs/sources_1/new/ProgramCounter.v" into library xil_defaultlib
INFO: [VRFC 10-311] analyzing module ProgramCounter
INFO: [VRFC 10-2263] Analyzing Verilog file "D:/Vivado/code/SME309-RISCV-tmpl/vivado/vivado_proj.srcs/sources_1/new/RegisterFile.v" into library xil_defaultlib
INFO: [VRFC 10-311] analyzing module RegisterFile
INFO: [VRFC 10-2263] Analyzing Verilog file "D:/Vivado/code/SME309-RISCV-tmpl/rtl/benchmark.v" into library xil_defaultlib
WARNING: [VRFC 10-998] macro MEM_ADDR_START redefined [../../../../../rtl/define.v:6]
WARNING: [VRFC 10-998] macro MEM_ADDR_END redefined [../../../../../rtl/define.v:7]
INFO: [VRFC 10-311] analyzing module benchmark
INFO: [VRFC 10-2263] Analyzing Verilog file "D:/Vivado/code/SME309-RISCV-tmpl/rtl/dram_driver.v" into library xil_defaultlib
INFO: [VRFC 10-311] analyzing module dram_driver
INFO: [VRFC 10-2263] Analyzing Verilog file "D:/Vivado/code/SME309-RISCV-tmpl/rtl/seven_seg.v" into library xil_defaultlib
INFO: [VRFC 10-311] analyzing module seven_seg
INFO: [VRFC 10-2263] Analyzing Verilog file "D:/Vivado/code/SME309-RISCV-tmpl/vivado/top.v" into library xil_defaultlib
INFO: [VRFC 10-311] analyzing module top
INFO: [VRFC 10-2263] Analyzing Verilog file "D:/Vivado/code/SME309-RISCV-tmpl/sim/tb_top.v" into library xil_defaultlib
INFO: [VRFC 10-311] analyzing module tb_Top
INFO: [USF-XSim-69] 'compile' step finished in '1' seconds
INFO: [Vivado 12-5698] Checking validity of IPs in the design for the 'XSim' simulator...
INFO: [Vivado 12-5682] Launching behavioral simulation in 'D:/Vivado/code/SME309-RISCV-tmpl/vivado/vivado_proj.sim/sim_1/behav/xsim'
INFO: [Vivado 12-4795] Using compiled simulation libraries for IPs
INFO: [USF-XSim-3] XSim::Elaborate design
INFO: [USF-XSim-61] Executing 'ELABORATE' step in 'D:/Vivado/code/SME309-RISCV-tmpl/vivado/vivado_proj.sim/sim_1/behav/xsim'
Vivado Simulator 2017.4
Copyright 1986-1999, 2001-2016 Xilinx, Inc. All Rights Reserved.
Running: D:/Vivado/Vivado/2017.4/bin/unwrapped/win64.o/xelab.exe -wto 3e6eff3e2d4a4c50a15ac3f36e4eed88 --incr --debug typical --relax --mt 2 -L blk_mem_gen_v8_4_1 -L xil_defaultlib -L dist_mem_gen_v8_0_12 -L unisims_ver -L unimacro_ver -L secureip -L xpm --snapshot tb_Top_behav xil_defaultlib.tb_Top xil_defaultlib.glbl -log elaborate.log 
Using 2 slave threads.
Starting static elaboration
WARNING: [VRFC 10-278] actual bit length 1 differs from formal bit length 32 for port imm_32 [D:/Vivado/code/SME309-RISCV-tmpl/rtl/cpu/CPU_TOP.v:86]
WARNING: [VRFC 10-278] actual bit length 5 differs from formal bit length 4 for port A1 [D:/Vivado/code/SME309-RISCV-tmpl/rtl/cpu/CPU_TOP.v:92]
WARNING: [VRFC 10-278] actual bit length 5 differs from formal bit length 4 for port A2 [D:/Vivado/code/SME309-RISCV-tmpl/rtl/cpu/CPU_TOP.v:93]
WARNING: [VRFC 10-278] actual bit length 5 differs from formal bit length 4 for port A3 [D:/Vivado/code/SME309-RISCV-tmpl/rtl/cpu/CPU_TOP.v:94]
WARNING: [VRFC 10-278] actual bit length 32 differs from formal bit length 10 for port a [D:/Vivado/code/SME309-RISCV-tmpl/rtl/benchmark.v:47]
WARNING: [VRFC 10-1783] select index 62 into current_contents is out of bounds [/wrk/2017.4/nightly/2017_12_15_2086221/packages/customer/vivado/data/ip/xilinx/blk_mem_gen_v8_4/simulation/blk_mem_gen_v8_4.v:2420]
Completed static elaboration
Starting simulation data flow analysis
Completed simulation data flow analysis
Time Resolution for simulation is 1ps
Compiling module unisims_ver.IBUF
Compiling module unisims_ver.PLLE2_ADV(CLKFBOUT_MULT=17,CLKIN...
Compiling module unisims_ver.BUFG
Compiling module xil_defaultlib.pll_clk_wiz
Compiling module xil_defaultlib.pll
Compiling module xil_defaultlib.Decoder
Compiling module xil_defaultlib.Control
Compiling module xil_defaultlib.Extend
Compiling module xil_defaultlib.RegisterFile
Compiling module xil_defaultlib.Alu
Compiling module xil_defaultlib.ProgramCounter
Compiling module xil_defaultlib.Memdata
Compiling module xil_defaultlib.CPU
Compiling module dist_mem_gen_v8_0_12.dist_mem_gen_v8_0_12(C_FAMILY="a...
Compiling module xil_defaultlib.IROM
Compiling module blk_mem_gen_v8_4_1.blk_mem_gen_v8_4_1_output_stage(...
Compiling module blk_mem_gen_v8_4_1.blk_mem_gen_v8_4_1_output_stage(...
Compiling module blk_mem_gen_v8_4_1.blk_mem_gen_v8_4_1_softecc_outpu...
Compiling module blk_mem_gen_v8_4_1.blk_mem_gen_v8_4_1_mem_module(C_...
Compiling module blk_mem_gen_v8_4_1.blk_mem_gen_v8_4_1(C_FAMILY="art...
Compiling module xil_defaultlib.DRAM
Compiling module xil_defaultlib.dram_driver
Compiling module xil_defaultlib.seven_seg
Compiling module xil_defaultlib.benchmark
Compiling module xil_defaultlib.top
Compiling module xil_defaultlib.tb_Top
Compiling module xil_defaultlib.glbl
Built simulation snapshot tb_Top_behav
run_program: Time (s): cpu = 00:00:00 ; elapsed = 00:00:05 . Memory (MB): peak = 1186.719 ; gain = 0.000
INFO: [USF-XSim-69] 'elaborate' step finished in '5' seconds
launch_simulation: Time (s): cpu = 00:00:01 ; elapsed = 00:00:05 . Memory (MB): peak = 1186.719 ; gain = 0.000
Vivado Simulator 2017.4
Time resolution is 1 ps
WARNING: This core is supplied with a behavioral model. To model cycle-accurate behavior you must run timing simulation.
 Block Memory Generator module loading initial data...
 Block Memory Generator data initialization complete.
Block Memory Generator module tb_Top.dut.u_benchmark.dram_driver_inst.Mem_DRAM.inst.native_mem_module.blk_mem_gen_v8_4_1_inst is using a behavioral model for simulation which will not precisely model memory collision behavior.
save to testbench.wave
Warning : input CLKIN1 period and attribute CLKIN1_PERIOD on PLLE2_ADV instance tb_Top.dut.pll_inst.inst.plle2_adv_inst are not same.
relaunch_sim: Time (s): cpu = 00:00:02 ; elapsed = 00:00:10 . Memory (MB): peak = 1189.281 ; gain = 2.562
run 10 us
relaunch_sim
INFO: [Vivado 12-5698] Checking validity of IPs in the design for the 'XSim' simulator...
INFO: [Vivado 12-5682] Launching behavioral simulation in 'D:/Vivado/code/SME309-RISCV-tmpl/vivado/vivado_proj.sim/sim_1/behav/xsim'
INFO: [Vivado 12-4795] Using compiled simulation libraries for IPs
INFO: [SIM-utils-51] Simulation object is 'sim_1'
INFO: [USF-XSim-7] Finding pre-compiled libraries...
INFO: [USF-XSim-11] File 'D:/Vivado/Vivado/2017.4/data/xsim/ip/xsim_ip.ini' copied to run dir:'D:/Vivado/code/SME309-RISCV-tmpl/vivado/vivado_proj.sim/sim_1/behav/xsim'
INFO: [SIM-utils-54] Inspecting design source files for 'tb_Top' in fileset 'sim_1'...
INFO: [SIM-utils-43] Exported 'D:/Vivado/code/SME309-RISCV-tmpl/vivado/vivado_proj.sim/sim_1/behav/xsim/DRAM.mif'
INFO: [SIM-utils-43] Exported 'D:/Vivado/code/SME309-RISCV-tmpl/vivado/vivado_proj.sim/sim_1/behav/xsim/all_test_case.coe'
INFO: [SIM-utils-43] Exported 'D:/Vivado/code/SME309-RISCV-tmpl/vivado/vivado_proj.sim/sim_1/behav/xsim/IROM.mif'
INFO: [SIM-utils-43] Exported 'D:/Vivado/code/SME309-RISCV-tmpl/vivado/vivado_proj.sim/sim_1/behav/xsim/add_loop.coe'
INFO: [SIM-utils-43] Exported 'D:/Vivado/code/SME309-RISCV-tmpl/vivado/vivado_proj.sim/sim_1/behav/xsim/all_test.coe'
INFO: [USF-XSim-97] Finding global include files...
INFO: [USF-XSim-98] Fetching design files from 'sim_1'...
INFO: [USF-XSim-2] XSim::Compile design
INFO: [USF-XSim-61] Executing 'COMPILE and ANALYZE' step in 'D:/Vivado/code/SME309-RISCV-tmpl/vivado/vivado_proj.sim/sim_1/behav/xsim'
"xvlog --incr --relax -prj tb_Top_vlog.prj"
INFO: [VRFC 10-2263] Analyzing Verilog file "D:/Vivado/code/SME309-RISCV-tmpl/vivado/vivado_proj.srcs/sources_1/ip/DRAM/sim/DRAM.v" into library xil_defaultlib
INFO: [VRFC 10-311] analyzing module DRAM
INFO: [VRFC 10-2263] Analyzing Verilog file "D:/Vivado/code/SME309-RISCV-tmpl/vivado/vivado_proj.srcs/sources_1/ip/IROM/sim/IROM.v" into library xil_defaultlib
INFO: [VRFC 10-311] analyzing module IROM
INFO: [VRFC 10-2263] Analyzing Verilog file "D:/Vivado/code/SME309-RISCV-tmpl/vivado/vivado_proj.srcs/sources_1/ip/pll/pll_clk_wiz.v" into library xil_defaultlib
INFO: [VRFC 10-311] analyzing module pll_clk_wiz
INFO: [VRFC 10-2263] Analyzing Verilog file "D:/Vivado/code/SME309-RISCV-tmpl/vivado/vivado_proj.srcs/sources_1/ip/pll/pll.v" into library xil_defaultlib
INFO: [VRFC 10-311] analyzing module pll
INFO: [VRFC 10-2263] Analyzing Verilog file "D:/Vivado/code/SME309-RISCV-tmpl/vivado/vivado_proj.srcs/sources_1/new/Alu.v" into library xil_defaultlib
INFO: [VRFC 10-311] analyzing module Alu
INFO: [VRFC 10-2263] Analyzing Verilog file "D:/Vivado/code/SME309-RISCV-tmpl/rtl/cpu/CPU_TOP.v" into library xil_defaultlib
INFO: [VRFC 10-311] analyzing module CPU
INFO: [VRFC 10-2263] Analyzing Verilog file "D:/Vivado/code/SME309-RISCV-tmpl/vivado/vivado_proj.srcs/sources_1/new/Control.v" into library xil_defaultlib
INFO: [VRFC 10-311] analyzing module Control
WARNING: [VRFC 10-2502] extra semicolon in $unit (global) scope [D:/Vivado/code/SME309-RISCV-tmpl/vivado/vivado_proj.srcs/sources_1/new/Control.v:279]
INFO: [VRFC 10-2263] Analyzing Verilog file "D:/Vivado/code/SME309-RISCV-tmpl/vivado/vivado_proj.srcs/sources_1/new/Decoder.v" into library xil_defaultlib
INFO: [VRFC 10-311] analyzing module Decoder
WARNING: [VRFC 10-2502] extra semicolon in $unit (global) scope [D:/Vivado/code/SME309-RISCV-tmpl/vivado/vivado_proj.srcs/sources_1/new/Decoder.v:19]
INFO: [VRFC 10-2263] Analyzing Verilog file "D:/Vivado/code/SME309-RISCV-tmpl/vivado/vivado_proj.srcs/sources_1/new/Extend.v" into library xil_defaultlib
INFO: [VRFC 10-311] analyzing module Extend
WARNING: [VRFC 10-2502] extra semicolon in $unit (global) scope [D:/Vivado/code/SME309-RISCV-tmpl/vivado/vivado_proj.srcs/sources_1/new/Extend.v:37]
INFO: [VRFC 10-2263] Analyzing Verilog file "D:/Vivado/code/SME309-RISCV-tmpl/vivado/vivado_proj.srcs/sources_1/new/Memdata.v" into library xil_defaultlib
INFO: [VRFC 10-311] analyzing module Memdata
INFO: [VRFC 10-2263] Analyzing Verilog file "D:/Vivado/code/SME309-RISCV-tmpl/vivado/vivado_proj.srcs/sources_1/new/ProgramCounter.v" into library xil_defaultlib
INFO: [VRFC 10-311] analyzing module ProgramCounter
INFO: [VRFC 10-2263] Analyzing Verilog file "D:/Vivado/code/SME309-RISCV-tmpl/vivado/vivado_proj.srcs/sources_1/new/RegisterFile.v" into library xil_defaultlib
INFO: [VRFC 10-311] analyzing module RegisterFile
INFO: [VRFC 10-2263] Analyzing Verilog file "D:/Vivado/code/SME309-RISCV-tmpl/rtl/benchmark.v" into library xil_defaultlib
WARNING: [VRFC 10-998] macro MEM_ADDR_START redefined [../../../../../rtl/define.v:6]
WARNING: [VRFC 10-998] macro MEM_ADDR_END redefined [../../../../../rtl/define.v:7]
INFO: [VRFC 10-311] analyzing module benchmark
INFO: [VRFC 10-2263] Analyzing Verilog file "D:/Vivado/code/SME309-RISCV-tmpl/rtl/dram_driver.v" into library xil_defaultlib
INFO: [VRFC 10-311] analyzing module dram_driver
INFO: [VRFC 10-2263] Analyzing Verilog file "D:/Vivado/code/SME309-RISCV-tmpl/rtl/seven_seg.v" into library xil_defaultlib
INFO: [VRFC 10-311] analyzing module seven_seg
INFO: [VRFC 10-2263] Analyzing Verilog file "D:/Vivado/code/SME309-RISCV-tmpl/vivado/top.v" into library xil_defaultlib
INFO: [VRFC 10-311] analyzing module top
INFO: [VRFC 10-2263] Analyzing Verilog file "D:/Vivado/code/SME309-RISCV-tmpl/sim/tb_top.v" into library xil_defaultlib
INFO: [VRFC 10-311] analyzing module tb_Top
INFO: [USF-XSim-69] 'compile' step finished in '1' seconds
INFO: [Vivado 12-5698] Checking validity of IPs in the design for the 'XSim' simulator...
INFO: [Vivado 12-5682] Launching behavioral simulation in 'D:/Vivado/code/SME309-RISCV-tmpl/vivado/vivado_proj.sim/sim_1/behav/xsim'
INFO: [Vivado 12-4795] Using compiled simulation libraries for IPs
INFO: [USF-XSim-3] XSim::Elaborate design
INFO: [USF-XSim-61] Executing 'ELABORATE' step in 'D:/Vivado/code/SME309-RISCV-tmpl/vivado/vivado_proj.sim/sim_1/behav/xsim'
Vivado Simulator 2017.4
Copyright 1986-1999, 2001-2016 Xilinx, Inc. All Rights Reserved.
Running: D:/Vivado/Vivado/2017.4/bin/unwrapped/win64.o/xelab.exe -wto 3e6eff3e2d4a4c50a15ac3f36e4eed88 --incr --debug typical --relax --mt 2 -L blk_mem_gen_v8_4_1 -L xil_defaultlib -L dist_mem_gen_v8_0_12 -L unisims_ver -L unimacro_ver -L secureip -L xpm --snapshot tb_Top_behav xil_defaultlib.tb_Top xil_defaultlib.glbl -log elaborate.log 
Using 2 slave threads.
Starting static elaboration
WARNING: [VRFC 10-278] actual bit length 1 differs from formal bit length 32 for port imm_32 [D:/Vivado/code/SME309-RISCV-tmpl/rtl/cpu/CPU_TOP.v:86]
WARNING: [VRFC 10-278] actual bit length 5 differs from formal bit length 4 for port A1 [D:/Vivado/code/SME309-RISCV-tmpl/rtl/cpu/CPU_TOP.v:92]
WARNING: [VRFC 10-278] actual bit length 5 differs from formal bit length 4 for port A2 [D:/Vivado/code/SME309-RISCV-tmpl/rtl/cpu/CPU_TOP.v:93]
WARNING: [VRFC 10-278] actual bit length 5 differs from formal bit length 4 for port A3 [D:/Vivado/code/SME309-RISCV-tmpl/rtl/cpu/CPU_TOP.v:94]
WARNING: [VRFC 10-278] actual bit length 32 differs from formal bit length 10 for port a [D:/Vivado/code/SME309-RISCV-tmpl/rtl/benchmark.v:47]
WARNING: [VRFC 10-1783] select index 62 into current_contents is out of bounds [/wrk/2017.4/nightly/2017_12_15_2086221/packages/customer/vivado/data/ip/xilinx/blk_mem_gen_v8_4/simulation/blk_mem_gen_v8_4.v:2420]
Completed static elaboration
Starting simulation data flow analysis
Completed simulation data flow analysis
Time Resolution for simulation is 1ps
Compiling module unisims_ver.IBUF
Compiling module unisims_ver.PLLE2_ADV(CLKFBOUT_MULT=17,CLKIN...
Compiling module unisims_ver.BUFG
Compiling module xil_defaultlib.pll_clk_wiz
Compiling module xil_defaultlib.pll
Compiling module xil_defaultlib.Decoder
Compiling module xil_defaultlib.Control
Compiling module xil_defaultlib.Extend
Compiling module xil_defaultlib.RegisterFile
Compiling module xil_defaultlib.Alu
Compiling module xil_defaultlib.ProgramCounter
Compiling module xil_defaultlib.Memdata
Compiling module xil_defaultlib.CPU
Compiling module dist_mem_gen_v8_0_12.dist_mem_gen_v8_0_12(C_FAMILY="a...
Compiling module xil_defaultlib.IROM
Compiling module blk_mem_gen_v8_4_1.blk_mem_gen_v8_4_1_output_stage(...
Compiling module blk_mem_gen_v8_4_1.blk_mem_gen_v8_4_1_output_stage(...
Compiling module blk_mem_gen_v8_4_1.blk_mem_gen_v8_4_1_softecc_outpu...
Compiling module blk_mem_gen_v8_4_1.blk_mem_gen_v8_4_1_mem_module(C_...
Compiling module blk_mem_gen_v8_4_1.blk_mem_gen_v8_4_1(C_FAMILY="art...
Compiling module xil_defaultlib.DRAM
Compiling module xil_defaultlib.dram_driver
Compiling module xil_defaultlib.seven_seg
Compiling module xil_defaultlib.benchmark
Compiling module xil_defaultlib.top
Compiling module xil_defaultlib.tb_Top
Compiling module xil_defaultlib.glbl
Built simulation snapshot tb_Top_behav
INFO: [USF-XSim-69] 'elaborate' step finished in '4' seconds
Vivado Simulator 2017.4
Time resolution is 1 ps
WARNING: This core is supplied with a behavioral model. To model cycle-accurate behavior you must run timing simulation.
 Block Memory Generator module loading initial data...
 Block Memory Generator data initialization complete.
Block Memory Generator module tb_Top.dut.u_benchmark.dram_driver_inst.Mem_DRAM.inst.native_mem_module.blk_mem_gen_v8_4_1_inst is using a behavioral model for simulation which will not precisely model memory collision behavior.
save to testbench.wave
Warning : input CLKIN1 period and attribute CLKIN1_PERIOD on PLLE2_ADV instance tb_Top.dut.pll_inst.inst.plle2_adv_inst are not same.
relaunch_sim: Time (s): cpu = 00:00:01 ; elapsed = 00:00:07 . Memory (MB): peak = 1196.078 ; gain = 0.328
relaunch_sim
INFO: [Vivado 12-5698] Checking validity of IPs in the design for the 'XSim' simulator...
INFO: [Vivado 12-5682] Launching behavioral simulation in 'D:/Vivado/code/SME309-RISCV-tmpl/vivado/vivado_proj.sim/sim_1/behav/xsim'
INFO: [Vivado 12-4795] Using compiled simulation libraries for IPs
INFO: [SIM-utils-51] Simulation object is 'sim_1'
INFO: [USF-XSim-7] Finding pre-compiled libraries...
INFO: [USF-XSim-11] File 'D:/Vivado/Vivado/2017.4/data/xsim/ip/xsim_ip.ini' copied to run dir:'D:/Vivado/code/SME309-RISCV-tmpl/vivado/vivado_proj.sim/sim_1/behav/xsim'
INFO: [SIM-utils-54] Inspecting design source files for 'tb_Top' in fileset 'sim_1'...
INFO: [SIM-utils-43] Exported 'D:/Vivado/code/SME309-RISCV-tmpl/vivado/vivado_proj.sim/sim_1/behav/xsim/DRAM.mif'
INFO: [SIM-utils-43] Exported 'D:/Vivado/code/SME309-RISCV-tmpl/vivado/vivado_proj.sim/sim_1/behav/xsim/all_test_case.coe'
INFO: [SIM-utils-43] Exported 'D:/Vivado/code/SME309-RISCV-tmpl/vivado/vivado_proj.sim/sim_1/behav/xsim/IROM.mif'
INFO: [SIM-utils-43] Exported 'D:/Vivado/code/SME309-RISCV-tmpl/vivado/vivado_proj.sim/sim_1/behav/xsim/add_loop.coe'
INFO: [SIM-utils-43] Exported 'D:/Vivado/code/SME309-RISCV-tmpl/vivado/vivado_proj.sim/sim_1/behav/xsim/all_test.coe'
INFO: [USF-XSim-97] Finding global include files...
INFO: [USF-XSim-98] Fetching design files from 'sim_1'...
INFO: [USF-XSim-2] XSim::Compile design
INFO: [USF-XSim-61] Executing 'COMPILE and ANALYZE' step in 'D:/Vivado/code/SME309-RISCV-tmpl/vivado/vivado_proj.sim/sim_1/behav/xsim'
"xvlog --incr --relax -prj tb_Top_vlog.prj"
INFO: [USF-XSim-69] 'compile' step finished in '1' seconds
INFO: [Vivado 12-5698] Checking validity of IPs in the design for the 'XSim' simulator...
INFO: [Vivado 12-5682] Launching behavioral simulation in 'D:/Vivado/code/SME309-RISCV-tmpl/vivado/vivado_proj.sim/sim_1/behav/xsim'
INFO: [Vivado 12-4795] Using compiled simulation libraries for IPs
INFO: [USF-XSim-3] XSim::Elaborate design
INFO: [USF-XSim-61] Executing 'ELABORATE' step in 'D:/Vivado/code/SME309-RISCV-tmpl/vivado/vivado_proj.sim/sim_1/behav/xsim'
Vivado Simulator 2017.4
Copyright 1986-1999, 2001-2016 Xilinx, Inc. All Rights Reserved.
Running: D:/Vivado/Vivado/2017.4/bin/unwrapped/win64.o/xelab.exe -wto 3e6eff3e2d4a4c50a15ac3f36e4eed88 --incr --debug typical --relax --mt 2 -L blk_mem_gen_v8_4_1 -L xil_defaultlib -L dist_mem_gen_v8_0_12 -L unisims_ver -L unimacro_ver -L secureip -L xpm --snapshot tb_Top_behav xil_defaultlib.tb_Top xil_defaultlib.glbl -log elaborate.log 
Using 2 slave threads.
Starting static elaboration
WARNING: [VRFC 10-278] actual bit length 1 differs from formal bit length 32 for port imm_32 [D:/Vivado/code/SME309-RISCV-tmpl/rtl/cpu/CPU_TOP.v:86]
WARNING: [VRFC 10-278] actual bit length 5 differs from formal bit length 4 for port A1 [D:/Vivado/code/SME309-RISCV-tmpl/rtl/cpu/CPU_TOP.v:92]
WARNING: [VRFC 10-278] actual bit length 5 differs from formal bit length 4 for port A2 [D:/Vivado/code/SME309-RISCV-tmpl/rtl/cpu/CPU_TOP.v:93]
WARNING: [VRFC 10-278] actual bit length 5 differs from formal bit length 4 for port A3 [D:/Vivado/code/SME309-RISCV-tmpl/rtl/cpu/CPU_TOP.v:94]
WARNING: [VRFC 10-278] actual bit length 32 differs from formal bit length 10 for port a [D:/Vivado/code/SME309-RISCV-tmpl/rtl/benchmark.v:47]
WARNING: [VRFC 10-1783] select index 62 into current_contents is out of bounds [/wrk/2017.4/nightly/2017_12_15_2086221/packages/customer/vivado/data/ip/xilinx/blk_mem_gen_v8_4/simulation/blk_mem_gen_v8_4.v:2420]
Completed static elaboration
INFO: [XSIM 43-4323] No Change in HDL. Linking previously generated obj files to create kernel
INFO: [USF-XSim-69] 'elaborate' step finished in '1' seconds
Vivado Simulator 2017.4
Time resolution is 1 ps
WARNING: This core is supplied with a behavioral model. To model cycle-accurate behavior you must run timing simulation.
 Block Memory Generator module loading initial data...
 Block Memory Generator data initialization complete.
Block Memory Generator module tb_Top.dut.u_benchmark.dram_driver_inst.Mem_DRAM.inst.native_mem_module.blk_mem_gen_v8_4_1_inst is using a behavioral model for simulation which will not precisely model memory collision behavior.
save to testbench.wave
Warning : input CLKIN1 period and attribute CLKIN1_PERIOD on PLLE2_ADV instance tb_Top.dut.pll_inst.inst.plle2_adv_inst are not same.
relaunch_sim
INFO: [Vivado 12-5698] Checking validity of IPs in the design for the 'XSim' simulator...
INFO: [Vivado 12-5682] Launching behavioral simulation in 'D:/Vivado/code/SME309-RISCV-tmpl/vivado/vivado_proj.sim/sim_1/behav/xsim'
INFO: [Vivado 12-4795] Using compiled simulation libraries for IPs
INFO: [SIM-utils-51] Simulation object is 'sim_1'
INFO: [USF-XSim-7] Finding pre-compiled libraries...
INFO: [USF-XSim-11] File 'D:/Vivado/Vivado/2017.4/data/xsim/ip/xsim_ip.ini' copied to run dir:'D:/Vivado/code/SME309-RISCV-tmpl/vivado/vivado_proj.sim/sim_1/behav/xsim'
INFO: [SIM-utils-54] Inspecting design source files for 'tb_Top' in fileset 'sim_1'...
INFO: [SIM-utils-43] Exported 'D:/Vivado/code/SME309-RISCV-tmpl/vivado/vivado_proj.sim/sim_1/behav/xsim/DRAM.mif'
INFO: [SIM-utils-43] Exported 'D:/Vivado/code/SME309-RISCV-tmpl/vivado/vivado_proj.sim/sim_1/behav/xsim/all_test_case.coe'
INFO: [SIM-utils-43] Exported 'D:/Vivado/code/SME309-RISCV-tmpl/vivado/vivado_proj.sim/sim_1/behav/xsim/IROM.mif'
INFO: [SIM-utils-43] Exported 'D:/Vivado/code/SME309-RISCV-tmpl/vivado/vivado_proj.sim/sim_1/behav/xsim/add_loop.coe'
INFO: [SIM-utils-43] Exported 'D:/Vivado/code/SME309-RISCV-tmpl/vivado/vivado_proj.sim/sim_1/behav/xsim/all_test.coe'
INFO: [USF-XSim-97] Finding global include files...
INFO: [USF-XSim-98] Fetching design files from 'sim_1'...
INFO: [USF-XSim-2] XSim::Compile design
INFO: [USF-XSim-61] Executing 'COMPILE and ANALYZE' step in 'D:/Vivado/code/SME309-RISCV-tmpl/vivado/vivado_proj.sim/sim_1/behav/xsim'
"xvlog --incr --relax -prj tb_Top_vlog.prj"
INFO: [USF-XSim-69] 'compile' step finished in '1' seconds
INFO: [Vivado 12-5698] Checking validity of IPs in the design for the 'XSim' simulator...
INFO: [Vivado 12-5682] Launching behavioral simulation in 'D:/Vivado/code/SME309-RISCV-tmpl/vivado/vivado_proj.sim/sim_1/behav/xsim'
INFO: [Vivado 12-4795] Using compiled simulation libraries for IPs
INFO: [USF-XSim-3] XSim::Elaborate design
INFO: [USF-XSim-61] Executing 'ELABORATE' step in 'D:/Vivado/code/SME309-RISCV-tmpl/vivado/vivado_proj.sim/sim_1/behav/xsim'
Vivado Simulator 2017.4
Copyright 1986-1999, 2001-2016 Xilinx, Inc. All Rights Reserved.
Running: D:/Vivado/Vivado/2017.4/bin/unwrapped/win64.o/xelab.exe -wto 3e6eff3e2d4a4c50a15ac3f36e4eed88 --incr --debug typical --relax --mt 2 -L blk_mem_gen_v8_4_1 -L xil_defaultlib -L dist_mem_gen_v8_0_12 -L unisims_ver -L unimacro_ver -L secureip -L xpm --snapshot tb_Top_behav xil_defaultlib.tb_Top xil_defaultlib.glbl -log elaborate.log 
Using 2 slave threads.
Starting static elaboration
WARNING: [VRFC 10-278] actual bit length 1 differs from formal bit length 32 for port imm_32 [D:/Vivado/code/SME309-RISCV-tmpl/rtl/cpu/CPU_TOP.v:86]
WARNING: [VRFC 10-278] actual bit length 5 differs from formal bit length 4 for port A1 [D:/Vivado/code/SME309-RISCV-tmpl/rtl/cpu/CPU_TOP.v:92]
WARNING: [VRFC 10-278] actual bit length 5 differs from formal bit length 4 for port A2 [D:/Vivado/code/SME309-RISCV-tmpl/rtl/cpu/CPU_TOP.v:93]
WARNING: [VRFC 10-278] actual bit length 5 differs from formal bit length 4 for port A3 [D:/Vivado/code/SME309-RISCV-tmpl/rtl/cpu/CPU_TOP.v:94]
WARNING: [VRFC 10-278] actual bit length 32 differs from formal bit length 10 for port a [D:/Vivado/code/SME309-RISCV-tmpl/rtl/benchmark.v:47]
WARNING: [VRFC 10-1783] select index 62 into current_contents is out of bounds [/wrk/2017.4/nightly/2017_12_15_2086221/packages/customer/vivado/data/ip/xilinx/blk_mem_gen_v8_4/simulation/blk_mem_gen_v8_4.v:2420]
Completed static elaboration
INFO: [XSIM 43-4323] No Change in HDL. Linking previously generated obj files to create kernel
INFO: [USF-XSim-69] 'elaborate' step finished in '2' seconds
Vivado Simulator 2017.4
Time resolution is 1 ps
WARNING: This core is supplied with a behavioral model. To model cycle-accurate behavior you must run timing simulation.
 Block Memory Generator module loading initial data...
 Block Memory Generator data initialization complete.
Block Memory Generator module tb_Top.dut.u_benchmark.dram_driver_inst.Mem_DRAM.inst.native_mem_module.blk_mem_gen_v8_4_1_inst is using a behavioral model for simulation which will not precisely model memory collision behavior.
save to testbench.wave
Warning : input CLKIN1 period and attribute CLKIN1_PERIOD on PLLE2_ADV instance tb_Top.dut.pll_inst.inst.plle2_adv_inst are not same.
relaunch_sim: Time (s): cpu = 00:00:02 ; elapsed = 00:00:06 . Memory (MB): peak = 1198.344 ; gain = 0.977
relaunch_sim
INFO: [Vivado 12-5698] Checking validity of IPs in the design for the 'XSim' simulator...
INFO: [Vivado 12-5682] Launching behavioral simulation in 'D:/Vivado/code/SME309-RISCV-tmpl/vivado/vivado_proj.sim/sim_1/behav/xsim'
INFO: [Vivado 12-4795] Using compiled simulation libraries for IPs
INFO: [SIM-utils-51] Simulation object is 'sim_1'
INFO: [USF-XSim-7] Finding pre-compiled libraries...
INFO: [USF-XSim-11] File 'D:/Vivado/Vivado/2017.4/data/xsim/ip/xsim_ip.ini' copied to run dir:'D:/Vivado/code/SME309-RISCV-tmpl/vivado/vivado_proj.sim/sim_1/behav/xsim'
INFO: [SIM-utils-54] Inspecting design source files for 'tb_Top' in fileset 'sim_1'...
INFO: [SIM-utils-43] Exported 'D:/Vivado/code/SME309-RISCV-tmpl/vivado/vivado_proj.sim/sim_1/behav/xsim/DRAM.mif'
INFO: [SIM-utils-43] Exported 'D:/Vivado/code/SME309-RISCV-tmpl/vivado/vivado_proj.sim/sim_1/behav/xsim/all_test_case.coe'
INFO: [SIM-utils-43] Exported 'D:/Vivado/code/SME309-RISCV-tmpl/vivado/vivado_proj.sim/sim_1/behav/xsim/IROM.mif'
INFO: [SIM-utils-43] Exported 'D:/Vivado/code/SME309-RISCV-tmpl/vivado/vivado_proj.sim/sim_1/behav/xsim/add_loop.coe'
INFO: [SIM-utils-43] Exported 'D:/Vivado/code/SME309-RISCV-tmpl/vivado/vivado_proj.sim/sim_1/behav/xsim/all_test.coe'
INFO: [USF-XSim-97] Finding global include files...
INFO: [USF-XSim-98] Fetching design files from 'sim_1'...
INFO: [USF-XSim-2] XSim::Compile design
INFO: [USF-XSim-61] Executing 'COMPILE and ANALYZE' step in 'D:/Vivado/code/SME309-RISCV-tmpl/vivado/vivado_proj.sim/sim_1/behav/xsim'
"xvlog --incr --relax -prj tb_Top_vlog.prj"
INFO: [VRFC 10-2263] Analyzing Verilog file "D:/Vivado/code/SME309-RISCV-tmpl/vivado/vivado_proj.srcs/sources_1/ip/DRAM/sim/DRAM.v" into library xil_defaultlib
INFO: [VRFC 10-311] analyzing module DRAM
INFO: [VRFC 10-2263] Analyzing Verilog file "D:/Vivado/code/SME309-RISCV-tmpl/vivado/vivado_proj.srcs/sources_1/ip/IROM/sim/IROM.v" into library xil_defaultlib
INFO: [VRFC 10-311] analyzing module IROM
INFO: [VRFC 10-2263] Analyzing Verilog file "D:/Vivado/code/SME309-RISCV-tmpl/vivado/vivado_proj.srcs/sources_1/ip/pll/pll_clk_wiz.v" into library xil_defaultlib
INFO: [VRFC 10-311] analyzing module pll_clk_wiz
INFO: [VRFC 10-2263] Analyzing Verilog file "D:/Vivado/code/SME309-RISCV-tmpl/vivado/vivado_proj.srcs/sources_1/ip/pll/pll.v" into library xil_defaultlib
INFO: [VRFC 10-311] analyzing module pll
INFO: [VRFC 10-2263] Analyzing Verilog file "D:/Vivado/code/SME309-RISCV-tmpl/vivado/vivado_proj.srcs/sources_1/new/Alu.v" into library xil_defaultlib
INFO: [VRFC 10-311] analyzing module Alu
INFO: [VRFC 10-2263] Analyzing Verilog file "D:/Vivado/code/SME309-RISCV-tmpl/rtl/cpu/CPU_TOP.v" into library xil_defaultlib
INFO: [VRFC 10-311] analyzing module CPU
INFO: [VRFC 10-2263] Analyzing Verilog file "D:/Vivado/code/SME309-RISCV-tmpl/vivado/vivado_proj.srcs/sources_1/new/Control.v" into library xil_defaultlib
INFO: [VRFC 10-311] analyzing module Control
WARNING: [VRFC 10-2502] extra semicolon in $unit (global) scope [D:/Vivado/code/SME309-RISCV-tmpl/vivado/vivado_proj.srcs/sources_1/new/Control.v:279]
INFO: [VRFC 10-2263] Analyzing Verilog file "D:/Vivado/code/SME309-RISCV-tmpl/vivado/vivado_proj.srcs/sources_1/new/Decoder.v" into library xil_defaultlib
INFO: [VRFC 10-311] analyzing module Decoder
WARNING: [VRFC 10-2502] extra semicolon in $unit (global) scope [D:/Vivado/code/SME309-RISCV-tmpl/vivado/vivado_proj.srcs/sources_1/new/Decoder.v:19]
INFO: [VRFC 10-2263] Analyzing Verilog file "D:/Vivado/code/SME309-RISCV-tmpl/vivado/vivado_proj.srcs/sources_1/new/Extend.v" into library xil_defaultlib
INFO: [VRFC 10-311] analyzing module Extend
WARNING: [VRFC 10-2502] extra semicolon in $unit (global) scope [D:/Vivado/code/SME309-RISCV-tmpl/vivado/vivado_proj.srcs/sources_1/new/Extend.v:37]
INFO: [VRFC 10-2263] Analyzing Verilog file "D:/Vivado/code/SME309-RISCV-tmpl/vivado/vivado_proj.srcs/sources_1/new/Memdata.v" into library xil_defaultlib
INFO: [VRFC 10-311] analyzing module Memdata
INFO: [VRFC 10-2263] Analyzing Verilog file "D:/Vivado/code/SME309-RISCV-tmpl/vivado/vivado_proj.srcs/sources_1/new/ProgramCounter.v" into library xil_defaultlib
INFO: [VRFC 10-311] analyzing module ProgramCounter
INFO: [VRFC 10-2263] Analyzing Verilog file "D:/Vivado/code/SME309-RISCV-tmpl/vivado/vivado_proj.srcs/sources_1/new/RegisterFile.v" into library xil_defaultlib
INFO: [VRFC 10-311] analyzing module RegisterFile
INFO: [VRFC 10-2263] Analyzing Verilog file "D:/Vivado/code/SME309-RISCV-tmpl/rtl/benchmark.v" into library xil_defaultlib
WARNING: [VRFC 10-998] macro MEM_ADDR_START redefined [../../../../../rtl/define.v:6]
WARNING: [VRFC 10-998] macro MEM_ADDR_END redefined [../../../../../rtl/define.v:7]
INFO: [VRFC 10-311] analyzing module benchmark
INFO: [VRFC 10-2263] Analyzing Verilog file "D:/Vivado/code/SME309-RISCV-tmpl/rtl/dram_driver.v" into library xil_defaultlib
INFO: [VRFC 10-311] analyzing module dram_driver
INFO: [VRFC 10-2263] Analyzing Verilog file "D:/Vivado/code/SME309-RISCV-tmpl/rtl/seven_seg.v" into library xil_defaultlib
INFO: [VRFC 10-311] analyzing module seven_seg
INFO: [VRFC 10-2263] Analyzing Verilog file "D:/Vivado/code/SME309-RISCV-tmpl/vivado/top.v" into library xil_defaultlib
INFO: [VRFC 10-311] analyzing module top
INFO: [VRFC 10-2263] Analyzing Verilog file "D:/Vivado/code/SME309-RISCV-tmpl/sim/tb_top.v" into library xil_defaultlib
INFO: [VRFC 10-311] analyzing module tb_Top
INFO: [USF-XSim-69] 'compile' step finished in '1' seconds
INFO: [Vivado 12-5698] Checking validity of IPs in the design for the 'XSim' simulator...
INFO: [Vivado 12-5682] Launching behavioral simulation in 'D:/Vivado/code/SME309-RISCV-tmpl/vivado/vivado_proj.sim/sim_1/behav/xsim'
INFO: [Vivado 12-4795] Using compiled simulation libraries for IPs
INFO: [USF-XSim-3] XSim::Elaborate design
INFO: [USF-XSim-61] Executing 'ELABORATE' step in 'D:/Vivado/code/SME309-RISCV-tmpl/vivado/vivado_proj.sim/sim_1/behav/xsim'
Vivado Simulator 2017.4
Copyright 1986-1999, 2001-2016 Xilinx, Inc. All Rights Reserved.
Running: D:/Vivado/Vivado/2017.4/bin/unwrapped/win64.o/xelab.exe -wto 3e6eff3e2d4a4c50a15ac3f36e4eed88 --incr --debug typical --relax --mt 2 -L blk_mem_gen_v8_4_1 -L xil_defaultlib -L dist_mem_gen_v8_0_12 -L unisims_ver -L unimacro_ver -L secureip -L xpm --snapshot tb_Top_behav xil_defaultlib.tb_Top xil_defaultlib.glbl -log elaborate.log 
Using 2 slave threads.
Starting static elaboration
WARNING: [VRFC 10-278] actual bit length 1 differs from formal bit length 32 for port imm_32 [D:/Vivado/code/SME309-RISCV-tmpl/rtl/cpu/CPU_TOP.v:86]
WARNING: [VRFC 10-278] actual bit length 32 differs from formal bit length 10 for port a [D:/Vivado/code/SME309-RISCV-tmpl/rtl/benchmark.v:47]
WARNING: [VRFC 10-1783] select index 62 into current_contents is out of bounds [/wrk/2017.4/nightly/2017_12_15_2086221/packages/customer/vivado/data/ip/xilinx/blk_mem_gen_v8_4/simulation/blk_mem_gen_v8_4.v:2420]
Completed static elaboration
Starting simulation data flow analysis
Completed simulation data flow analysis
Time Resolution for simulation is 1ps
Compiling module unisims_ver.IBUF
Compiling module unisims_ver.PLLE2_ADV(CLKFBOUT_MULT=17,CLKIN...
Compiling module unisims_ver.BUFG
Compiling module xil_defaultlib.pll_clk_wiz
Compiling module xil_defaultlib.pll
Compiling module xil_defaultlib.Decoder
Compiling module xil_defaultlib.Control
Compiling module xil_defaultlib.Extend
Compiling module xil_defaultlib.RegisterFile
Compiling module xil_defaultlib.Alu
Compiling module xil_defaultlib.ProgramCounter
Compiling module xil_defaultlib.Memdata
Compiling module xil_defaultlib.CPU
Compiling module dist_mem_gen_v8_0_12.dist_mem_gen_v8_0_12(C_FAMILY="a...
Compiling module xil_defaultlib.IROM
Compiling module blk_mem_gen_v8_4_1.blk_mem_gen_v8_4_1_output_stage(...
Compiling module blk_mem_gen_v8_4_1.blk_mem_gen_v8_4_1_output_stage(...
Compiling module blk_mem_gen_v8_4_1.blk_mem_gen_v8_4_1_softecc_outpu...
Compiling module blk_mem_gen_v8_4_1.blk_mem_gen_v8_4_1_mem_module(C_...
Compiling module blk_mem_gen_v8_4_1.blk_mem_gen_v8_4_1(C_FAMILY="art...
Compiling module xil_defaultlib.DRAM
Compiling module xil_defaultlib.dram_driver
Compiling module xil_defaultlib.seven_seg
Compiling module xil_defaultlib.benchmark
Compiling module xil_defaultlib.top
Compiling module xil_defaultlib.tb_Top
Compiling module xil_defaultlib.glbl
Built simulation snapshot tb_Top_behav
INFO: [USF-XSim-69] 'elaborate' step finished in '3' seconds
Vivado Simulator 2017.4
Time resolution is 1 ps
WARNING: This core is supplied with a behavioral model. To model cycle-accurate behavior you must run timing simulation.
 Block Memory Generator module loading initial data...
 Block Memory Generator data initialization complete.
Block Memory Generator module tb_Top.dut.u_benchmark.dram_driver_inst.Mem_DRAM.inst.native_mem_module.blk_mem_gen_v8_4_1_inst is using a behavioral model for simulation which will not precisely model memory collision behavior.
save to testbench.wave
Warning : input CLKIN1 period and attribute CLKIN1_PERIOD on PLLE2_ADV instance tb_Top.dut.pll_inst.inst.plle2_adv_inst are not same.
relaunch_sim: Time (s): cpu = 00:00:00 ; elapsed = 00:00:09 . Memory (MB): peak = 1201.281 ; gain = 0.000
relaunch_sim
INFO: [Vivado 12-5698] Checking validity of IPs in the design for the 'XSim' simulator...
INFO: [Vivado 12-5682] Launching behavioral simulation in 'D:/Vivado/code/SME309-RISCV-tmpl/vivado/vivado_proj.sim/sim_1/behav/xsim'
INFO: [Vivado 12-4795] Using compiled simulation libraries for IPs
INFO: [SIM-utils-51] Simulation object is 'sim_1'
INFO: [USF-XSim-7] Finding pre-compiled libraries...
INFO: [USF-XSim-11] File 'D:/Vivado/Vivado/2017.4/data/xsim/ip/xsim_ip.ini' copied to run dir:'D:/Vivado/code/SME309-RISCV-tmpl/vivado/vivado_proj.sim/sim_1/behav/xsim'
INFO: [SIM-utils-54] Inspecting design source files for 'tb_Top' in fileset 'sim_1'...
INFO: [SIM-utils-43] Exported 'D:/Vivado/code/SME309-RISCV-tmpl/vivado/vivado_proj.sim/sim_1/behav/xsim/DRAM.mif'
INFO: [SIM-utils-43] Exported 'D:/Vivado/code/SME309-RISCV-tmpl/vivado/vivado_proj.sim/sim_1/behav/xsim/all_test_case.coe'
INFO: [SIM-utils-43] Exported 'D:/Vivado/code/SME309-RISCV-tmpl/vivado/vivado_proj.sim/sim_1/behav/xsim/IROM.mif'
INFO: [SIM-utils-43] Exported 'D:/Vivado/code/SME309-RISCV-tmpl/vivado/vivado_proj.sim/sim_1/behav/xsim/add_loop.coe'
INFO: [SIM-utils-43] Exported 'D:/Vivado/code/SME309-RISCV-tmpl/vivado/vivado_proj.sim/sim_1/behav/xsim/all_test.coe'
INFO: [USF-XSim-97] Finding global include files...
INFO: [USF-XSim-98] Fetching design files from 'sim_1'...
INFO: [USF-XSim-2] XSim::Compile design
INFO: [USF-XSim-61] Executing 'COMPILE and ANALYZE' step in 'D:/Vivado/code/SME309-RISCV-tmpl/vivado/vivado_proj.sim/sim_1/behav/xsim'
"xvlog --incr --relax -prj tb_Top_vlog.prj"
INFO: [USF-XSim-69] 'compile' step finished in '1' seconds
INFO: [Vivado 12-5698] Checking validity of IPs in the design for the 'XSim' simulator...
INFO: [Vivado 12-5682] Launching behavioral simulation in 'D:/Vivado/code/SME309-RISCV-tmpl/vivado/vivado_proj.sim/sim_1/behav/xsim'
INFO: [Vivado 12-4795] Using compiled simulation libraries for IPs
INFO: [USF-XSim-3] XSim::Elaborate design
INFO: [USF-XSim-61] Executing 'ELABORATE' step in 'D:/Vivado/code/SME309-RISCV-tmpl/vivado/vivado_proj.sim/sim_1/behav/xsim'
Vivado Simulator 2017.4
Copyright 1986-1999, 2001-2016 Xilinx, Inc. All Rights Reserved.
Running: D:/Vivado/Vivado/2017.4/bin/unwrapped/win64.o/xelab.exe -wto 3e6eff3e2d4a4c50a15ac3f36e4eed88 --incr --debug typical --relax --mt 2 -L blk_mem_gen_v8_4_1 -L xil_defaultlib -L dist_mem_gen_v8_0_12 -L unisims_ver -L unimacro_ver -L secureip -L xpm --snapshot tb_Top_behav xil_defaultlib.tb_Top xil_defaultlib.glbl -log elaborate.log 
Using 2 slave threads.
Starting static elaboration
WARNING: [VRFC 10-278] actual bit length 1 differs from formal bit length 32 for port imm_32 [D:/Vivado/code/SME309-RISCV-tmpl/rtl/cpu/CPU_TOP.v:86]
WARNING: [VRFC 10-278] actual bit length 32 differs from formal bit length 10 for port a [D:/Vivado/code/SME309-RISCV-tmpl/rtl/benchmark.v:47]
WARNING: [VRFC 10-1783] select index 62 into current_contents is out of bounds [/wrk/2017.4/nightly/2017_12_15_2086221/packages/customer/vivado/data/ip/xilinx/blk_mem_gen_v8_4/simulation/blk_mem_gen_v8_4.v:2420]
Completed static elaboration
INFO: [XSIM 43-4323] No Change in HDL. Linking previously generated obj files to create kernel
INFO: [USF-XSim-69] 'elaborate' step finished in '1' seconds
Vivado Simulator 2017.4
Time resolution is 1 ps
WARNING: This core is supplied with a behavioral model. To model cycle-accurate behavior you must run timing simulation.
 Block Memory Generator module loading initial data...
 Block Memory Generator data initialization complete.
Block Memory Generator module tb_Top.dut.u_benchmark.dram_driver_inst.Mem_DRAM.inst.native_mem_module.blk_mem_gen_v8_4_1_inst is using a behavioral model for simulation which will not precisely model memory collision behavior.
save to testbench.wave
Warning : input CLKIN1 period and attribute CLKIN1_PERIOD on PLLE2_ADV instance tb_Top.dut.pll_inst.inst.plle2_adv_inst are not same.
relaunch_sim: Time (s): cpu = 00:00:02 ; elapsed = 00:00:06 . Memory (MB): peak = 1204.789 ; gain = 3.508
relaunch_sim
INFO: [Vivado 12-5698] Checking validity of IPs in the design for the 'XSim' simulator...
INFO: [Vivado 12-5682] Launching behavioral simulation in 'D:/Vivado/code/SME309-RISCV-tmpl/vivado/vivado_proj.sim/sim_1/behav/xsim'
INFO: [Vivado 12-4795] Using compiled simulation libraries for IPs
INFO: [SIM-utils-51] Simulation object is 'sim_1'
INFO: [USF-XSim-7] Finding pre-compiled libraries...
INFO: [USF-XSim-11] File 'D:/Vivado/Vivado/2017.4/data/xsim/ip/xsim_ip.ini' copied to run dir:'D:/Vivado/code/SME309-RISCV-tmpl/vivado/vivado_proj.sim/sim_1/behav/xsim'
INFO: [SIM-utils-54] Inspecting design source files for 'tb_Top' in fileset 'sim_1'...
INFO: [SIM-utils-43] Exported 'D:/Vivado/code/SME309-RISCV-tmpl/vivado/vivado_proj.sim/sim_1/behav/xsim/DRAM.mif'
INFO: [SIM-utils-43] Exported 'D:/Vivado/code/SME309-RISCV-tmpl/vivado/vivado_proj.sim/sim_1/behav/xsim/all_test_case.coe'
INFO: [SIM-utils-43] Exported 'D:/Vivado/code/SME309-RISCV-tmpl/vivado/vivado_proj.sim/sim_1/behav/xsim/IROM.mif'
INFO: [SIM-utils-43] Exported 'D:/Vivado/code/SME309-RISCV-tmpl/vivado/vivado_proj.sim/sim_1/behav/xsim/add_loop.coe'
INFO: [SIM-utils-43] Exported 'D:/Vivado/code/SME309-RISCV-tmpl/vivado/vivado_proj.sim/sim_1/behav/xsim/all_test.coe'
INFO: [USF-XSim-97] Finding global include files...
INFO: [USF-XSim-98] Fetching design files from 'sim_1'...
INFO: [USF-XSim-2] XSim::Compile design
INFO: [USF-XSim-61] Executing 'COMPILE and ANALYZE' step in 'D:/Vivado/code/SME309-RISCV-tmpl/vivado/vivado_proj.sim/sim_1/behav/xsim'
"xvlog --incr --relax -prj tb_Top_vlog.prj"
INFO: [USF-XSim-69] 'compile' step finished in '1' seconds
INFO: [Vivado 12-5698] Checking validity of IPs in the design for the 'XSim' simulator...
INFO: [Vivado 12-5682] Launching behavioral simulation in 'D:/Vivado/code/SME309-RISCV-tmpl/vivado/vivado_proj.sim/sim_1/behav/xsim'
INFO: [Vivado 12-4795] Using compiled simulation libraries for IPs
INFO: [USF-XSim-3] XSim::Elaborate design
INFO: [USF-XSim-61] Executing 'ELABORATE' step in 'D:/Vivado/code/SME309-RISCV-tmpl/vivado/vivado_proj.sim/sim_1/behav/xsim'
Vivado Simulator 2017.4
Copyright 1986-1999, 2001-2016 Xilinx, Inc. All Rights Reserved.
Running: D:/Vivado/Vivado/2017.4/bin/unwrapped/win64.o/xelab.exe -wto 3e6eff3e2d4a4c50a15ac3f36e4eed88 --incr --debug typical --relax --mt 2 -L blk_mem_gen_v8_4_1 -L xil_defaultlib -L dist_mem_gen_v8_0_12 -L unisims_ver -L unimacro_ver -L secureip -L xpm --snapshot tb_Top_behav xil_defaultlib.tb_Top xil_defaultlib.glbl -log elaborate.log 
Using 2 slave threads.
Starting static elaboration
WARNING: [VRFC 10-278] actual bit length 1 differs from formal bit length 32 for port imm_32 [D:/Vivado/code/SME309-RISCV-tmpl/rtl/cpu/CPU_TOP.v:86]
WARNING: [VRFC 10-278] actual bit length 32 differs from formal bit length 10 for port a [D:/Vivado/code/SME309-RISCV-tmpl/rtl/benchmark.v:47]
WARNING: [VRFC 10-1783] select index 62 into current_contents is out of bounds [/wrk/2017.4/nightly/2017_12_15_2086221/packages/customer/vivado/data/ip/xilinx/blk_mem_gen_v8_4/simulation/blk_mem_gen_v8_4.v:2420]
Completed static elaboration
INFO: [XSIM 43-4323] No Change in HDL. Linking previously generated obj files to create kernel
INFO: [USF-XSim-69] 'elaborate' step finished in '1' seconds
Vivado Simulator 2017.4
Time resolution is 1 ps
WARNING: This core is supplied with a behavioral model. To model cycle-accurate behavior you must run timing simulation.
 Block Memory Generator module loading initial data...
 Block Memory Generator data initialization complete.
Block Memory Generator module tb_Top.dut.u_benchmark.dram_driver_inst.Mem_DRAM.inst.native_mem_module.blk_mem_gen_v8_4_1_inst is using a behavioral model for simulation which will not precisely model memory collision behavior.
save to testbench.wave
Warning : input CLKIN1 period and attribute CLKIN1_PERIOD on PLLE2_ADV instance tb_Top.dut.pll_inst.inst.plle2_adv_inst are not same.
relaunch_sim: Time (s): cpu = 00:00:01 ; elapsed = 00:00:05 . Memory (MB): peak = 1206.020 ; gain = 1.113
relaunch_sim
INFO: [Vivado 12-5698] Checking validity of IPs in the design for the 'XSim' simulator...
INFO: [Vivado 12-5682] Launching behavioral simulation in 'D:/Vivado/code/SME309-RISCV-tmpl/vivado/vivado_proj.sim/sim_1/behav/xsim'
INFO: [Vivado 12-4795] Using compiled simulation libraries for IPs
INFO: [SIM-utils-51] Simulation object is 'sim_1'
INFO: [USF-XSim-7] Finding pre-compiled libraries...
INFO: [USF-XSim-11] File 'D:/Vivado/Vivado/2017.4/data/xsim/ip/xsim_ip.ini' copied to run dir:'D:/Vivado/code/SME309-RISCV-tmpl/vivado/vivado_proj.sim/sim_1/behav/xsim'
INFO: [SIM-utils-54] Inspecting design source files for 'tb_Top' in fileset 'sim_1'...
INFO: [SIM-utils-43] Exported 'D:/Vivado/code/SME309-RISCV-tmpl/vivado/vivado_proj.sim/sim_1/behav/xsim/DRAM.mif'
INFO: [SIM-utils-43] Exported 'D:/Vivado/code/SME309-RISCV-tmpl/vivado/vivado_proj.sim/sim_1/behav/xsim/all_test_case.coe'
INFO: [SIM-utils-43] Exported 'D:/Vivado/code/SME309-RISCV-tmpl/vivado/vivado_proj.sim/sim_1/behav/xsim/IROM.mif'
INFO: [SIM-utils-43] Exported 'D:/Vivado/code/SME309-RISCV-tmpl/vivado/vivado_proj.sim/sim_1/behav/xsim/add_loop.coe'
INFO: [SIM-utils-43] Exported 'D:/Vivado/code/SME309-RISCV-tmpl/vivado/vivado_proj.sim/sim_1/behav/xsim/all_test.coe'
INFO: [USF-XSim-97] Finding global include files...
INFO: [USF-XSim-98] Fetching design files from 'sim_1'...
INFO: [USF-XSim-2] XSim::Compile design
INFO: [USF-XSim-61] Executing 'COMPILE and ANALYZE' step in 'D:/Vivado/code/SME309-RISCV-tmpl/vivado/vivado_proj.sim/sim_1/behav/xsim'
"xvlog --incr --relax -prj tb_Top_vlog.prj"
INFO: [USF-XSim-69] 'compile' step finished in '1' seconds
INFO: [Vivado 12-5698] Checking validity of IPs in the design for the 'XSim' simulator...
INFO: [Vivado 12-5682] Launching behavioral simulation in 'D:/Vivado/code/SME309-RISCV-tmpl/vivado/vivado_proj.sim/sim_1/behav/xsim'
INFO: [Vivado 12-4795] Using compiled simulation libraries for IPs
INFO: [USF-XSim-3] XSim::Elaborate design
INFO: [USF-XSim-61] Executing 'ELABORATE' step in 'D:/Vivado/code/SME309-RISCV-tmpl/vivado/vivado_proj.sim/sim_1/behav/xsim'
Vivado Simulator 2017.4
Copyright 1986-1999, 2001-2016 Xilinx, Inc. All Rights Reserved.
Running: D:/Vivado/Vivado/2017.4/bin/unwrapped/win64.o/xelab.exe -wto 3e6eff3e2d4a4c50a15ac3f36e4eed88 --incr --debug typical --relax --mt 2 -L blk_mem_gen_v8_4_1 -L xil_defaultlib -L dist_mem_gen_v8_0_12 -L unisims_ver -L unimacro_ver -L secureip -L xpm --snapshot tb_Top_behav xil_defaultlib.tb_Top xil_defaultlib.glbl -log elaborate.log 
Using 2 slave threads.
Starting static elaboration
WARNING: [VRFC 10-278] actual bit length 1 differs from formal bit length 32 for port imm_32 [D:/Vivado/code/SME309-RISCV-tmpl/rtl/cpu/CPU_TOP.v:86]
WARNING: [VRFC 10-278] actual bit length 32 differs from formal bit length 10 for port a [D:/Vivado/code/SME309-RISCV-tmpl/rtl/benchmark.v:47]
WARNING: [VRFC 10-1783] select index 62 into current_contents is out of bounds [/wrk/2017.4/nightly/2017_12_15_2086221/packages/customer/vivado/data/ip/xilinx/blk_mem_gen_v8_4/simulation/blk_mem_gen_v8_4.v:2420]
Completed static elaboration
INFO: [XSIM 43-4323] No Change in HDL. Linking previously generated obj files to create kernel
INFO: [USF-XSim-69] 'elaborate' step finished in '1' seconds
Vivado Simulator 2017.4
Time resolution is 1 ps
WARNING: This core is supplied with a behavioral model. To model cycle-accurate behavior you must run timing simulation.
 Block Memory Generator module loading initial data...
 Block Memory Generator data initialization complete.
Block Memory Generator module tb_Top.dut.u_benchmark.dram_driver_inst.Mem_DRAM.inst.native_mem_module.blk_mem_gen_v8_4_1_inst is using a behavioral model for simulation which will not precisely model memory collision behavior.
save to testbench.wave
Warning : input CLKIN1 period and attribute CLKIN1_PERIOD on PLLE2_ADV instance tb_Top.dut.pll_inst.inst.plle2_adv_inst are not same.
relaunch_sim
INFO: [Vivado 12-5698] Checking validity of IPs in the design for the 'XSim' simulator...
INFO: [Vivado 12-5682] Launching behavioral simulation in 'D:/Vivado/code/SME309-RISCV-tmpl/vivado/vivado_proj.sim/sim_1/behav/xsim'
INFO: [Vivado 12-4795] Using compiled simulation libraries for IPs
INFO: [SIM-utils-51] Simulation object is 'sim_1'
INFO: [USF-XSim-7] Finding pre-compiled libraries...
INFO: [USF-XSim-11] File 'D:/Vivado/Vivado/2017.4/data/xsim/ip/xsim_ip.ini' copied to run dir:'D:/Vivado/code/SME309-RISCV-tmpl/vivado/vivado_proj.sim/sim_1/behav/xsim'
INFO: [SIM-utils-54] Inspecting design source files for 'tb_Top' in fileset 'sim_1'...
INFO: [SIM-utils-43] Exported 'D:/Vivado/code/SME309-RISCV-tmpl/vivado/vivado_proj.sim/sim_1/behav/xsim/DRAM.mif'
INFO: [SIM-utils-43] Exported 'D:/Vivado/code/SME309-RISCV-tmpl/vivado/vivado_proj.sim/sim_1/behav/xsim/all_test_case.coe'
INFO: [SIM-utils-43] Exported 'D:/Vivado/code/SME309-RISCV-tmpl/vivado/vivado_proj.sim/sim_1/behav/xsim/IROM.mif'
INFO: [SIM-utils-43] Exported 'D:/Vivado/code/SME309-RISCV-tmpl/vivado/vivado_proj.sim/sim_1/behav/xsim/add_loop.coe'
INFO: [SIM-utils-43] Exported 'D:/Vivado/code/SME309-RISCV-tmpl/vivado/vivado_proj.sim/sim_1/behav/xsim/all_test.coe'
INFO: [USF-XSim-97] Finding global include files...
INFO: [USF-XSim-98] Fetching design files from 'sim_1'...
INFO: [USF-XSim-2] XSim::Compile design
INFO: [USF-XSim-61] Executing 'COMPILE and ANALYZE' step in 'D:/Vivado/code/SME309-RISCV-tmpl/vivado/vivado_proj.sim/sim_1/behav/xsim'
"xvlog --incr --relax -prj tb_Top_vlog.prj"
INFO: [VRFC 10-2263] Analyzing Verilog file "D:/Vivado/code/SME309-RISCV-tmpl/vivado/vivado_proj.srcs/sources_1/ip/DRAM/sim/DRAM.v" into library xil_defaultlib
INFO: [VRFC 10-311] analyzing module DRAM
INFO: [VRFC 10-2263] Analyzing Verilog file "D:/Vivado/code/SME309-RISCV-tmpl/vivado/vivado_proj.srcs/sources_1/ip/IROM/sim/IROM.v" into library xil_defaultlib
INFO: [VRFC 10-311] analyzing module IROM
INFO: [VRFC 10-2263] Analyzing Verilog file "D:/Vivado/code/SME309-RISCV-tmpl/vivado/vivado_proj.srcs/sources_1/ip/pll/pll_clk_wiz.v" into library xil_defaultlib
INFO: [VRFC 10-311] analyzing module pll_clk_wiz
INFO: [VRFC 10-2263] Analyzing Verilog file "D:/Vivado/code/SME309-RISCV-tmpl/vivado/vivado_proj.srcs/sources_1/ip/pll/pll.v" into library xil_defaultlib
INFO: [VRFC 10-311] analyzing module pll
INFO: [VRFC 10-2263] Analyzing Verilog file "D:/Vivado/code/SME309-RISCV-tmpl/vivado/vivado_proj.srcs/sources_1/new/Alu.v" into library xil_defaultlib
INFO: [VRFC 10-311] analyzing module Alu
INFO: [VRFC 10-2263] Analyzing Verilog file "D:/Vivado/code/SME309-RISCV-tmpl/rtl/cpu/CPU_TOP.v" into library xil_defaultlib
INFO: [VRFC 10-311] analyzing module CPU
INFO: [VRFC 10-2263] Analyzing Verilog file "D:/Vivado/code/SME309-RISCV-tmpl/vivado/vivado_proj.srcs/sources_1/new/Control.v" into library xil_defaultlib
INFO: [VRFC 10-311] analyzing module Control
WARNING: [VRFC 10-2502] extra semicolon in $unit (global) scope [D:/Vivado/code/SME309-RISCV-tmpl/vivado/vivado_proj.srcs/sources_1/new/Control.v:279]
INFO: [VRFC 10-2263] Analyzing Verilog file "D:/Vivado/code/SME309-RISCV-tmpl/vivado/vivado_proj.srcs/sources_1/new/Decoder.v" into library xil_defaultlib
INFO: [VRFC 10-311] analyzing module Decoder
WARNING: [VRFC 10-2502] extra semicolon in $unit (global) scope [D:/Vivado/code/SME309-RISCV-tmpl/vivado/vivado_proj.srcs/sources_1/new/Decoder.v:19]
INFO: [VRFC 10-2263] Analyzing Verilog file "D:/Vivado/code/SME309-RISCV-tmpl/vivado/vivado_proj.srcs/sources_1/new/Extend.v" into library xil_defaultlib
INFO: [VRFC 10-311] analyzing module Extend
WARNING: [VRFC 10-2502] extra semicolon in $unit (global) scope [D:/Vivado/code/SME309-RISCV-tmpl/vivado/vivado_proj.srcs/sources_1/new/Extend.v:37]
INFO: [VRFC 10-2263] Analyzing Verilog file "D:/Vivado/code/SME309-RISCV-tmpl/vivado/vivado_proj.srcs/sources_1/new/Memdata.v" into library xil_defaultlib
INFO: [VRFC 10-311] analyzing module Memdata
INFO: [VRFC 10-2263] Analyzing Verilog file "D:/Vivado/code/SME309-RISCV-tmpl/vivado/vivado_proj.srcs/sources_1/new/ProgramCounter.v" into library xil_defaultlib
INFO: [VRFC 10-311] analyzing module ProgramCounter
INFO: [VRFC 10-2263] Analyzing Verilog file "D:/Vivado/code/SME309-RISCV-tmpl/vivado/vivado_proj.srcs/sources_1/new/RegisterFile.v" into library xil_defaultlib
INFO: [VRFC 10-311] analyzing module RegisterFile
INFO: [VRFC 10-2263] Analyzing Verilog file "D:/Vivado/code/SME309-RISCV-tmpl/rtl/benchmark.v" into library xil_defaultlib
WARNING: [VRFC 10-998] macro MEM_ADDR_START redefined [../../../../../rtl/define.v:6]
WARNING: [VRFC 10-998] macro MEM_ADDR_END redefined [../../../../../rtl/define.v:7]
INFO: [VRFC 10-311] analyzing module benchmark
INFO: [VRFC 10-2263] Analyzing Verilog file "D:/Vivado/code/SME309-RISCV-tmpl/rtl/dram_driver.v" into library xil_defaultlib
INFO: [VRFC 10-311] analyzing module dram_driver
INFO: [VRFC 10-2263] Analyzing Verilog file "D:/Vivado/code/SME309-RISCV-tmpl/rtl/seven_seg.v" into library xil_defaultlib
INFO: [VRFC 10-311] analyzing module seven_seg
INFO: [VRFC 10-2263] Analyzing Verilog file "D:/Vivado/code/SME309-RISCV-tmpl/vivado/top.v" into library xil_defaultlib
INFO: [VRFC 10-311] analyzing module top
INFO: [VRFC 10-2263] Analyzing Verilog file "D:/Vivado/code/SME309-RISCV-tmpl/sim/tb_top.v" into library xil_defaultlib
INFO: [VRFC 10-311] analyzing module tb_Top
INFO: [USF-XSim-69] 'compile' step finished in '1' seconds
launch_simulation: Time (s): cpu = 00:00:01 ; elapsed = 00:00:07 . Memory (MB): peak = 1208.148 ; gain = 0.000
INFO: [Vivado 12-5698] Checking validity of IPs in the design for the 'XSim' simulator...
INFO: [Vivado 12-5682] Launching behavioral simulation in 'D:/Vivado/code/SME309-RISCV-tmpl/vivado/vivado_proj.sim/sim_1/behav/xsim'
INFO: [Vivado 12-4795] Using compiled simulation libraries for IPs
INFO: [USF-XSim-3] XSim::Elaborate design
INFO: [USF-XSim-61] Executing 'ELABORATE' step in 'D:/Vivado/code/SME309-RISCV-tmpl/vivado/vivado_proj.sim/sim_1/behav/xsim'
Vivado Simulator 2017.4
Copyright 1986-1999, 2001-2016 Xilinx, Inc. All Rights Reserved.
Running: D:/Vivado/Vivado/2017.4/bin/unwrapped/win64.o/xelab.exe -wto 3e6eff3e2d4a4c50a15ac3f36e4eed88 --incr --debug typical --relax --mt 2 -L blk_mem_gen_v8_4_1 -L xil_defaultlib -L dist_mem_gen_v8_0_12 -L unisims_ver -L unimacro_ver -L secureip -L xpm --snapshot tb_Top_behav xil_defaultlib.tb_Top xil_defaultlib.glbl -log elaborate.log 
Using 2 slave threads.
Starting static elaboration
WARNING: [VRFC 10-278] actual bit length 1 differs from formal bit length 32 for port imm_32 [D:/Vivado/code/SME309-RISCV-tmpl/rtl/cpu/CPU_TOP.v:86]
WARNING: [VRFC 10-278] actual bit length 32 differs from formal bit length 10 for port a [D:/Vivado/code/SME309-RISCV-tmpl/rtl/benchmark.v:47]
WARNING: [VRFC 10-1783] select index 62 into current_contents is out of bounds [/wrk/2017.4/nightly/2017_12_15_2086221/packages/customer/vivado/data/ip/xilinx/blk_mem_gen_v8_4/simulation/blk_mem_gen_v8_4.v:2420]
Completed static elaboration
Starting simulation data flow analysis
Completed simulation data flow analysis
Time Resolution for simulation is 1ps
Compiling module unisims_ver.IBUF
Compiling module unisims_ver.PLLE2_ADV(CLKFBOUT_MULT=17,CLKIN...
Compiling module unisims_ver.BUFG
Compiling module xil_defaultlib.pll_clk_wiz
Compiling module xil_defaultlib.pll
Compiling module xil_defaultlib.Decoder
Compiling module xil_defaultlib.Control
Compiling module xil_defaultlib.Extend
Compiling module xil_defaultlib.RegisterFile
Compiling module xil_defaultlib.Alu
Compiling module xil_defaultlib.ProgramCounter
Compiling module xil_defaultlib.Memdata
Compiling module xil_defaultlib.CPU
Compiling module dist_mem_gen_v8_0_12.dist_mem_gen_v8_0_12(C_FAMILY="a...
Compiling module xil_defaultlib.IROM
Compiling module blk_mem_gen_v8_4_1.blk_mem_gen_v8_4_1_output_stage(...
Compiling module blk_mem_gen_v8_4_1.blk_mem_gen_v8_4_1_output_stage(...
Compiling module blk_mem_gen_v8_4_1.blk_mem_gen_v8_4_1_softecc_outpu...
Compiling module blk_mem_gen_v8_4_1.blk_mem_gen_v8_4_1_mem_module(C_...
Compiling module blk_mem_gen_v8_4_1.blk_mem_gen_v8_4_1(C_FAMILY="art...
Compiling module xil_defaultlib.DRAM
Compiling module xil_defaultlib.dram_driver
Compiling module xil_defaultlib.seven_seg
Compiling module xil_defaultlib.benchmark
Compiling module xil_defaultlib.top
Compiling module xil_defaultlib.tb_Top
Compiling module xil_defaultlib.glbl
Built simulation snapshot tb_Top_behav
run_program: Time (s): cpu = 00:00:00 ; elapsed = 00:00:05 . Memory (MB): peak = 1208.148 ; gain = 0.000
INFO: [USF-XSim-69] 'elaborate' step finished in '5' seconds
launch_simulation: Time (s): cpu = 00:00:00 ; elapsed = 00:00:05 . Memory (MB): peak = 1208.148 ; gain = 0.000
Vivado Simulator 2017.4
Time resolution is 1 ps
WARNING: This core is supplied with a behavioral model. To model cycle-accurate behavior you must run timing simulation.
 Block Memory Generator module loading initial data...
 Block Memory Generator data initialization complete.
Block Memory Generator module tb_Top.dut.u_benchmark.dram_driver_inst.Mem_DRAM.inst.native_mem_module.blk_mem_gen_v8_4_1_inst is using a behavioral model for simulation which will not precisely model memory collision behavior.
save to testbench.wave
Warning : input CLKIN1 period and attribute CLKIN1_PERIOD on PLLE2_ADV instance tb_Top.dut.pll_inst.inst.plle2_adv_inst are not same.
relaunch_sim: Time (s): cpu = 00:00:01 ; elapsed = 00:00:15 . Memory (MB): peak = 1208.215 ; gain = 0.066
relaunch_sim
INFO: [Vivado 12-5698] Checking validity of IPs in the design for the 'XSim' simulator...
INFO: [Vivado 12-5682] Launching behavioral simulation in 'D:/Vivado/code/SME309-RISCV-tmpl/vivado/vivado_proj.sim/sim_1/behav/xsim'
INFO: [Vivado 12-4795] Using compiled simulation libraries for IPs
INFO: [SIM-utils-51] Simulation object is 'sim_1'
INFO: [USF-XSim-7] Finding pre-compiled libraries...
INFO: [USF-XSim-11] File 'D:/Vivado/Vivado/2017.4/data/xsim/ip/xsim_ip.ini' copied to run dir:'D:/Vivado/code/SME309-RISCV-tmpl/vivado/vivado_proj.sim/sim_1/behav/xsim'
INFO: [SIM-utils-54] Inspecting design source files for 'tb_Top' in fileset 'sim_1'...
INFO: [SIM-utils-43] Exported 'D:/Vivado/code/SME309-RISCV-tmpl/vivado/vivado_proj.sim/sim_1/behav/xsim/DRAM.mif'
INFO: [SIM-utils-43] Exported 'D:/Vivado/code/SME309-RISCV-tmpl/vivado/vivado_proj.sim/sim_1/behav/xsim/all_test_case.coe'
INFO: [SIM-utils-43] Exported 'D:/Vivado/code/SME309-RISCV-tmpl/vivado/vivado_proj.sim/sim_1/behav/xsim/IROM.mif'
INFO: [SIM-utils-43] Exported 'D:/Vivado/code/SME309-RISCV-tmpl/vivado/vivado_proj.sim/sim_1/behav/xsim/add_loop.coe'
INFO: [SIM-utils-43] Exported 'D:/Vivado/code/SME309-RISCV-tmpl/vivado/vivado_proj.sim/sim_1/behav/xsim/all_test.coe'
INFO: [USF-XSim-97] Finding global include files...
INFO: [USF-XSim-98] Fetching design files from 'sim_1'...
INFO: [USF-XSim-2] XSim::Compile design
INFO: [USF-XSim-61] Executing 'COMPILE and ANALYZE' step in 'D:/Vivado/code/SME309-RISCV-tmpl/vivado/vivado_proj.sim/sim_1/behav/xsim'
"xvlog --incr --relax -prj tb_Top_vlog.prj"
INFO: [USF-XSim-69] 'compile' step finished in '1' seconds
INFO: [Vivado 12-5698] Checking validity of IPs in the design for the 'XSim' simulator...
INFO: [Vivado 12-5682] Launching behavioral simulation in 'D:/Vivado/code/SME309-RISCV-tmpl/vivado/vivado_proj.sim/sim_1/behav/xsim'
INFO: [Vivado 12-4795] Using compiled simulation libraries for IPs
INFO: [USF-XSim-3] XSim::Elaborate design
INFO: [USF-XSim-61] Executing 'ELABORATE' step in 'D:/Vivado/code/SME309-RISCV-tmpl/vivado/vivado_proj.sim/sim_1/behav/xsim'
Vivado Simulator 2017.4
Copyright 1986-1999, 2001-2016 Xilinx, Inc. All Rights Reserved.
Running: D:/Vivado/Vivado/2017.4/bin/unwrapped/win64.o/xelab.exe -wto 3e6eff3e2d4a4c50a15ac3f36e4eed88 --incr --debug typical --relax --mt 2 -L blk_mem_gen_v8_4_1 -L xil_defaultlib -L dist_mem_gen_v8_0_12 -L unisims_ver -L unimacro_ver -L secureip -L xpm --snapshot tb_Top_behav xil_defaultlib.tb_Top xil_defaultlib.glbl -log elaborate.log 
Using 2 slave threads.
Starting static elaboration
WARNING: [VRFC 10-278] actual bit length 1 differs from formal bit length 32 for port imm_32 [D:/Vivado/code/SME309-RISCV-tmpl/rtl/cpu/CPU_TOP.v:86]
WARNING: [VRFC 10-278] actual bit length 32 differs from formal bit length 10 for port a [D:/Vivado/code/SME309-RISCV-tmpl/rtl/benchmark.v:47]
WARNING: [VRFC 10-1783] select index 62 into current_contents is out of bounds [/wrk/2017.4/nightly/2017_12_15_2086221/packages/customer/vivado/data/ip/xilinx/blk_mem_gen_v8_4/simulation/blk_mem_gen_v8_4.v:2420]
Completed static elaboration
INFO: [XSIM 43-4323] No Change in HDL. Linking previously generated obj files to create kernel
INFO: [USF-XSim-69] 'elaborate' step finished in '2' seconds
Vivado Simulator 2017.4
Time resolution is 1 ps
WARNING: This core is supplied with a behavioral model. To model cycle-accurate behavior you must run timing simulation.
 Block Memory Generator module loading initial data...
 Block Memory Generator data initialization complete.
Block Memory Generator module tb_Top.dut.u_benchmark.dram_driver_inst.Mem_DRAM.inst.native_mem_module.blk_mem_gen_v8_4_1_inst is using a behavioral model for simulation which will not precisely model memory collision behavior.
save to testbench.wave
Warning : input CLKIN1 period and attribute CLKIN1_PERIOD on PLLE2_ADV instance tb_Top.dut.pll_inst.inst.plle2_adv_inst are not same.
relaunch_sim: Time (s): cpu = 00:00:02 ; elapsed = 00:00:06 . Memory (MB): peak = 1208.551 ; gain = 0.000
relaunch_sim
INFO: [Vivado 12-5698] Checking validity of IPs in the design for the 'XSim' simulator...
INFO: [Vivado 12-5682] Launching behavioral simulation in 'D:/Vivado/code/SME309-RISCV-tmpl/vivado/vivado_proj.sim/sim_1/behav/xsim'
INFO: [Vivado 12-4795] Using compiled simulation libraries for IPs
INFO: [SIM-utils-51] Simulation object is 'sim_1'
INFO: [USF-XSim-7] Finding pre-compiled libraries...
INFO: [USF-XSim-11] File 'D:/Vivado/Vivado/2017.4/data/xsim/ip/xsim_ip.ini' copied to run dir:'D:/Vivado/code/SME309-RISCV-tmpl/vivado/vivado_proj.sim/sim_1/behav/xsim'
INFO: [SIM-utils-54] Inspecting design source files for 'tb_Top' in fileset 'sim_1'...
INFO: [SIM-utils-43] Exported 'D:/Vivado/code/SME309-RISCV-tmpl/vivado/vivado_proj.sim/sim_1/behav/xsim/DRAM.mif'
INFO: [SIM-utils-43] Exported 'D:/Vivado/code/SME309-RISCV-tmpl/vivado/vivado_proj.sim/sim_1/behav/xsim/all_test_case.coe'
INFO: [SIM-utils-43] Exported 'D:/Vivado/code/SME309-RISCV-tmpl/vivado/vivado_proj.sim/sim_1/behav/xsim/IROM.mif'
INFO: [SIM-utils-43] Exported 'D:/Vivado/code/SME309-RISCV-tmpl/vivado/vivado_proj.sim/sim_1/behav/xsim/add_loop.coe'
INFO: [SIM-utils-43] Exported 'D:/Vivado/code/SME309-RISCV-tmpl/vivado/vivado_proj.sim/sim_1/behav/xsim/all_test.coe'
INFO: [USF-XSim-97] Finding global include files...
INFO: [USF-XSim-98] Fetching design files from 'sim_1'...
INFO: [USF-XSim-2] XSim::Compile design
INFO: [USF-XSim-61] Executing 'COMPILE and ANALYZE' step in 'D:/Vivado/code/SME309-RISCV-tmpl/vivado/vivado_proj.sim/sim_1/behav/xsim'
"xvlog --incr --relax -prj tb_Top_vlog.prj"
INFO: [VRFC 10-2263] Analyzing Verilog file "D:/Vivado/code/SME309-RISCV-tmpl/vivado/vivado_proj.srcs/sources_1/ip/DRAM/sim/DRAM.v" into library xil_defaultlib
INFO: [VRFC 10-311] analyzing module DRAM
INFO: [VRFC 10-2263] Analyzing Verilog file "D:/Vivado/code/SME309-RISCV-tmpl/vivado/vivado_proj.srcs/sources_1/ip/IROM/sim/IROM.v" into library xil_defaultlib
INFO: [VRFC 10-311] analyzing module IROM
INFO: [VRFC 10-2263] Analyzing Verilog file "D:/Vivado/code/SME309-RISCV-tmpl/vivado/vivado_proj.srcs/sources_1/ip/pll/pll_clk_wiz.v" into library xil_defaultlib
INFO: [VRFC 10-311] analyzing module pll_clk_wiz
INFO: [VRFC 10-2263] Analyzing Verilog file "D:/Vivado/code/SME309-RISCV-tmpl/vivado/vivado_proj.srcs/sources_1/ip/pll/pll.v" into library xil_defaultlib
INFO: [VRFC 10-311] analyzing module pll
INFO: [VRFC 10-2263] Analyzing Verilog file "D:/Vivado/code/SME309-RISCV-tmpl/vivado/vivado_proj.srcs/sources_1/new/Alu.v" into library xil_defaultlib
INFO: [VRFC 10-311] analyzing module Alu
INFO: [VRFC 10-2263] Analyzing Verilog file "D:/Vivado/code/SME309-RISCV-tmpl/rtl/cpu/CPU_TOP.v" into library xil_defaultlib
INFO: [VRFC 10-311] analyzing module CPU
INFO: [VRFC 10-2263] Analyzing Verilog file "D:/Vivado/code/SME309-RISCV-tmpl/vivado/vivado_proj.srcs/sources_1/new/Control.v" into library xil_defaultlib
INFO: [VRFC 10-311] analyzing module Control
WARNING: [VRFC 10-2502] extra semicolon in $unit (global) scope [D:/Vivado/code/SME309-RISCV-tmpl/vivado/vivado_proj.srcs/sources_1/new/Control.v:279]
INFO: [VRFC 10-2263] Analyzing Verilog file "D:/Vivado/code/SME309-RISCV-tmpl/vivado/vivado_proj.srcs/sources_1/new/Decoder.v" into library xil_defaultlib
INFO: [VRFC 10-311] analyzing module Decoder
WARNING: [VRFC 10-2502] extra semicolon in $unit (global) scope [D:/Vivado/code/SME309-RISCV-tmpl/vivado/vivado_proj.srcs/sources_1/new/Decoder.v:19]
INFO: [VRFC 10-2263] Analyzing Verilog file "D:/Vivado/code/SME309-RISCV-tmpl/vivado/vivado_proj.srcs/sources_1/new/Extend.v" into library xil_defaultlib
INFO: [VRFC 10-311] analyzing module Extend
WARNING: [VRFC 10-2502] extra semicolon in $unit (global) scope [D:/Vivado/code/SME309-RISCV-tmpl/vivado/vivado_proj.srcs/sources_1/new/Extend.v:37]
INFO: [VRFC 10-2263] Analyzing Verilog file "D:/Vivado/code/SME309-RISCV-tmpl/vivado/vivado_proj.srcs/sources_1/new/Memdata.v" into library xil_defaultlib
INFO: [VRFC 10-311] analyzing module Memdata
INFO: [VRFC 10-2263] Analyzing Verilog file "D:/Vivado/code/SME309-RISCV-tmpl/vivado/vivado_proj.srcs/sources_1/new/ProgramCounter.v" into library xil_defaultlib
INFO: [VRFC 10-311] analyzing module ProgramCounter
INFO: [VRFC 10-2263] Analyzing Verilog file "D:/Vivado/code/SME309-RISCV-tmpl/vivado/vivado_proj.srcs/sources_1/new/RegisterFile.v" into library xil_defaultlib
INFO: [VRFC 10-311] analyzing module RegisterFile
INFO: [VRFC 10-2263] Analyzing Verilog file "D:/Vivado/code/SME309-RISCV-tmpl/rtl/benchmark.v" into library xil_defaultlib
WARNING: [VRFC 10-998] macro MEM_ADDR_START redefined [../../../../../rtl/define.v:6]
WARNING: [VRFC 10-998] macro MEM_ADDR_END redefined [../../../../../rtl/define.v:7]
INFO: [VRFC 10-311] analyzing module benchmark
INFO: [VRFC 10-2263] Analyzing Verilog file "D:/Vivado/code/SME309-RISCV-tmpl/rtl/dram_driver.v" into library xil_defaultlib
INFO: [VRFC 10-311] analyzing module dram_driver
INFO: [VRFC 10-2263] Analyzing Verilog file "D:/Vivado/code/SME309-RISCV-tmpl/rtl/seven_seg.v" into library xil_defaultlib
INFO: [VRFC 10-311] analyzing module seven_seg
INFO: [VRFC 10-2263] Analyzing Verilog file "D:/Vivado/code/SME309-RISCV-tmpl/vivado/top.v" into library xil_defaultlib
INFO: [VRFC 10-311] analyzing module top
INFO: [VRFC 10-2263] Analyzing Verilog file "D:/Vivado/code/SME309-RISCV-tmpl/sim/tb_top.v" into library xil_defaultlib
INFO: [VRFC 10-311] analyzing module tb_Top
INFO: [USF-XSim-69] 'compile' step finished in '1' seconds
INFO: [Vivado 12-5698] Checking validity of IPs in the design for the 'XSim' simulator...
INFO: [Vivado 12-5682] Launching behavioral simulation in 'D:/Vivado/code/SME309-RISCV-tmpl/vivado/vivado_proj.sim/sim_1/behav/xsim'
INFO: [Vivado 12-4795] Using compiled simulation libraries for IPs
INFO: [USF-XSim-3] XSim::Elaborate design
INFO: [USF-XSim-61] Executing 'ELABORATE' step in 'D:/Vivado/code/SME309-RISCV-tmpl/vivado/vivado_proj.sim/sim_1/behav/xsim'
Vivado Simulator 2017.4
Copyright 1986-1999, 2001-2016 Xilinx, Inc. All Rights Reserved.
Running: D:/Vivado/Vivado/2017.4/bin/unwrapped/win64.o/xelab.exe -wto 3e6eff3e2d4a4c50a15ac3f36e4eed88 --incr --debug typical --relax --mt 2 -L blk_mem_gen_v8_4_1 -L xil_defaultlib -L dist_mem_gen_v8_0_12 -L unisims_ver -L unimacro_ver -L secureip -L xpm --snapshot tb_Top_behav xil_defaultlib.tb_Top xil_defaultlib.glbl -log elaborate.log 
Using 2 slave threads.
Starting static elaboration
WARNING: [VRFC 10-278] actual bit length 32 differs from formal bit length 10 for port a [D:/Vivado/code/SME309-RISCV-tmpl/rtl/benchmark.v:47]
WARNING: [VRFC 10-1783] select index 62 into current_contents is out of bounds [/wrk/2017.4/nightly/2017_12_15_2086221/packages/customer/vivado/data/ip/xilinx/blk_mem_gen_v8_4/simulation/blk_mem_gen_v8_4.v:2420]
Completed static elaboration
Starting simulation data flow analysis
Completed simulation data flow analysis
Time Resolution for simulation is 1ps
Compiling module unisims_ver.IBUF
Compiling module unisims_ver.PLLE2_ADV(CLKFBOUT_MULT=17,CLKIN...
Compiling module unisims_ver.BUFG
Compiling module xil_defaultlib.pll_clk_wiz
Compiling module xil_defaultlib.pll
Compiling module xil_defaultlib.Decoder
Compiling module xil_defaultlib.Control
Compiling module xil_defaultlib.Extend
Compiling module xil_defaultlib.RegisterFile
Compiling module xil_defaultlib.Alu
Compiling module xil_defaultlib.ProgramCounter
Compiling module xil_defaultlib.Memdata
Compiling module xil_defaultlib.CPU
Compiling module dist_mem_gen_v8_0_12.dist_mem_gen_v8_0_12(C_FAMILY="a...
Compiling module xil_defaultlib.IROM
Compiling module blk_mem_gen_v8_4_1.blk_mem_gen_v8_4_1_output_stage(...
Compiling module blk_mem_gen_v8_4_1.blk_mem_gen_v8_4_1_output_stage(...
Compiling module blk_mem_gen_v8_4_1.blk_mem_gen_v8_4_1_softecc_outpu...
Compiling module blk_mem_gen_v8_4_1.blk_mem_gen_v8_4_1_mem_module(C_...
Compiling module blk_mem_gen_v8_4_1.blk_mem_gen_v8_4_1(C_FAMILY="art...
Compiling module xil_defaultlib.DRAM
Compiling module xil_defaultlib.dram_driver
Compiling module xil_defaultlib.seven_seg
Compiling module xil_defaultlib.benchmark
Compiling module xil_defaultlib.top
Compiling module xil_defaultlib.tb_Top
Compiling module xil_defaultlib.glbl
Built simulation snapshot tb_Top_behav
INFO: [USF-XSim-69] 'elaborate' step finished in '4' seconds
Vivado Simulator 2017.4
Time resolution is 1 ps
WARNING: This core is supplied with a behavioral model. To model cycle-accurate behavior you must run timing simulation.
 Block Memory Generator module loading initial data...
 Block Memory Generator data initialization complete.
Block Memory Generator module tb_Top.dut.u_benchmark.dram_driver_inst.Mem_DRAM.inst.native_mem_module.blk_mem_gen_v8_4_1_inst is using a behavioral model for simulation which will not precisely model memory collision behavior.
save to testbench.wave
Warning : input CLKIN1 period and attribute CLKIN1_PERIOD on PLLE2_ADV instance tb_Top.dut.pll_inst.inst.plle2_adv_inst are not same.
relaunch_sim: Time (s): cpu = 00:00:01 ; elapsed = 00:00:07 . Memory (MB): peak = 1211.668 ; gain = 3.082
run 10 us
run 10 us
run 10 us
run 10 us
run 10 us
run 10 us
run 10 us
run 10 us
set_property -dict [list CONFIG.coefficient_file {D:/Vivado/code/SME309-RISCV-tmpl/scripts/build/all_test.coe}] [get_ips IROM]
INFO: [IP_Flow 19-3484] Absolute path of file 'd:/Vivado/code/SME309-RISCV-tmpl/scripts/build/all_test.coe' provided. It will be converted relative to IP Instance files '../../../../../scripts/build/all_test.coe'
generate_target all [get_files  D:/Vivado/code/SME309-RISCV-tmpl/vivado/vivado_proj.srcs/sources_1/ip/IROM/IROM.xci]
INFO: [IP_Flow 19-1686] Generating 'Instantiation Template' target for IP 'IROM'...
INFO: [IP_Flow 19-1686] Generating 'Synthesis' target for IP 'IROM'...
INFO: [IP_Flow 19-1686] Generating 'Simulation' target for IP 'IROM'...
INFO: [IP_Flow 19-1686] Generating 'Change Log' target for IP 'IROM'...
export_ip_user_files -of_objects [get_files D:/Vivado/code/SME309-RISCV-tmpl/vivado/vivado_proj.srcs/sources_1/ip/IROM/IROM.xci] -no_script -sync -force -quiet
export_simulation -of_objects [get_files D:/Vivado/code/SME309-RISCV-tmpl/vivado/vivado_proj.srcs/sources_1/ip/IROM/IROM.xci] -directory D:/Vivado/code/SME309-RISCV-tmpl/vivado/vivado_proj.ip_user_files/sim_scripts -ip_user_files_dir D:/Vivado/code/SME309-RISCV-tmpl/vivado/vivado_proj.ip_user_files -ipstatic_source_dir D:/Vivado/code/SME309-RISCV-tmpl/vivado/vivado_proj.ip_user_files/ipstatic -lib_map_path [list {modelsim=D:/Vivado/code/SME309-RISCV-tmpl/vivado/vivado_proj.cache/compile_simlib/modelsim} {questa=D:/Vivado/code/SME309-RISCV-tmpl/vivado/vivado_proj.cache/compile_simlib/questa} {riviera=D:/Vivado/code/SME309-RISCV-tmpl/vivado/vivado_proj.cache/compile_simlib/riviera} {activehdl=D:/Vivado/code/SME309-RISCV-tmpl/vivado/vivado_proj.cache/compile_simlib/activehdl}] -use_ip_compiled_libs -force -quiet
relaunch_sim
INFO: [Vivado 12-5698] Checking validity of IPs in the design for the 'XSim' simulator...
INFO: [Vivado 12-5682] Launching behavioral simulation in 'D:/Vivado/code/SME309-RISCV-tmpl/vivado/vivado_proj.sim/sim_1/behav/xsim'
INFO: [Vivado 12-4795] Using compiled simulation libraries for IPs
INFO: [SIM-utils-51] Simulation object is 'sim_1'
INFO: [USF-XSim-7] Finding pre-compiled libraries...
INFO: [USF-XSim-11] File 'D:/Vivado/Vivado/2017.4/data/xsim/ip/xsim_ip.ini' copied to run dir:'D:/Vivado/code/SME309-RISCV-tmpl/vivado/vivado_proj.sim/sim_1/behav/xsim'
INFO: [SIM-utils-54] Inspecting design source files for 'tb_Top' in fileset 'sim_1'...
INFO: [SIM-utils-43] Exported 'D:/Vivado/code/SME309-RISCV-tmpl/vivado/vivado_proj.sim/sim_1/behav/xsim/DRAM.mif'
INFO: [SIM-utils-43] Exported 'D:/Vivado/code/SME309-RISCV-tmpl/vivado/vivado_proj.sim/sim_1/behav/xsim/all_test_case.coe'
INFO: [SIM-utils-43] Exported 'D:/Vivado/code/SME309-RISCV-tmpl/vivado/vivado_proj.sim/sim_1/behav/xsim/IROM.mif'
INFO: [SIM-utils-43] Exported 'D:/Vivado/code/SME309-RISCV-tmpl/vivado/vivado_proj.sim/sim_1/behav/xsim/all_test.coe'
INFO: [SIM-utils-43] Exported 'D:/Vivado/code/SME309-RISCV-tmpl/vivado/vivado_proj.sim/sim_1/behav/xsim/add_loop.coe'
INFO: [USF-XSim-97] Finding global include files...
INFO: [USF-XSim-98] Fetching design files from 'sim_1'...
INFO: [USF-XSim-2] XSim::Compile design
INFO: [USF-XSim-61] Executing 'COMPILE and ANALYZE' step in 'D:/Vivado/code/SME309-RISCV-tmpl/vivado/vivado_proj.sim/sim_1/behav/xsim'
"xvlog --incr --relax -prj tb_Top_vlog.prj"
INFO: [VRFC 10-2263] Analyzing Verilog file "D:/Vivado/code/SME309-RISCV-tmpl/vivado/vivado_proj.srcs/sources_1/ip/DRAM/sim/DRAM.v" into library xil_defaultlib
INFO: [VRFC 10-311] analyzing module DRAM
INFO: [VRFC 10-2263] Analyzing Verilog file "D:/Vivado/code/SME309-RISCV-tmpl/vivado/vivado_proj.srcs/sources_1/ip/IROM/sim/IROM.v" into library xil_defaultlib
INFO: [VRFC 10-311] analyzing module IROM
INFO: [VRFC 10-2263] Analyzing Verilog file "D:/Vivado/code/SME309-RISCV-tmpl/vivado/vivado_proj.srcs/sources_1/ip/pll/pll_clk_wiz.v" into library xil_defaultlib
INFO: [VRFC 10-311] analyzing module pll_clk_wiz
INFO: [VRFC 10-2263] Analyzing Verilog file "D:/Vivado/code/SME309-RISCV-tmpl/vivado/vivado_proj.srcs/sources_1/ip/pll/pll.v" into library xil_defaultlib
INFO: [VRFC 10-311] analyzing module pll
INFO: [VRFC 10-2263] Analyzing Verilog file "D:/Vivado/code/SME309-RISCV-tmpl/vivado/vivado_proj.srcs/sources_1/new/Alu.v" into library xil_defaultlib
INFO: [VRFC 10-311] analyzing module Alu
INFO: [VRFC 10-2263] Analyzing Verilog file "D:/Vivado/code/SME309-RISCV-tmpl/rtl/cpu/CPU_TOP.v" into library xil_defaultlib
INFO: [VRFC 10-311] analyzing module CPU
INFO: [VRFC 10-2263] Analyzing Verilog file "D:/Vivado/code/SME309-RISCV-tmpl/vivado/vivado_proj.srcs/sources_1/new/Control.v" into library xil_defaultlib
INFO: [VRFC 10-311] analyzing module Control
WARNING: [VRFC 10-2502] extra semicolon in $unit (global) scope [D:/Vivado/code/SME309-RISCV-tmpl/vivado/vivado_proj.srcs/sources_1/new/Control.v:279]
INFO: [VRFC 10-2263] Analyzing Verilog file "D:/Vivado/code/SME309-RISCV-tmpl/vivado/vivado_proj.srcs/sources_1/new/Decoder.v" into library xil_defaultlib
INFO: [VRFC 10-311] analyzing module Decoder
WARNING: [VRFC 10-2502] extra semicolon in $unit (global) scope [D:/Vivado/code/SME309-RISCV-tmpl/vivado/vivado_proj.srcs/sources_1/new/Decoder.v:19]
INFO: [VRFC 10-2263] Analyzing Verilog file "D:/Vivado/code/SME309-RISCV-tmpl/vivado/vivado_proj.srcs/sources_1/new/Extend.v" into library xil_defaultlib
INFO: [VRFC 10-311] analyzing module Extend
WARNING: [VRFC 10-2502] extra semicolon in $unit (global) scope [D:/Vivado/code/SME309-RISCV-tmpl/vivado/vivado_proj.srcs/sources_1/new/Extend.v:37]
INFO: [VRFC 10-2263] Analyzing Verilog file "D:/Vivado/code/SME309-RISCV-tmpl/vivado/vivado_proj.srcs/sources_1/new/Memdata.v" into library xil_defaultlib
INFO: [VRFC 10-311] analyzing module Memdata
INFO: [VRFC 10-2263] Analyzing Verilog file "D:/Vivado/code/SME309-RISCV-tmpl/vivado/vivado_proj.srcs/sources_1/new/ProgramCounter.v" into library xil_defaultlib
INFO: [VRFC 10-311] analyzing module ProgramCounter
INFO: [VRFC 10-2263] Analyzing Verilog file "D:/Vivado/code/SME309-RISCV-tmpl/vivado/vivado_proj.srcs/sources_1/new/RegisterFile.v" into library xil_defaultlib
INFO: [VRFC 10-311] analyzing module RegisterFile
INFO: [VRFC 10-2263] Analyzing Verilog file "D:/Vivado/code/SME309-RISCV-tmpl/rtl/benchmark.v" into library xil_defaultlib
WARNING: [VRFC 10-998] macro MEM_ADDR_START redefined [../../../../../rtl/define.v:6]
WARNING: [VRFC 10-998] macro MEM_ADDR_END redefined [../../../../../rtl/define.v:7]
INFO: [VRFC 10-311] analyzing module benchmark
INFO: [VRFC 10-2263] Analyzing Verilog file "D:/Vivado/code/SME309-RISCV-tmpl/rtl/dram_driver.v" into library xil_defaultlib
INFO: [VRFC 10-311] analyzing module dram_driver
INFO: [VRFC 10-2263] Analyzing Verilog file "D:/Vivado/code/SME309-RISCV-tmpl/rtl/seven_seg.v" into library xil_defaultlib
INFO: [VRFC 10-311] analyzing module seven_seg
INFO: [VRFC 10-2263] Analyzing Verilog file "D:/Vivado/code/SME309-RISCV-tmpl/vivado/top.v" into library xil_defaultlib
INFO: [VRFC 10-311] analyzing module top
INFO: [VRFC 10-2263] Analyzing Verilog file "D:/Vivado/code/SME309-RISCV-tmpl/sim/tb_top.v" into library xil_defaultlib
INFO: [VRFC 10-311] analyzing module tb_Top
INFO: [USF-XSim-69] 'compile' step finished in '1' seconds
INFO: [Vivado 12-5698] Checking validity of IPs in the design for the 'XSim' simulator...
INFO: [Vivado 12-5682] Launching behavioral simulation in 'D:/Vivado/code/SME309-RISCV-tmpl/vivado/vivado_proj.sim/sim_1/behav/xsim'
INFO: [Vivado 12-4795] Using compiled simulation libraries for IPs
INFO: [USF-XSim-3] XSim::Elaborate design
INFO: [USF-XSim-61] Executing 'ELABORATE' step in 'D:/Vivado/code/SME309-RISCV-tmpl/vivado/vivado_proj.sim/sim_1/behav/xsim'
Vivado Simulator 2017.4
Copyright 1986-1999, 2001-2016 Xilinx, Inc. All Rights Reserved.
Running: D:/Vivado/Vivado/2017.4/bin/unwrapped/win64.o/xelab.exe -wto 3e6eff3e2d4a4c50a15ac3f36e4eed88 --incr --debug typical --relax --mt 2 -L blk_mem_gen_v8_4_1 -L xil_defaultlib -L dist_mem_gen_v8_0_12 -L unisims_ver -L unimacro_ver -L secureip -L xpm --snapshot tb_Top_behav xil_defaultlib.tb_Top xil_defaultlib.glbl -log elaborate.log 
Using 2 slave threads.
Starting static elaboration
WARNING: [VRFC 10-278] actual bit length 32 differs from formal bit length 10 for port a [D:/Vivado/code/SME309-RISCV-tmpl/rtl/benchmark.v:47]
WARNING: [VRFC 10-1783] select index 62 into current_contents is out of bounds [/wrk/2017.4/nightly/2017_12_15_2086221/packages/customer/vivado/data/ip/xilinx/blk_mem_gen_v8_4/simulation/blk_mem_gen_v8_4.v:2420]
Completed static elaboration
Starting simulation data flow analysis
Completed simulation data flow analysis
Time Resolution for simulation is 1ps
Compiling module unisims_ver.IBUF
Compiling module unisims_ver.PLLE2_ADV(CLKFBOUT_MULT=17,CLKIN...
Compiling module unisims_ver.BUFG
Compiling module xil_defaultlib.pll_clk_wiz
Compiling module xil_defaultlib.pll
Compiling module xil_defaultlib.Decoder
Compiling module xil_defaultlib.Control
Compiling module xil_defaultlib.Extend
Compiling module xil_defaultlib.RegisterFile
Compiling module xil_defaultlib.Alu
Compiling module xil_defaultlib.ProgramCounter
Compiling module xil_defaultlib.Memdata
Compiling module xil_defaultlib.CPU
Compiling module dist_mem_gen_v8_0_12.dist_mem_gen_v8_0_12(C_FAMILY="a...
Compiling module xil_defaultlib.IROM
Compiling module blk_mem_gen_v8_4_1.blk_mem_gen_v8_4_1_output_stage(...
Compiling module blk_mem_gen_v8_4_1.blk_mem_gen_v8_4_1_output_stage(...
Compiling module blk_mem_gen_v8_4_1.blk_mem_gen_v8_4_1_softecc_outpu...
Compiling module blk_mem_gen_v8_4_1.blk_mem_gen_v8_4_1_mem_module(C_...
Compiling module blk_mem_gen_v8_4_1.blk_mem_gen_v8_4_1(C_FAMILY="art...
Compiling module xil_defaultlib.DRAM
Compiling module xil_defaultlib.dram_driver
Compiling module xil_defaultlib.seven_seg
Compiling module xil_defaultlib.benchmark
Compiling module xil_defaultlib.top
Compiling module xil_defaultlib.tb_Top
Compiling module xil_defaultlib.glbl
Built simulation snapshot tb_Top_behav
INFO: [USF-XSim-69] 'elaborate' step finished in '5' seconds
Vivado Simulator 2017.4
Time resolution is 1 ps
WARNING: This core is supplied with a behavioral model. To model cycle-accurate behavior you must run timing simulation.
 Block Memory Generator module loading initial data...
 Block Memory Generator data initialization complete.
Block Memory Generator module tb_Top.dut.u_benchmark.dram_driver_inst.Mem_DRAM.inst.native_mem_module.blk_mem_gen_v8_4_1_inst is using a behavioral model for simulation which will not precisely model memory collision behavior.
save to testbench.wave
Warning : input CLKIN1 period and attribute CLKIN1_PERIOD on PLLE2_ADV instance tb_Top.dut.pll_inst.inst.plle2_adv_inst are not same.
relaunch_sim: Time (s): cpu = 00:00:03 ; elapsed = 00:00:10 . Memory (MB): peak = 1222.754 ; gain = 0.000
set_property -dict [list CONFIG.coefficient_file {D:/Vivado/code/SME309-RISCV-tmpl/scripts/build/all_test_case.coe}] [get_ips IROM]
INFO: [IP_Flow 19-3484] Absolute path of file 'd:/Vivado/code/SME309-RISCV-tmpl/scripts/build/all_test_case.coe' provided. It will be converted relative to IP Instance files '../../../../../scripts/build/all_test_case.coe'
WARNING: [IP_Flow 19-4067] Ignoring invalid widget type specified checkbox.Providing a default widget
WARNING: [IP_Flow 19-4067] Ignoring invalid widget type specified checkbox.Providing a default widget
generate_target all [get_files  D:/Vivado/code/SME309-RISCV-tmpl/vivado/vivado_proj.srcs/sources_1/ip/DRAM/DRAM.xci]
INFO: [IP_Flow 19-1686] Generating 'Instantiation Template' target for IP 'DRAM'...
INFO: [IP_Flow 19-1686] Generating 'Synthesis' target for IP 'DRAM'...
INFO: [IP_Flow 19-1686] Generating 'Miscellaneous' target for IP 'DRAM'...
INFO: [IP_Flow 19-1686] Generating 'Change Log' target for IP 'DRAM'...
export_ip_user_files -of_objects [get_files D:/Vivado/code/SME309-RISCV-tmpl/vivado/vivado_proj.srcs/sources_1/ip/DRAM/DRAM.xci] -no_script -sync -force -quiet
export_simulation -of_objects [get_files D:/Vivado/code/SME309-RISCV-tmpl/vivado/vivado_proj.srcs/sources_1/ip/DRAM/DRAM.xci] -directory D:/Vivado/code/SME309-RISCV-tmpl/vivado/vivado_proj.ip_user_files/sim_scripts -ip_user_files_dir D:/Vivado/code/SME309-RISCV-tmpl/vivado/vivado_proj.ip_user_files -ipstatic_source_dir D:/Vivado/code/SME309-RISCV-tmpl/vivado/vivado_proj.ip_user_files/ipstatic -lib_map_path [list {modelsim=D:/Vivado/code/SME309-RISCV-tmpl/vivado/vivado_proj.cache/compile_simlib/modelsim} {questa=D:/Vivado/code/SME309-RISCV-tmpl/vivado/vivado_proj.cache/compile_simlib/questa} {riviera=D:/Vivado/code/SME309-RISCV-tmpl/vivado/vivado_proj.cache/compile_simlib/riviera} {activehdl=D:/Vivado/code/SME309-RISCV-tmpl/vivado/vivado_proj.cache/compile_simlib/activehdl}] -use_ip_compiled_libs -force -quiet
relaunch_sim
INFO: [Vivado 12-5698] Checking validity of IPs in the design for the 'XSim' simulator...
INFO: [Vivado 12-5682] Launching behavioral simulation in 'D:/Vivado/code/SME309-RISCV-tmpl/vivado/vivado_proj.sim/sim_1/behav/xsim'
INFO: [Vivado 12-4795] Using compiled simulation libraries for IPs
INFO: [SIM-utils-51] Simulation object is 'sim_1'
INFO: [USF-XSim-7] Finding pre-compiled libraries...
INFO: [USF-XSim-11] File 'D:/Vivado/Vivado/2017.4/data/xsim/ip/xsim_ip.ini' copied to run dir:'D:/Vivado/code/SME309-RISCV-tmpl/vivado/vivado_proj.sim/sim_1/behav/xsim'
INFO: [SIM-utils-54] Inspecting design source files for 'tb_Top' in fileset 'sim_1'...
INFO: [SIM-utils-43] Exported 'D:/Vivado/code/SME309-RISCV-tmpl/vivado/vivado_proj.sim/sim_1/behav/xsim/DRAM.mif'
INFO: [SIM-utils-43] Exported 'D:/Vivado/code/SME309-RISCV-tmpl/vivado/vivado_proj.sim/sim_1/behav/xsim/all_test_case.coe'
INFO: [SIM-utils-43] Exported 'D:/Vivado/code/SME309-RISCV-tmpl/vivado/vivado_proj.sim/sim_1/behav/xsim/IROM.mif'
INFO: [SIM-utils-43] Exported 'D:/Vivado/code/SME309-RISCV-tmpl/vivado/vivado_proj.sim/sim_1/behav/xsim/all_test.coe'
INFO: [SIM-utils-43] Exported 'D:/Vivado/code/SME309-RISCV-tmpl/vivado/vivado_proj.sim/sim_1/behav/xsim/add_loop.coe'
INFO: [USF-XSim-97] Finding global include files...
INFO: [USF-XSim-98] Fetching design files from 'sim_1'...
INFO: [USF-XSim-2] XSim::Compile design
INFO: [USF-XSim-61] Executing 'COMPILE and ANALYZE' step in 'D:/Vivado/code/SME309-RISCV-tmpl/vivado/vivado_proj.sim/sim_1/behav/xsim'
"xvlog --incr --relax -prj tb_Top_vlog.prj"
INFO: [USF-XSim-69] 'compile' step finished in '1' seconds
INFO: [Vivado 12-5698] Checking validity of IPs in the design for the 'XSim' simulator...
INFO: [Vivado 12-5682] Launching behavioral simulation in 'D:/Vivado/code/SME309-RISCV-tmpl/vivado/vivado_proj.sim/sim_1/behav/xsim'
INFO: [Vivado 12-4795] Using compiled simulation libraries for IPs
INFO: [USF-XSim-3] XSim::Elaborate design
INFO: [USF-XSim-61] Executing 'ELABORATE' step in 'D:/Vivado/code/SME309-RISCV-tmpl/vivado/vivado_proj.sim/sim_1/behav/xsim'
Vivado Simulator 2017.4
Copyright 1986-1999, 2001-2016 Xilinx, Inc. All Rights Reserved.
Running: D:/Vivado/Vivado/2017.4/bin/unwrapped/win64.o/xelab.exe -wto 3e6eff3e2d4a4c50a15ac3f36e4eed88 --incr --debug typical --relax --mt 2 -L blk_mem_gen_v8_4_1 -L xil_defaultlib -L dist_mem_gen_v8_0_12 -L unisims_ver -L unimacro_ver -L secureip -L xpm --snapshot tb_Top_behav xil_defaultlib.tb_Top xil_defaultlib.glbl -log elaborate.log 
Using 2 slave threads.
Starting static elaboration
WARNING: [VRFC 10-278] actual bit length 32 differs from formal bit length 10 for port a [D:/Vivado/code/SME309-RISCV-tmpl/rtl/benchmark.v:47]
WARNING: [VRFC 10-1783] select index 62 into current_contents is out of bounds [/wrk/2017.4/nightly/2017_12_15_2086221/packages/customer/vivado/data/ip/xilinx/blk_mem_gen_v8_4/simulation/blk_mem_gen_v8_4.v:2420]
Completed static elaboration
INFO: [XSIM 43-4323] No Change in HDL. Linking previously generated obj files to create kernel
INFO: [USF-XSim-69] 'elaborate' step finished in '1' seconds
Vivado Simulator 2017.4
Time resolution is 1 ps
WARNING: This core is supplied with a behavioral model. To model cycle-accurate behavior you must run timing simulation.
 Block Memory Generator module loading initial data...
 Block Memory Generator data initialization complete.
Block Memory Generator module tb_Top.dut.u_benchmark.dram_driver_inst.Mem_DRAM.inst.native_mem_module.blk_mem_gen_v8_4_1_inst is using a behavioral model for simulation which will not precisely model memory collision behavior.
save to testbench.wave
Warning : input CLKIN1 period and attribute CLKIN1_PERIOD on PLLE2_ADV instance tb_Top.dut.pll_inst.inst.plle2_adv_inst are not same.
run 10 us
run 10 us
run 10 us
run 10 us
run 10 us
run 10 us
run 10 us
run 10 us
run 10 us
run 10 us
$finish called at time : 100010 ns : File "D:/Vivado/code/SME309-RISCV-tmpl/sim/tb_top.v" Line 32
run 10 us
$finish called at time : 100511 ns : File "D:/Vivado/code/SME309-RISCV-tmpl/sim/tb_top.v" Line 51
run all
run: Time (s): cpu = 00:00:10 ; elapsed = 00:00:24 . Memory (MB): peak = 1337.109 ; gain = 0.000
run all
run: Time (s): cpu = 00:00:07 ; elapsed = 00:00:14 . Memory (MB): peak = 1337.109 ; gain = 0.000
run all
WARNING: [Simulator 45-29] Cannot open source file /wrk/2017.4/nightly/2017_12_15_2086221/packages/customer/vivado/data/ip/xilinx/blk_mem_gen_v8_4/simulation/blk_mem_gen_v8_4.v: file does not exist.
run: Time (s): cpu = 00:00:34 ; elapsed = 00:01:32 . Memory (MB): peak = 1337.109 ; gain = 0.000
run all
run: Time (s): cpu = 00:00:22 ; elapsed = 00:01:04 . Memory (MB): peak = 1337.109 ; gain = 0.000
run all
run: Time (s): cpu = 00:00:41 ; elapsed = 00:00:40 . Memory (MB): peak = 1337.109 ; gain = 0.000
run all
run: Time (s): cpu = 00:00:48 ; elapsed = 00:02:57 . Memory (MB): peak = 1337.109 ; gain = 0.000
relaunch_sim
INFO: [Vivado 12-5698] Checking validity of IPs in the design for the 'XSim' simulator...
INFO: [Vivado 12-5682] Launching behavioral simulation in 'D:/Vivado/code/SME309-RISCV-tmpl/vivado/vivado_proj.sim/sim_1/behav/xsim'
INFO: [Vivado 12-4795] Using compiled simulation libraries for IPs
INFO: [SIM-utils-51] Simulation object is 'sim_1'
INFO: [USF-XSim-7] Finding pre-compiled libraries...
INFO: [USF-XSim-11] File 'D:/Vivado/Vivado/2017.4/data/xsim/ip/xsim_ip.ini' copied to run dir:'D:/Vivado/code/SME309-RISCV-tmpl/vivado/vivado_proj.sim/sim_1/behav/xsim'
INFO: [SIM-utils-54] Inspecting design source files for 'tb_Top' in fileset 'sim_1'...
INFO: [SIM-utils-43] Exported 'D:/Vivado/code/SME309-RISCV-tmpl/vivado/vivado_proj.sim/sim_1/behav/xsim/DRAM.mif'
INFO: [SIM-utils-43] Exported 'D:/Vivado/code/SME309-RISCV-tmpl/vivado/vivado_proj.sim/sim_1/behav/xsim/all_test_case.coe'
INFO: [SIM-utils-43] Exported 'D:/Vivado/code/SME309-RISCV-tmpl/vivado/vivado_proj.sim/sim_1/behav/xsim/IROM.mif'
INFO: [SIM-utils-43] Exported 'D:/Vivado/code/SME309-RISCV-tmpl/vivado/vivado_proj.sim/sim_1/behav/xsim/all_test.coe'
INFO: [SIM-utils-43] Exported 'D:/Vivado/code/SME309-RISCV-tmpl/vivado/vivado_proj.sim/sim_1/behav/xsim/add_loop.coe'
INFO: [USF-XSim-97] Finding global include files...
INFO: [USF-XSim-98] Fetching design files from 'sim_1'...
INFO: [USF-XSim-2] XSim::Compile design
INFO: [USF-XSim-61] Executing 'COMPILE and ANALYZE' step in 'D:/Vivado/code/SME309-RISCV-tmpl/vivado/vivado_proj.sim/sim_1/behav/xsim'
"xvlog --incr --relax -prj tb_Top_vlog.prj"
INFO: [USF-XSim-69] 'compile' step finished in '3' seconds
INFO: [Vivado 12-5698] Checking validity of IPs in the design for the 'XSim' simulator...
INFO: [Vivado 12-5682] Launching behavioral simulation in 'D:/Vivado/code/SME309-RISCV-tmpl/vivado/vivado_proj.sim/sim_1/behav/xsim'
INFO: [Vivado 12-4795] Using compiled simulation libraries for IPs
INFO: [USF-XSim-3] XSim::Elaborate design
INFO: [USF-XSim-61] Executing 'ELABORATE' step in 'D:/Vivado/code/SME309-RISCV-tmpl/vivado/vivado_proj.sim/sim_1/behav/xsim'
Vivado Simulator 2017.4
Copyright 1986-1999, 2001-2016 Xilinx, Inc. All Rights Reserved.
Running: D:/Vivado/Vivado/2017.4/bin/unwrapped/win64.o/xelab.exe -wto 3e6eff3e2d4a4c50a15ac3f36e4eed88 --incr --debug typical --relax --mt 2 -L blk_mem_gen_v8_4_1 -L xil_defaultlib -L dist_mem_gen_v8_0_12 -L unisims_ver -L unimacro_ver -L secureip -L xpm --snapshot tb_Top_behav xil_defaultlib.tb_Top xil_defaultlib.glbl -log elaborate.log 
Using 2 slave threads.
Starting static elaboration
WARNING: [VRFC 10-278] actual bit length 32 differs from formal bit length 10 for port a [D:/Vivado/code/SME309-RISCV-tmpl/rtl/benchmark.v:47]
WARNING: [VRFC 10-1783] select index 62 into current_contents is out of bounds [/wrk/2017.4/nightly/2017_12_15_2086221/packages/customer/vivado/data/ip/xilinx/blk_mem_gen_v8_4/simulation/blk_mem_gen_v8_4.v:2420]
Completed static elaboration
INFO: [XSIM 43-4323] No Change in HDL. Linking previously generated obj files to create kernel
INFO: [USF-XSim-69] 'elaborate' step finished in '4' seconds
Vivado Simulator 2017.4
Time resolution is 1 ps
WARNING: This core is supplied with a behavioral model. To model cycle-accurate behavior you must run timing simulation.
 Block Memory Generator module loading initial data...
 Block Memory Generator data initialization complete.
Block Memory Generator module tb_Top.dut.u_benchmark.dram_driver_inst.Mem_DRAM.inst.native_mem_module.blk_mem_gen_v8_4_1_inst is using a behavioral model for simulation which will not precisely model memory collision behavior.
save to testbench.wave
Warning : input CLKIN1 period and attribute CLKIN1_PERIOD on PLLE2_ADV instance tb_Top.dut.pll_inst.inst.plle2_adv_inst are not same.
relaunch_sim: Time (s): cpu = 00:00:03 ; elapsed = 00:00:13 . Memory (MB): peak = 1337.109 ; gain = 0.000
run all
$finish called at time : 100010 ns : File "D:/Vivado/code/SME309-RISCV-tmpl/sim/tb_top.v" Line 32
run: Time (s): cpu = 00:00:07 ; elapsed = 00:00:16 . Memory (MB): peak = 1345.535 ; gain = 8.426
run all
$finish called at time : 100511 ns : File "D:/Vivado/code/SME309-RISCV-tmpl/sim/tb_top.v" Line 51
run all
run: Time (s): cpu = 00:00:12 ; elapsed = 00:00:38 . Memory (MB): peak = 1348.742 ; gain = 3.066
relaunch_sim
INFO: [Vivado 12-5698] Checking validity of IPs in the design for the 'XSim' simulator...
INFO: [Vivado 12-5682] Launching behavioral simulation in 'D:/Vivado/code/SME309-RISCV-tmpl/vivado/vivado_proj.sim/sim_1/behav/xsim'
INFO: [Vivado 12-4795] Using compiled simulation libraries for IPs
INFO: [SIM-utils-51] Simulation object is 'sim_1'
INFO: [USF-XSim-7] Finding pre-compiled libraries...
INFO: [USF-XSim-11] File 'D:/Vivado/Vivado/2017.4/data/xsim/ip/xsim_ip.ini' copied to run dir:'D:/Vivado/code/SME309-RISCV-tmpl/vivado/vivado_proj.sim/sim_1/behav/xsim'
INFO: [SIM-utils-54] Inspecting design source files for 'tb_Top' in fileset 'sim_1'...
INFO: [SIM-utils-43] Exported 'D:/Vivado/code/SME309-RISCV-tmpl/vivado/vivado_proj.sim/sim_1/behav/xsim/DRAM.mif'
INFO: [SIM-utils-43] Exported 'D:/Vivado/code/SME309-RISCV-tmpl/vivado/vivado_proj.sim/sim_1/behav/xsim/all_test_case.coe'
INFO: [SIM-utils-43] Exported 'D:/Vivado/code/SME309-RISCV-tmpl/vivado/vivado_proj.sim/sim_1/behav/xsim/IROM.mif'
INFO: [SIM-utils-43] Exported 'D:/Vivado/code/SME309-RISCV-tmpl/vivado/vivado_proj.sim/sim_1/behav/xsim/all_test.coe'
INFO: [SIM-utils-43] Exported 'D:/Vivado/code/SME309-RISCV-tmpl/vivado/vivado_proj.sim/sim_1/behav/xsim/add_loop.coe'
INFO: [USF-XSim-97] Finding global include files...
INFO: [USF-XSim-98] Fetching design files from 'sim_1'...
INFO: [USF-XSim-2] XSim::Compile design
INFO: [USF-XSim-61] Executing 'COMPILE and ANALYZE' step in 'D:/Vivado/code/SME309-RISCV-tmpl/vivado/vivado_proj.sim/sim_1/behav/xsim'
"xvlog --incr --relax -prj tb_Top_vlog.prj"
INFO: [VRFC 10-2263] Analyzing Verilog file "D:/Vivado/code/SME309-RISCV-tmpl/vivado/vivado_proj.srcs/sources_1/ip/DRAM/sim/DRAM.v" into library xil_defaultlib
INFO: [VRFC 10-311] analyzing module DRAM
INFO: [VRFC 10-2263] Analyzing Verilog file "D:/Vivado/code/SME309-RISCV-tmpl/vivado/vivado_proj.srcs/sources_1/ip/IROM/sim/IROM.v" into library xil_defaultlib
INFO: [VRFC 10-311] analyzing module IROM
INFO: [VRFC 10-2263] Analyzing Verilog file "D:/Vivado/code/SME309-RISCV-tmpl/vivado/vivado_proj.srcs/sources_1/ip/pll/pll_clk_wiz.v" into library xil_defaultlib
INFO: [VRFC 10-311] analyzing module pll_clk_wiz
INFO: [VRFC 10-2263] Analyzing Verilog file "D:/Vivado/code/SME309-RISCV-tmpl/vivado/vivado_proj.srcs/sources_1/ip/pll/pll.v" into library xil_defaultlib
INFO: [VRFC 10-311] analyzing module pll
INFO: [VRFC 10-2263] Analyzing Verilog file "D:/Vivado/code/SME309-RISCV-tmpl/vivado/vivado_proj.srcs/sources_1/new/Alu.v" into library xil_defaultlib
INFO: [VRFC 10-311] analyzing module Alu
INFO: [VRFC 10-2263] Analyzing Verilog file "D:/Vivado/code/SME309-RISCV-tmpl/rtl/cpu/CPU_TOP.v" into library xil_defaultlib
INFO: [VRFC 10-311] analyzing module CPU
INFO: [VRFC 10-2263] Analyzing Verilog file "D:/Vivado/code/SME309-RISCV-tmpl/vivado/vivado_proj.srcs/sources_1/new/Control.v" into library xil_defaultlib
INFO: [VRFC 10-311] analyzing module Control
WARNING: [VRFC 10-2502] extra semicolon in $unit (global) scope [D:/Vivado/code/SME309-RISCV-tmpl/vivado/vivado_proj.srcs/sources_1/new/Control.v:279]
INFO: [VRFC 10-2263] Analyzing Verilog file "D:/Vivado/code/SME309-RISCV-tmpl/vivado/vivado_proj.srcs/sources_1/new/Decoder.v" into library xil_defaultlib
INFO: [VRFC 10-311] analyzing module Decoder
WARNING: [VRFC 10-2502] extra semicolon in $unit (global) scope [D:/Vivado/code/SME309-RISCV-tmpl/vivado/vivado_proj.srcs/sources_1/new/Decoder.v:19]
INFO: [VRFC 10-2263] Analyzing Verilog file "D:/Vivado/code/SME309-RISCV-tmpl/vivado/vivado_proj.srcs/sources_1/new/Extend.v" into library xil_defaultlib
INFO: [VRFC 10-311] analyzing module Extend
WARNING: [VRFC 10-2502] extra semicolon in $unit (global) scope [D:/Vivado/code/SME309-RISCV-tmpl/vivado/vivado_proj.srcs/sources_1/new/Extend.v:37]
INFO: [VRFC 10-2263] Analyzing Verilog file "D:/Vivado/code/SME309-RISCV-tmpl/vivado/vivado_proj.srcs/sources_1/new/Memdata.v" into library xil_defaultlib
INFO: [VRFC 10-311] analyzing module Memdata
INFO: [VRFC 10-2263] Analyzing Verilog file "D:/Vivado/code/SME309-RISCV-tmpl/vivado/vivado_proj.srcs/sources_1/new/ProgramCounter.v" into library xil_defaultlib
INFO: [VRFC 10-311] analyzing module ProgramCounter
INFO: [VRFC 10-2263] Analyzing Verilog file "D:/Vivado/code/SME309-RISCV-tmpl/vivado/vivado_proj.srcs/sources_1/new/RegisterFile.v" into library xil_defaultlib
INFO: [VRFC 10-311] analyzing module RegisterFile
INFO: [VRFC 10-2263] Analyzing Verilog file "D:/Vivado/code/SME309-RISCV-tmpl/rtl/benchmark.v" into library xil_defaultlib
WARNING: [VRFC 10-998] macro MEM_ADDR_START redefined [../../../../../rtl/define.v:6]
WARNING: [VRFC 10-998] macro MEM_ADDR_END redefined [../../../../../rtl/define.v:7]
INFO: [VRFC 10-311] analyzing module benchmark
INFO: [VRFC 10-2263] Analyzing Verilog file "D:/Vivado/code/SME309-RISCV-tmpl/rtl/dram_driver.v" into library xil_defaultlib
INFO: [VRFC 10-311] analyzing module dram_driver
INFO: [VRFC 10-2263] Analyzing Verilog file "D:/Vivado/code/SME309-RISCV-tmpl/rtl/seven_seg.v" into library xil_defaultlib
INFO: [VRFC 10-311] analyzing module seven_seg
INFO: [VRFC 10-2263] Analyzing Verilog file "D:/Vivado/code/SME309-RISCV-tmpl/vivado/top.v" into library xil_defaultlib
INFO: [VRFC 10-311] analyzing module top
INFO: [VRFC 10-2263] Analyzing Verilog file "D:/Vivado/code/SME309-RISCV-tmpl/sim/tb_top.v" into library xil_defaultlib
INFO: [VRFC 10-311] analyzing module tb_Top
INFO: [USF-XSim-69] 'compile' step finished in '1' seconds
INFO: [Vivado 12-5698] Checking validity of IPs in the design for the 'XSim' simulator...
INFO: [Vivado 12-5682] Launching behavioral simulation in 'D:/Vivado/code/SME309-RISCV-tmpl/vivado/vivado_proj.sim/sim_1/behav/xsim'
INFO: [Vivado 12-4795] Using compiled simulation libraries for IPs
INFO: [USF-XSim-3] XSim::Elaborate design
INFO: [USF-XSim-61] Executing 'ELABORATE' step in 'D:/Vivado/code/SME309-RISCV-tmpl/vivado/vivado_proj.sim/sim_1/behav/xsim'
Vivado Simulator 2017.4
Copyright 1986-1999, 2001-2016 Xilinx, Inc. All Rights Reserved.
Running: D:/Vivado/Vivado/2017.4/bin/unwrapped/win64.o/xelab.exe -wto 3e6eff3e2d4a4c50a15ac3f36e4eed88 --incr --debug typical --relax --mt 2 -L blk_mem_gen_v8_4_1 -L xil_defaultlib -L dist_mem_gen_v8_0_12 -L unisims_ver -L unimacro_ver -L secureip -L xpm --snapshot tb_Top_behav xil_defaultlib.tb_Top xil_defaultlib.glbl -log elaborate.log 
Using 2 slave threads.
Starting static elaboration
WARNING: [VRFC 10-278] actual bit length 32 differs from formal bit length 10 for port a [D:/Vivado/code/SME309-RISCV-tmpl/rtl/benchmark.v:47]
WARNING: [VRFC 10-1783] select index 62 into current_contents is out of bounds [/wrk/2017.4/nightly/2017_12_15_2086221/packages/customer/vivado/data/ip/xilinx/blk_mem_gen_v8_4/simulation/blk_mem_gen_v8_4.v:2420]
Completed static elaboration
Starting simulation data flow analysis
Completed simulation data flow analysis
Time Resolution for simulation is 1ps
Compiling module unisims_ver.IBUF
Compiling module unisims_ver.PLLE2_ADV(CLKFBOUT_MULT=17,CLKIN...
Compiling module unisims_ver.BUFG
Compiling module xil_defaultlib.pll_clk_wiz
Compiling module xil_defaultlib.pll
Compiling module xil_defaultlib.Decoder
Compiling module xil_defaultlib.Control
Compiling module xil_defaultlib.Extend
Compiling module xil_defaultlib.RegisterFile
Compiling module xil_defaultlib.Alu
Compiling module xil_defaultlib.ProgramCounter
Compiling module xil_defaultlib.Memdata
Compiling module xil_defaultlib.CPU
Compiling module dist_mem_gen_v8_0_12.dist_mem_gen_v8_0_12(C_FAMILY="a...
Compiling module xil_defaultlib.IROM
Compiling module blk_mem_gen_v8_4_1.blk_mem_gen_v8_4_1_output_stage(...
Compiling module blk_mem_gen_v8_4_1.blk_mem_gen_v8_4_1_output_stage(...
Compiling module blk_mem_gen_v8_4_1.blk_mem_gen_v8_4_1_softecc_outpu...
Compiling module blk_mem_gen_v8_4_1.blk_mem_gen_v8_4_1_mem_module(C_...
Compiling module blk_mem_gen_v8_4_1.blk_mem_gen_v8_4_1(C_FAMILY="art...
Compiling module xil_defaultlib.DRAM
Compiling module xil_defaultlib.dram_driver
Compiling module xil_defaultlib.seven_seg
Compiling module xil_defaultlib.benchmark
Compiling module xil_defaultlib.top
Compiling module xil_defaultlib.tb_Top
Compiling module xil_defaultlib.glbl
Built simulation snapshot tb_Top_behav
run_program: Time (s): cpu = 00:00:00 ; elapsed = 00:00:05 . Memory (MB): peak = 1349.562 ; gain = 0.000
INFO: [USF-XSim-69] 'elaborate' step finished in '5' seconds
launch_simulation: Time (s): cpu = 00:00:00 ; elapsed = 00:00:05 . Memory (MB): peak = 1349.562 ; gain = 0.000
Vivado Simulator 2017.4
Time resolution is 1 ps
WARNING: This core is supplied with a behavioral model. To model cycle-accurate behavior you must run timing simulation.
 Block Memory Generator module loading initial data...
 Block Memory Generator data initialization complete.
Block Memory Generator module tb_Top.dut.u_benchmark.dram_driver_inst.Mem_DRAM.inst.native_mem_module.blk_mem_gen_v8_4_1_inst is using a behavioral model for simulation which will not precisely model memory collision behavior.
save to testbench.wave
Warning : input CLKIN1 period and attribute CLKIN1_PERIOD on PLLE2_ADV instance tb_Top.dut.pll_inst.inst.plle2_adv_inst are not same.
relaunch_sim: Time (s): cpu = 00:00:01 ; elapsed = 00:00:09 . Memory (MB): peak = 1349.562 ; gain = 0.000
run all
run: Time (s): cpu = 00:00:04 ; elapsed = 00:00:06 . Memory (MB): peak = 1349.562 ; gain = 0.000
relaunch_sim
INFO: [Vivado 12-5698] Checking validity of IPs in the design for the 'XSim' simulator...
INFO: [Vivado 12-5682] Launching behavioral simulation in 'D:/Vivado/code/SME309-RISCV-tmpl/vivado/vivado_proj.sim/sim_1/behav/xsim'
INFO: [Vivado 12-4795] Using compiled simulation libraries for IPs
INFO: [SIM-utils-51] Simulation object is 'sim_1'
INFO: [USF-XSim-7] Finding pre-compiled libraries...
INFO: [USF-XSim-11] File 'D:/Vivado/Vivado/2017.4/data/xsim/ip/xsim_ip.ini' copied to run dir:'D:/Vivado/code/SME309-RISCV-tmpl/vivado/vivado_proj.sim/sim_1/behav/xsim'
INFO: [SIM-utils-54] Inspecting design source files for 'tb_Top' in fileset 'sim_1'...
INFO: [SIM-utils-43] Exported 'D:/Vivado/code/SME309-RISCV-tmpl/vivado/vivado_proj.sim/sim_1/behav/xsim/DRAM.mif'
INFO: [SIM-utils-43] Exported 'D:/Vivado/code/SME309-RISCV-tmpl/vivado/vivado_proj.sim/sim_1/behav/xsim/all_test_case.coe'
INFO: [SIM-utils-43] Exported 'D:/Vivado/code/SME309-RISCV-tmpl/vivado/vivado_proj.sim/sim_1/behav/xsim/IROM.mif'
INFO: [SIM-utils-43] Exported 'D:/Vivado/code/SME309-RISCV-tmpl/vivado/vivado_proj.sim/sim_1/behav/xsim/all_test.coe'
INFO: [SIM-utils-43] Exported 'D:/Vivado/code/SME309-RISCV-tmpl/vivado/vivado_proj.sim/sim_1/behav/xsim/add_loop.coe'
INFO: [USF-XSim-97] Finding global include files...
INFO: [USF-XSim-98] Fetching design files from 'sim_1'...
INFO: [USF-XSim-2] XSim::Compile design
INFO: [USF-XSim-61] Executing 'COMPILE and ANALYZE' step in 'D:/Vivado/code/SME309-RISCV-tmpl/vivado/vivado_proj.sim/sim_1/behav/xsim'
"xvlog --incr --relax -prj tb_Top_vlog.prj"
INFO: [VRFC 10-2263] Analyzing Verilog file "D:/Vivado/code/SME309-RISCV-tmpl/vivado/vivado_proj.srcs/sources_1/ip/DRAM/sim/DRAM.v" into library xil_defaultlib
INFO: [VRFC 10-311] analyzing module DRAM
INFO: [VRFC 10-2263] Analyzing Verilog file "D:/Vivado/code/SME309-RISCV-tmpl/vivado/vivado_proj.srcs/sources_1/ip/IROM/sim/IROM.v" into library xil_defaultlib
INFO: [VRFC 10-311] analyzing module IROM
INFO: [VRFC 10-2263] Analyzing Verilog file "D:/Vivado/code/SME309-RISCV-tmpl/vivado/vivado_proj.srcs/sources_1/ip/pll/pll_clk_wiz.v" into library xil_defaultlib
INFO: [VRFC 10-311] analyzing module pll_clk_wiz
INFO: [VRFC 10-2263] Analyzing Verilog file "D:/Vivado/code/SME309-RISCV-tmpl/vivado/vivado_proj.srcs/sources_1/ip/pll/pll.v" into library xil_defaultlib
INFO: [VRFC 10-311] analyzing module pll
INFO: [VRFC 10-2263] Analyzing Verilog file "D:/Vivado/code/SME309-RISCV-tmpl/vivado/vivado_proj.srcs/sources_1/new/Alu.v" into library xil_defaultlib
INFO: [VRFC 10-311] analyzing module Alu
INFO: [VRFC 10-2263] Analyzing Verilog file "D:/Vivado/code/SME309-RISCV-tmpl/rtl/cpu/CPU_TOP.v" into library xil_defaultlib
INFO: [VRFC 10-311] analyzing module CPU
INFO: [VRFC 10-2263] Analyzing Verilog file "D:/Vivado/code/SME309-RISCV-tmpl/vivado/vivado_proj.srcs/sources_1/new/Control.v" into library xil_defaultlib
INFO: [VRFC 10-311] analyzing module Control
WARNING: [VRFC 10-2502] extra semicolon in $unit (global) scope [D:/Vivado/code/SME309-RISCV-tmpl/vivado/vivado_proj.srcs/sources_1/new/Control.v:279]
INFO: [VRFC 10-2263] Analyzing Verilog file "D:/Vivado/code/SME309-RISCV-tmpl/vivado/vivado_proj.srcs/sources_1/new/Decoder.v" into library xil_defaultlib
INFO: [VRFC 10-311] analyzing module Decoder
WARNING: [VRFC 10-2502] extra semicolon in $unit (global) scope [D:/Vivado/code/SME309-RISCV-tmpl/vivado/vivado_proj.srcs/sources_1/new/Decoder.v:19]
INFO: [VRFC 10-2263] Analyzing Verilog file "D:/Vivado/code/SME309-RISCV-tmpl/vivado/vivado_proj.srcs/sources_1/new/Extend.v" into library xil_defaultlib
INFO: [VRFC 10-311] analyzing module Extend
WARNING: [VRFC 10-2502] extra semicolon in $unit (global) scope [D:/Vivado/code/SME309-RISCV-tmpl/vivado/vivado_proj.srcs/sources_1/new/Extend.v:37]
INFO: [VRFC 10-2263] Analyzing Verilog file "D:/Vivado/code/SME309-RISCV-tmpl/vivado/vivado_proj.srcs/sources_1/new/Memdata.v" into library xil_defaultlib
INFO: [VRFC 10-311] analyzing module Memdata
INFO: [VRFC 10-2263] Analyzing Verilog file "D:/Vivado/code/SME309-RISCV-tmpl/vivado/vivado_proj.srcs/sources_1/new/ProgramCounter.v" into library xil_defaultlib
INFO: [VRFC 10-311] analyzing module ProgramCounter
INFO: [VRFC 10-2263] Analyzing Verilog file "D:/Vivado/code/SME309-RISCV-tmpl/vivado/vivado_proj.srcs/sources_1/new/RegisterFile.v" into library xil_defaultlib
INFO: [VRFC 10-311] analyzing module RegisterFile
INFO: [VRFC 10-2263] Analyzing Verilog file "D:/Vivado/code/SME309-RISCV-tmpl/rtl/benchmark.v" into library xil_defaultlib
WARNING: [VRFC 10-998] macro MEM_ADDR_START redefined [../../../../../rtl/define.v:6]
WARNING: [VRFC 10-998] macro MEM_ADDR_END redefined [../../../../../rtl/define.v:7]
INFO: [VRFC 10-311] analyzing module benchmark
INFO: [VRFC 10-2263] Analyzing Verilog file "D:/Vivado/code/SME309-RISCV-tmpl/rtl/dram_driver.v" into library xil_defaultlib
INFO: [VRFC 10-311] analyzing module dram_driver
INFO: [VRFC 10-2263] Analyzing Verilog file "D:/Vivado/code/SME309-RISCV-tmpl/rtl/seven_seg.v" into library xil_defaultlib
INFO: [VRFC 10-311] analyzing module seven_seg
INFO: [VRFC 10-2263] Analyzing Verilog file "D:/Vivado/code/SME309-RISCV-tmpl/vivado/top.v" into library xil_defaultlib
INFO: [VRFC 10-311] analyzing module top
INFO: [VRFC 10-2263] Analyzing Verilog file "D:/Vivado/code/SME309-RISCV-tmpl/sim/tb_top.v" into library xil_defaultlib
INFO: [VRFC 10-311] analyzing module tb_Top
INFO: [USF-XSim-69] 'compile' step finished in '1' seconds
launch_simulation: Time (s): cpu = 00:00:01 ; elapsed = 00:00:05 . Memory (MB): peak = 1349.562 ; gain = 0.000
INFO: [Vivado 12-5698] Checking validity of IPs in the design for the 'XSim' simulator...
INFO: [Vivado 12-5682] Launching behavioral simulation in 'D:/Vivado/code/SME309-RISCV-tmpl/vivado/vivado_proj.sim/sim_1/behav/xsim'
INFO: [Vivado 12-4795] Using compiled simulation libraries for IPs
INFO: [USF-XSim-3] XSim::Elaborate design
INFO: [USF-XSim-61] Executing 'ELABORATE' step in 'D:/Vivado/code/SME309-RISCV-tmpl/vivado/vivado_proj.sim/sim_1/behav/xsim'
Vivado Simulator 2017.4
Copyright 1986-1999, 2001-2016 Xilinx, Inc. All Rights Reserved.
Running: D:/Vivado/Vivado/2017.4/bin/unwrapped/win64.o/xelab.exe -wto 3e6eff3e2d4a4c50a15ac3f36e4eed88 --incr --debug typical --relax --mt 2 -L blk_mem_gen_v8_4_1 -L xil_defaultlib -L dist_mem_gen_v8_0_12 -L unisims_ver -L unimacro_ver -L secureip -L xpm --snapshot tb_Top_behav xil_defaultlib.tb_Top xil_defaultlib.glbl -log elaborate.log 
Using 2 slave threads.
Starting static elaboration
WARNING: [VRFC 10-278] actual bit length 32 differs from formal bit length 10 for port a [D:/Vivado/code/SME309-RISCV-tmpl/rtl/benchmark.v:47]
WARNING: [VRFC 10-1783] select index 62 into current_contents is out of bounds [/wrk/2017.4/nightly/2017_12_15_2086221/packages/customer/vivado/data/ip/xilinx/blk_mem_gen_v8_4/simulation/blk_mem_gen_v8_4.v:2420]
Completed static elaboration
Starting simulation data flow analysis
Completed simulation data flow analysis
Time Resolution for simulation is 1ps
Compiling module unisims_ver.IBUF
Compiling module unisims_ver.PLLE2_ADV(CLKFBOUT_MULT=17,CLKIN...
Compiling module unisims_ver.BUFG
Compiling module xil_defaultlib.pll_clk_wiz
Compiling module xil_defaultlib.pll
Compiling module xil_defaultlib.Decoder
Compiling module xil_defaultlib.Control
Compiling module xil_defaultlib.Extend
Compiling module xil_defaultlib.RegisterFile
Compiling module xil_defaultlib.Alu
Compiling module xil_defaultlib.ProgramCounter
Compiling module xil_defaultlib.Memdata
Compiling module xil_defaultlib.CPU
Compiling module dist_mem_gen_v8_0_12.dist_mem_gen_v8_0_12(C_FAMILY="a...
Compiling module xil_defaultlib.IROM
Compiling module blk_mem_gen_v8_4_1.blk_mem_gen_v8_4_1_output_stage(...
Compiling module blk_mem_gen_v8_4_1.blk_mem_gen_v8_4_1_output_stage(...
Compiling module blk_mem_gen_v8_4_1.blk_mem_gen_v8_4_1_softecc_outpu...
Compiling module blk_mem_gen_v8_4_1.blk_mem_gen_v8_4_1_mem_module(C_...
Compiling module blk_mem_gen_v8_4_1.blk_mem_gen_v8_4_1(C_FAMILY="art...
Compiling module xil_defaultlib.DRAM
Compiling module xil_defaultlib.dram_driver
Compiling module xil_defaultlib.seven_seg
Compiling module xil_defaultlib.benchmark
Compiling module xil_defaultlib.top
Compiling module xil_defaultlib.tb_Top
Compiling module xil_defaultlib.glbl
Built simulation snapshot tb_Top_behav
INFO: [USF-XSim-69] 'elaborate' step finished in '3' seconds
Vivado Simulator 2017.4
Time resolution is 1 ps
WARNING: This core is supplied with a behavioral model. To model cycle-accurate behavior you must run timing simulation.
 Block Memory Generator module loading initial data...
 Block Memory Generator data initialization complete.
Block Memory Generator module tb_Top.dut.u_benchmark.dram_driver_inst.Mem_DRAM.inst.native_mem_module.blk_mem_gen_v8_4_1_inst is using a behavioral model for simulation which will not precisely model memory collision behavior.
save to testbench.wave
Warning : input CLKIN1 period and attribute CLKIN1_PERIOD on PLLE2_ADV instance tb_Top.dut.pll_inst.inst.plle2_adv_inst are not same.
relaunch_sim: Time (s): cpu = 00:00:01 ; elapsed = 00:00:11 . Memory (MB): peak = 1349.562 ; gain = 0.000
run all
$finish called at time : 100010 ns : File "D:/Vivado/code/SME309-RISCV-tmpl/sim/tb_top.v" Line 32
run: Time (s): cpu = 00:00:05 ; elapsed = 00:00:13 . Memory (MB): peak = 1349.562 ; gain = 0.000
run all
$finish called at time : 100511 ns : File "D:/Vivado/code/SME309-RISCV-tmpl/sim/tb_top.v" Line 51
run all
run: Time (s): cpu = 00:00:11 ; elapsed = 00:00:32 . Memory (MB): peak = 1349.562 ; gain = 0.000
WARNING: [IP_Flow 19-4067] Ignoring invalid widget type specified checkbox.Providing a default widget
WARNING: [IP_Flow 19-4067] Ignoring invalid widget type specified checkbox.Providing a default widget
relaunch_sim
INFO: [Vivado 12-5698] Checking validity of IPs in the design for the 'XSim' simulator...
INFO: [Vivado 12-5682] Launching behavioral simulation in 'D:/Vivado/code/SME309-RISCV-tmpl/vivado/vivado_proj.sim/sim_1/behav/xsim'
INFO: [Vivado 12-4795] Using compiled simulation libraries for IPs
INFO: [SIM-utils-51] Simulation object is 'sim_1'
INFO: [USF-XSim-7] Finding pre-compiled libraries...
INFO: [USF-XSim-11] File 'D:/Vivado/Vivado/2017.4/data/xsim/ip/xsim_ip.ini' copied to run dir:'D:/Vivado/code/SME309-RISCV-tmpl/vivado/vivado_proj.sim/sim_1/behav/xsim'
INFO: [SIM-utils-54] Inspecting design source files for 'tb_Top' in fileset 'sim_1'...
INFO: [SIM-utils-43] Exported 'D:/Vivado/code/SME309-RISCV-tmpl/vivado/vivado_proj.sim/sim_1/behav/xsim/DRAM.mif'
INFO: [SIM-utils-43] Exported 'D:/Vivado/code/SME309-RISCV-tmpl/vivado/vivado_proj.sim/sim_1/behav/xsim/all_test_case.coe'
INFO: [SIM-utils-43] Exported 'D:/Vivado/code/SME309-RISCV-tmpl/vivado/vivado_proj.sim/sim_1/behav/xsim/IROM.mif'
INFO: [SIM-utils-43] Exported 'D:/Vivado/code/SME309-RISCV-tmpl/vivado/vivado_proj.sim/sim_1/behav/xsim/all_test.coe'
INFO: [SIM-utils-43] Exported 'D:/Vivado/code/SME309-RISCV-tmpl/vivado/vivado_proj.sim/sim_1/behav/xsim/add_loop.coe'
INFO: [USF-XSim-97] Finding global include files...
INFO: [USF-XSim-98] Fetching design files from 'sim_1'...
INFO: [USF-XSim-2] XSim::Compile design
INFO: [USF-XSim-61] Executing 'COMPILE and ANALYZE' step in 'D:/Vivado/code/SME309-RISCV-tmpl/vivado/vivado_proj.sim/sim_1/behav/xsim'
"xvlog --incr --relax -prj tb_Top_vlog.prj"
INFO: [USF-XSim-69] 'compile' step finished in '2' seconds
INFO: [Vivado 12-5698] Checking validity of IPs in the design for the 'XSim' simulator...
INFO: [Vivado 12-5682] Launching behavioral simulation in 'D:/Vivado/code/SME309-RISCV-tmpl/vivado/vivado_proj.sim/sim_1/behav/xsim'
INFO: [Vivado 12-4795] Using compiled simulation libraries for IPs
INFO: [USF-XSim-3] XSim::Elaborate design
INFO: [USF-XSim-61] Executing 'ELABORATE' step in 'D:/Vivado/code/SME309-RISCV-tmpl/vivado/vivado_proj.sim/sim_1/behav/xsim'
Vivado Simulator 2017.4
Copyright 1986-1999, 2001-2016 Xilinx, Inc. All Rights Reserved.
Running: D:/Vivado/Vivado/2017.4/bin/unwrapped/win64.o/xelab.exe -wto 3e6eff3e2d4a4c50a15ac3f36e4eed88 --incr --debug typical --relax --mt 2 -L blk_mem_gen_v8_4_1 -L xil_defaultlib -L dist_mem_gen_v8_0_12 -L unisims_ver -L unimacro_ver -L secureip -L xpm --snapshot tb_Top_behav xil_defaultlib.tb_Top xil_defaultlib.glbl -log elaborate.log 
Using 2 slave threads.
Starting static elaboration
WARNING: [VRFC 10-278] actual bit length 32 differs from formal bit length 10 for port a [D:/Vivado/code/SME309-RISCV-tmpl/rtl/benchmark.v:47]
WARNING: [VRFC 10-1783] select index 62 into current_contents is out of bounds [/wrk/2017.4/nightly/2017_12_15_2086221/packages/customer/vivado/data/ip/xilinx/blk_mem_gen_v8_4/simulation/blk_mem_gen_v8_4.v:2420]
Completed static elaboration
INFO: [XSIM 43-4323] No Change in HDL. Linking previously generated obj files to create kernel
INFO: [USF-XSim-69] 'elaborate' step finished in '3' seconds
Vivado Simulator 2017.4
Time resolution is 1 ps
WARNING: This core is supplied with a behavioral model. To model cycle-accurate behavior you must run timing simulation.
 Block Memory Generator module loading initial data...
 Block Memory Generator data initialization complete.
Block Memory Generator module tb_Top.dut.u_benchmark.dram_driver_inst.Mem_DRAM.inst.native_mem_module.blk_mem_gen_v8_4_1_inst is using a behavioral model for simulation which will not precisely model memory collision behavior.
save to testbench.wave
Warning : input CLKIN1 period and attribute CLKIN1_PERIOD on PLLE2_ADV instance tb_Top.dut.pll_inst.inst.plle2_adv_inst are not same.
relaunch_sim: Time (s): cpu = 00:00:02 ; elapsed = 00:00:10 . Memory (MB): peak = 1373.906 ; gain = 0.000
run 10 us
run 10 us
relaunch_sim
INFO: [Vivado 12-5698] Checking validity of IPs in the design for the 'XSim' simulator...
INFO: [Vivado 12-5682] Launching behavioral simulation in 'D:/Vivado/code/SME309-RISCV-tmpl/vivado/vivado_proj.sim/sim_1/behav/xsim'
INFO: [Vivado 12-4795] Using compiled simulation libraries for IPs
INFO: [SIM-utils-51] Simulation object is 'sim_1'
INFO: [USF-XSim-7] Finding pre-compiled libraries...
INFO: [USF-XSim-11] File 'D:/Vivado/Vivado/2017.4/data/xsim/ip/xsim_ip.ini' copied to run dir:'D:/Vivado/code/SME309-RISCV-tmpl/vivado/vivado_proj.sim/sim_1/behav/xsim'
INFO: [SIM-utils-54] Inspecting design source files for 'tb_Top' in fileset 'sim_1'...
INFO: [SIM-utils-43] Exported 'D:/Vivado/code/SME309-RISCV-tmpl/vivado/vivado_proj.sim/sim_1/behav/xsim/DRAM.mif'
INFO: [SIM-utils-43] Exported 'D:/Vivado/code/SME309-RISCV-tmpl/vivado/vivado_proj.sim/sim_1/behav/xsim/all_test_case.coe'
INFO: [SIM-utils-43] Exported 'D:/Vivado/code/SME309-RISCV-tmpl/vivado/vivado_proj.sim/sim_1/behav/xsim/IROM.mif'
INFO: [SIM-utils-43] Exported 'D:/Vivado/code/SME309-RISCV-tmpl/vivado/vivado_proj.sim/sim_1/behav/xsim/all_test.coe'
INFO: [SIM-utils-43] Exported 'D:/Vivado/code/SME309-RISCV-tmpl/vivado/vivado_proj.sim/sim_1/behav/xsim/add_loop.coe'
INFO: [USF-XSim-97] Finding global include files...
INFO: [USF-XSim-98] Fetching design files from 'sim_1'...
INFO: [USF-XSim-2] XSim::Compile design
INFO: [USF-XSim-61] Executing 'COMPILE and ANALYZE' step in 'D:/Vivado/code/SME309-RISCV-tmpl/vivado/vivado_proj.sim/sim_1/behav/xsim'
"xvlog --incr --relax -prj tb_Top_vlog.prj"
INFO: [USF-XSim-69] 'compile' step finished in '2' seconds
INFO: [Vivado 12-5698] Checking validity of IPs in the design for the 'XSim' simulator...
INFO: [Vivado 12-5682] Launching behavioral simulation in 'D:/Vivado/code/SME309-RISCV-tmpl/vivado/vivado_proj.sim/sim_1/behav/xsim'
INFO: [Vivado 12-4795] Using compiled simulation libraries for IPs
INFO: [USF-XSim-3] XSim::Elaborate design
INFO: [USF-XSim-61] Executing 'ELABORATE' step in 'D:/Vivado/code/SME309-RISCV-tmpl/vivado/vivado_proj.sim/sim_1/behav/xsim'
Vivado Simulator 2017.4
Copyright 1986-1999, 2001-2016 Xilinx, Inc. All Rights Reserved.
Running: D:/Vivado/Vivado/2017.4/bin/unwrapped/win64.o/xelab.exe -wto 3e6eff3e2d4a4c50a15ac3f36e4eed88 --incr --debug typical --relax --mt 2 -L blk_mem_gen_v8_4_1 -L xil_defaultlib -L dist_mem_gen_v8_0_12 -L unisims_ver -L unimacro_ver -L secureip -L xpm --snapshot tb_Top_behav xil_defaultlib.tb_Top xil_defaultlib.glbl -log elaborate.log 
Using 2 slave threads.
Starting static elaboration
WARNING: [VRFC 10-278] actual bit length 32 differs from formal bit length 10 for port a [D:/Vivado/code/SME309-RISCV-tmpl/rtl/benchmark.v:47]
WARNING: [VRFC 10-1783] select index 62 into current_contents is out of bounds [/wrk/2017.4/nightly/2017_12_15_2086221/packages/customer/vivado/data/ip/xilinx/blk_mem_gen_v8_4/simulation/blk_mem_gen_v8_4.v:2420]
Completed static elaboration
INFO: [XSIM 43-4323] No Change in HDL. Linking previously generated obj files to create kernel
INFO: [USF-XSim-69] 'elaborate' step finished in '2' seconds
Vivado Simulator 2017.4
Time resolution is 1 ps
WARNING: This core is supplied with a behavioral model. To model cycle-accurate behavior you must run timing simulation.
 Block Memory Generator module loading initial data...
 Block Memory Generator data initialization complete.
Block Memory Generator module tb_Top.dut.u_benchmark.dram_driver_inst.Mem_DRAM.inst.native_mem_module.blk_mem_gen_v8_4_1_inst is using a behavioral model for simulation which will not precisely model memory collision behavior.
save to testbench.wave
Warning : input CLKIN1 period and attribute CLKIN1_PERIOD on PLLE2_ADV instance tb_Top.dut.pll_inst.inst.plle2_adv_inst are not same.
relaunch_sim: Time (s): cpu = 00:00:02 ; elapsed = 00:00:07 . Memory (MB): peak = 1373.906 ; gain = 0.000
run 10 us
run 10 us
run 10 us
run 10 us
run 10 us
run 10 us
run 10 us
run 10 us
run 10 us
run 10 us
$finish called at time : 100010 ns : File "D:/Vivado/code/SME309-RISCV-tmpl/sim/tb_top.v" Line 32
run 1000 us
$finish called at time : 100511 ns : File "D:/Vivado/code/SME309-RISCV-tmpl/sim/tb_top.v" Line 51
run 1000 us
run: Time (s): cpu = 00:00:12 ; elapsed = 00:00:43 . Memory (MB): peak = 1373.906 ; gain = 0.000
run 1000 us
run: Time (s): cpu = 00:00:43 ; elapsed = 00:02:04 . Memory (MB): peak = 1373.906 ; gain = 0.000
run 1000 us
run all
run: Time (s): cpu = 00:03:58 ; elapsed = 00:09:54 . Memory (MB): peak = 1373.906 ; gain = 0.000
close_sim
INFO: [Simtcl 6-16] Simulation closed
close_sim: Time (s): cpu = 00:00:03 ; elapsed = 00:00:12 . Memory (MB): peak = 1373.906 ; gain = 0.000
close_sim
INFO: [Simtcl 6-16] Simulation closed
close_sim: Time (s): cpu = 00:00:00 ; elapsed = 00:00:05 . Memory (MB): peak = 1373.906 ; gain = 0.000
exit
INFO: [Common 17-206] Exiting Vivado at Wed Dec 24 21:54:02 2025...
